ic,name,direction,level,key,families,layer,n_units,own_diff,own_ci_lo,own_ci_hi,placebo_clean
N-Q-MNSP1,Directlink,forward,K2,CA_BRIS_5667C22F,CA_BRIS_5667C22F,near,88,0.0,0.0,0.0,True
N-Q-MNSP1,Directlink,reverse,K2,CA_BRIS_5667C22F,CA_BRIS_5667C22F,near,88,0.0,0.0,0.0,True
N-Q-MNSP1,Directlink,forward,K2,CA_BRIS_593C7214,CA_BRIS_593C7214,near,10,0.0,0.0,0.0,True
N-Q-MNSP1,Directlink,reverse,K2,CA_BRIS_593C7214,CA_BRIS_593C7214,near,10,0.0,0.0,0.0,True
N-Q-MNSP1,Directlink,forward,K2,CA_BRIS_59712B29,CA_BRIS_59712B29,near,110,0.0,0.0,0.0,True
N-Q-MNSP1,Directlink,reverse,K2,CA_BRIS_59712B29,CA_BRIS_59712B29,near,110,0.0,0.0,0.0,True
N-Q-MNSP1,Directlink,forward,K2,CA_SYDS_57B55E34,CA_SYDS_57B55E34,near,82,0.0,0.0,0.0,True
N-Q-MNSP1,Directlink,reverse,K2,CA_SYDS_57B55E34,CA_SYDS_57B55E34,near,82,0.0,0.0,0.0,True
N-Q-MNSP1,Directlink,forward,K2,CA_SYDS_59839EB2,CA_SYDS_59839EB2,near,110,0.0,0.0,0.0,True
N-Q-MNSP1,Directlink,reverse,K2,CA_SYDS_59839EB2,CA_SYDS_59839EB2,near,110,0.0,0.0,0.0,True
N-Q-MNSP1,Directlink,forward,K2,N-96L_96R_CB4102,N-96L_96R_CB4102,near,2180,-0.00109072375127421,-0.002215192070436449,-0.00025729126211548566,False
N-Q-MNSP1,Directlink,reverse,K2,N-96L_96R_CB4102,N-96L_96R_CB4102,near,2180,0.0,0.0,0.0,True
N-Q-MNSP1,Directlink,forward,K2,N-ARTW_86,N-ARTW_86,near,920,0.0074275362318840564,-0.00039494470774091627,0.02194686426309063,True
N-Q-MNSP1,Directlink,reverse,K2,N-ARTW_86,N-ARTW_86,near,920,0.0,0.0,0.0,True
N-Q-MNSP1,Directlink,forward,K2,N-AVMA_17,N-AVMA_17,near,2508,0.0,0.0,0.0,True
N-Q-MNSP1,Directlink,reverse,K2,N-AVMA_17,N-AVMA_17,near,2508,0.0,0.0,0.0,True
N-Q-MNSP1,Directlink,forward,K2,N-CHKS_ONE,N-CHKS_ONE,near,553,0.0,0.0,0.0,True
N-Q-MNSP1,Directlink,reverse,K2,N-CHKS_ONE,N-CHKS_ONE,near,553,0.0,0.0,0.0,True
N-Q-MNSP1,Directlink,forward,K2,N-DTMN_8_15M,N-DTMN_8_15M,near,1425,0.0,0.0,0.0,True
N-Q-MNSP1,Directlink,reverse,K2,N-DTMN_8_15M,N-DTMN_8_15M,near,1425,0.0,0.0,0.0,True
N-Q-MNSP1,Directlink,forward,K2,N-LDTM_82,N-LDTM_82,near,2024,0.0,0.0,0.0,True
N-Q-MNSP1,Directlink,reverse,K2,N-LDTM_82,N-LDTM_82,near,2024,0.0,0.0,0.0,True
N-Q-MNSP1,Directlink,forward,K2,N-LDTW_84,N-LDTW_84,near,563,0.0,0.0,0.0,True
N-Q-MNSP1,Directlink,reverse,K2,N-LDTW_84,N-LDTW_84,near,563,0.0,0.0,0.0,True
N-Q-MNSP1,Directlink,forward,K2,N-TWUL_85,N-TWUL_85,near,770,0.01861471861471861,0.0,0.0454919203054043,True
N-Q-MNSP1,Directlink,reverse,K2,N-TWUL_85,N-TWUL_85,near,770,0.0,0.0,0.0,True
N-Q-MNSP1,Directlink,forward,K2,N-X_10+76,N-X_10+76,near,10,0.0,0.0,0.0,True
N-Q-MNSP1,Directlink,reverse,K2,N-X_10+76,N-X_10+76,near,10,0.0,0.0,0.0,True
N-Q-MNSP1,Directlink,forward,K2,N-X_4+17_WG_CLOSE,N-X_4+17_WG_CLOSE,near,287,0.0,0.0,0.0,True
N-Q-MNSP1,Directlink,reverse,K2,N-X_4+17_WG_CLOSE,N-X_4+17_WG_CLOSE,near,287,0.0005807200929152149,0.0,0.0019922310756972108,True
N-Q-MNSP1,Directlink,forward,K2,N-X_96T+9UG+9U2,N-X_96T+9UG+9U2,near,64,0.0,0.0,0.0,True
N-Q-MNSP1,Directlink,reverse,K2,N-X_96T+9UG+9U2,N-X_96T+9UG+9U2,near,64,0.0,0.0,0.0,True
N-Q-MNSP1,Directlink,forward,K2,N-X_9U6_9G2,N-X_9U6_9G2,near,153,0.0,0.0,0.0,True
N-Q-MNSP1,Directlink,reverse,K2,N-X_9U6_9G2,N-X_9U6_9G2,near,153,0.0,0.0,0.0,True
N-Q-MNSP1,Directlink,forward,K2,N-X_ARKK_CH_CB892A,N-X_ARKK_CH_CB892A,near,437,0.0,0.0,0.0,True
N-Q-MNSP1,Directlink,reverse,K2,N-X_ARKK_CH_CB892A,N-X_ARKK_CH_CB892A,near,437,0.0,0.0,0.0,True
N-Q-MNSP1,Directlink,forward,K2,N-X_AVMA_KCTX,N-X_AVMA_KCTX,near,133,0.0,0.0,0.0,True
N-Q-MNSP1,Directlink,reverse,K2,N-X_AVMA_KCTX,N-X_AVMA_KCTX,near,133,0.0,0.0,0.0,True
N-Q-MNSP1,Directlink,forward,K2,N-X_AVMA_SSWW,N-X_AVMA_SSWW,near,339,0.0,0.0,0.0,True
N-Q-MNSP1,Directlink,reverse,K2,N-X_AVMA_SSWW,N-X_AVMA_SSWW,near,339,0.0,0.0,0.0,True
N-Q-MNSP1,Directlink,forward,K2,N-X_KCTX_LDTM,N-X_KCTX_LDTM,near,46,0.0,0.0,0.0,True
N-Q-MNSP1,Directlink,reverse,K2,N-X_KCTX_LDTM,N-X_KCTX_LDTM,near,46,-0.17983091787439615,-0.3596618357487923,0.0,True
N-Q-MNSP1,Directlink,forward,K2,N-X_LPSS_MPWW,N-X_LPSS_MPWW,near,854,0.0,0.0,0.0,True
N-Q-MNSP1,Directlink,reverse,K2,N-X_LPSS_MPWW,N-X_LPSS_MPWW,near,854,0.0,0.0,0.0,True
N-Q-MNSP1,Directlink,forward,K2,Q-BKBM,Q-BKBM,near,1186,0.0,0.0,0.0,True
N-Q-MNSP1,Directlink,reverse,K2,Q-BKBM,Q-BKBM,near,1186,0.0,0.0,0.0,True
N-Q-MNSP1,Directlink,forward,K2,Q-GBMU_835_836,Q-GBMU_835_836,near,2060,0.0,0.0,0.0,True
N-Q-MNSP1,Directlink,reverse,K2,Q-GBMU_835_836,Q-GBMU_835_836,near,2060,0.0,0.0,0.0,True
N-Q-MNSP1,Directlink,forward,K2,Q-LCCP_8859,Q-LCCP_8859,near,333,0.0,0.0,0.0,True
N-Q-MNSP1,Directlink,reverse,K2,Q-LCCP_8859,Q-LCCP_8859,near,333,0.0,0.0,0.0,True
N-Q-MNSP1,Directlink,forward,K2,Q-RGLC_8875,Q-RGLC_8875,near,425,0.0,0.0,0.0,True
N-Q-MNSP1,Directlink,reverse,K2,Q-RGLC_8875,Q-RGLC_8875,near,425,0.0,0.0,0.0,True
NSW1-QLD1,QNI,forward,K2,CA_BRIS_569B1432,CA_BRIS_569B1432,near,14,0.0,0.0,0.0,True
NSW1-QLD1,QNI,reverse,K2,CA_BRIS_569B1432,CA_BRIS_569B1432,near,14,0.0,0.0,0.0,True
NSW1-QLD1,QNI,forward,K2,CA_BRIS_59712B29,CA_BRIS_59712B29,near,110,0.0,0.0,0.0,True
NSW1-QLD1,QNI,reverse,K2,CA_BRIS_59712B29,CA_BRIS_59712B29,near,110,0.0,0.0,0.0,True
NSW1-QLD1,QNI,forward,K2,CA_SYDS_59839EB2,CA_SYDS_59839EB2,near,110,0.0,0.0,0.0,True
NSW1-QLD1,QNI,reverse,K2,CA_SYDS_59839EB2,CA_SYDS_59839EB2,near,110,0.0,0.0,0.0,True
NSW1-QLD1,QNI,forward,K2,I-BCDM_ONE,I-BCDM_ONE,near,42,0.0,0.0,0.0,True
NSW1-QLD1,QNI,reverse,K2,I-BCDM_ONE,I-BCDM_ONE,near,42,-0.05634920634920635,-0.12417162698412698,0.026666666666666665,True
NSW1-QLD1,QNI,forward,K2,N-ARDM_8C,N-ARDM_8C,near,2568,-0.0001687435098650052,-0.00043845301450487007,0.0,True
NSW1-QLD1,QNI,reverse,K2,N-ARDM_8C,N-ARDM_8C,near,2568,0.03187629802699896,0.0062185410304974684,0.06592024470724271,False
NSW1-QLD1,QNI,forward,K2,N-ARKS_965,N-ARKS_965,near,297,0.0,0.0,0.0,True
NSW1-QLD1,QNI,reverse,K2,N-ARKS_965,N-ARKS_965,near,297,0.0,0.0,0.0,True
NSW1-QLD1,QNI,forward,K2,N-ARSR_8E,N-ARSR_8E,near,1071,0.0,0.0,0.0,True
NSW1-QLD1,QNI,reverse,K2,N-ARSR_8E,N-ARSR_8E,near,1071,-0.061738769581906834,-0.10580599527729265,-0.022892900488312985,False
NSW1-QLD1,QNI,forward,K2,N-ARTW_86,N-ARTW_86,near,917,0.006797528171573972,-0.0018277364638163832,0.0215773038455447,True
NSW1-QLD1,QNI,reverse,K2,N-ARTW_86,N-ARTW_86,near,917,0.0,0.0,0.0,True
NSW1-QLD1,QNI,forward,K2,N-AVMA_17,N-AVMA_17,near,2430,0.0,0.0,0.0,True
NSW1-QLD1,QNI,reverse,K2,N-AVMA_17,N-AVMA_17,near,2430,0.0,0.0,0.0,True
NSW1-QLD1,QNI,forward,K2,N-CHKS_ONE,N-CHKS_ONE,near,561,0.0,0.0,0.0,True
NSW1-QLD1,QNI,reverse,K2,N-CHKS_ONE,N-CHKS_ONE,near,561,0.0,0.0,0.0,True
NSW1-QLD1,QNI,forward,K2,N-DMSR_8J,N-DMSR_8J,near,786,0.004664970313825276,0.0,0.016243509290020917,True
NSW1-QLD1,QNI,reverse,K2,N-DMSR_8J,N-DMSR_8J,near,786,0.020900480633305057,-0.011843867927497507,0.06561374351305148,True
NSW1-QLD1,QNI,forward,K2,N-DTMN_8_15M,N-DTMN_8_15M,near,1305,0.0,0.0,0.0,True
NSW1-QLD1,QNI,reverse,K2,N-DTMN_8_15M,N-DTMN_8_15M,near,1305,0.0,0.0,0.0,True
NSW1-QLD1,QNI,forward,K2,N-DTSS_11,N-DTSS_11,near,1477,0.0,0.0,0.0,True
NSW1-QLD1,QNI,reverse,K2,N-DTSS_11,N-DTSS_11,near,1477,0.0,0.0,0.0,True
NSW1-QLD1,QNI,forward,K2,N-LDTM_82,N-LDTM_82,near,2085,0.0,0.0,0.0,True
NSW1-QLD1,QNI,reverse,K2,N-LDTM_82,N-LDTM_82,near,2085,0.0,0.0,0.0,True
NSW1-QLD1,QNI,forward,K2,N-LDTW_84,N-LDTW_84,near,552,0.0,0.0,0.0,True
NSW1-QLD1,QNI,reverse,K2,N-LDTW_84,N-LDTW_84,near,552,0.0,0.0,0.0,True
NSW1-QLD1,QNI,forward,K2,N-MA_CB172A,N-MA_CB172A,near,480,0.0,0.0,0.0,True
NSW1-QLD1,QNI,reverse,K2,N-MA_CB172A,N-MA_CB172A,near,480,0.0,0.0,0.0,True
NSW1-QLD1,QNI,forward,K2,N-MPWW_ONE,N-MPWW_ONE,near,770,0.0,0.0,0.0,True
NSW1-QLD1,QNI,reverse,K2,N-MPWW_ONE,N-MPWW_ONE,near,770,0.0,0.0,0.0,True
NSW1-QLD1,QNI,forward,K2,N-TWUL_85,N-TWUL_85,near,664,0.021586345381526102,0.0,0.0513347861755696,True
NSW1-QLD1,QNI,reverse,K2,N-TWUL_85,N-TWUL_85,near,664,0.0,0.0,0.0,True
NSW1-QLD1,QNI,forward,K2,N-X_10+76,N-X_10+76,near,9,0.0,0.0,0.0,True
NSW1-QLD1,QNI,reverse,K2,N-X_10+76,N-X_10+76,near,9,0.0,0.0,0.0,True
NSW1-QLD1,QNI,forward,K2,N-X_3L+11_WG_CLOSE,N-X_3L+11_WG_CLOSE,near,289,0.0,0.0,0.0,True
NSW1-QLD1,QNI,reverse,K2,N-X_3L+11_WG_CLOSE,N-X_3L+11_WG_CLOSE,near,289,0.0,0.0,0.0,True
NSW1-QLD1,QNI,forward,K2,N-X_4+17_WG_CLOSE,N-X_4+17_WG_CLOSE,near,288,0.0,0.0,0.0,True
NSW1-QLD1,QNI,reverse,K2,N-X_4+17_WG_CLOSE,N-X_4+17_WG_CLOSE,near,288,0.015625,0.0,0.04963235294117646,True
NSW1-QLD1,QNI,forward,K2,N-X_76_8,N-X_76_8,near,18,0.0,0.0,0.0,True
NSW1-QLD1,QNI,reverse,K2,N-X_76_8,N-X_76_8,near,18,0.0,0.0,0.0,True
NSW1-QLD1,QNI,forward,K2,N-X_8E+DM+TW+LS_SVC,N-X_8E+DM+TW+LS_SVC,near,106,0.0,0.0,0.0,True
NSW1-QLD1,QNI,reverse,K2,N-X_8E+DM+TW+LS_SVC,N-X_8E+DM+TW+LS_SVC,near,106,0.0,0.0,0.0,True
NSW1-QLD1,QNI,forward,K2,N-X_8U+DM+TW+LS_SVC,N-X_8U+DM+TW+LS_SVC,near,112,0.0,0.0,0.0,True
NSW1-QLD1,QNI,reverse,K2,N-X_8U+DM+TW+LS_SVC,N-X_8U+DM+TW+LS_SVC,near,112,0.0,0.0,0.0,True
NSW1-QLD1,QNI,forward,K2,N-X_AVMA_KCTX,N-X_AVMA_KCTX,near,132,0.0,0.0,0.0,True
NSW1-QLD1,QNI,reverse,K2,N-X_AVMA_KCTX,N-X_AVMA_KCTX,near,132,0.0,0.0,0.0,True
NSW1-QLD1,QNI,forward,K2,N-X_AVMA_SSWW,N-X_AVMA_SSWW,near,409,0.0,0.0,0.0,True
NSW1-QLD1,QNI,reverse,K2,N-X_AVMA_SSWW,N-X_AVMA_SSWW,near,409,0.0,0.0,0.0,True
NSW1-QLD1,QNI,forward,K2,N-X_BWWO_BWLD,N-X_BWWO_BWLD,near,134,0.0,0.0,0.0,True
NSW1-QLD1,QNI,reverse,K2,N-X_BWWO_BWLD,N-X_BWWO_BWLD,near,134,0.0,0.0,0.0,True
NSW1-QLD1,QNI,forward,K2,N-X_KCTX_LDTM,N-X_KCTX_LDTM,near,46,0.0,0.0,0.0,True
NSW1-QLD1,QNI,reverse,K2,N-X_KCTX_LDTM,N-X_KCTX_LDTM,near,46,-0.005797101449275371,-0.011594202898550732,0.0,True
NSW1-QLD1,QNI,forward,K2,N-X_LPSS_MPWW,N-X_LPSS_MPWW,near,596,0.0,0.0,0.0,True
NSW1-QLD1,QNI,reverse,K2,N-X_LPSS_MPWW,N-X_LPSS_MPWW,near,596,0.0,0.0,0.0,True
NSW1-QLD1,QNI,forward,K2,Q-BCCP_812,Q-BCCP_812,near,80,0.0,0.0,0.0,True
NSW1-QLD1,QNI,reverse,K2,Q-BCCP_812,Q-BCCP_812,near,80,0.0,0.0,0.0,True
NSW1-QLD1,QNI,forward,K2,Q-BKBM,Q-BKBM,near,1146,0.0,0.0,0.0,True
NSW1-QLD1,QNI,reverse,K2,Q-BKBM,Q-BKBM,near,1146,0.0,0.0,0.0,True
NSW1-QLD1,QNI,forward,K2,Q-BRTX1,Q-BRTX1,near,89,0.0,0.0,0.0,True
NSW1-QLD1,QNI,reverse,K2,Q-BRTX1,Q-BRTX1,near,89,0.0,0.0,0.0,True
NSW1-QLD1,QNI,forward,K2,Q-CPWO_813/1,Q-CPWO_813/1,near,1345,0.0,0.0,0.0,True
NSW1-QLD1,QNI,reverse,K2,Q-CPWO_813/1,Q-CPWO_813/1,near,1345,0.0,0.0,0.0,True
NSW1-QLD1,QNI,forward,K2,Q-LCCP_8859,Q-LCCP_8859,near,328,0.0,0.0,0.0,True
NSW1-QLD1,QNI,reverse,K2,Q-LCCP_8859,Q-LCCP_8859,near,328,0.0,0.0,0.0,True
NSW1-QLD1,QNI,forward,K2,Q-RGLC_8875,Q-RGLC_8875,near,530,0.0,0.0,0.0,True
NSW1-QLD1,QNI,reverse,K2,Q-RGLC_8875,Q-RGLC_8875,near,530,0.0,0.0,0.0,True
NSW1-QLD1,QNI,forward,K2,Q-X_BRHA_TWO,Q-X_BRHA_TWO,near,240,0.0,0.0,0.0,True
NSW1-QLD1,QNI,reverse,K2,Q-X_BRHA_TWO,Q-X_BRHA_TWO,near,240,0.0,0.0,0.0,True
NSW1-QLD1,QNI,forward,K2,Q-X_HACL_HATR,Q-X_HACL_HATR,near,487,0.0,0.0,0.0,True
NSW1-QLD1,QNI,reverse,K2,Q-X_HACL_HATR,Q-X_HACL_HATR,near,487,0.0,0.0,0.0,True
NSW1-QLD1,QNI,forward,K2,Q-X_HATR2+HA_275BUS,Q-X_HATR2+HA_275BUS,near,238,0.0,0.0,0.0,True
NSW1-QLD1,QNI,reverse,K2,Q-X_HATR2+HA_275BUS,Q-X_HATR2+HA_275BUS,near,238,0.0,0.0,0.0,True
NSW1-QLD1,QNI,forward,K2,Q-X_HATR3+HACL,Q-X_HATR3+HACL,near,32,0.0,0.0,0.0,True
NSW1-QLD1,QNI,reverse,K2,Q-X_HATR3+HACL,Q-X_HATR3+HACL,near,32,0.0,0.0,0.0,True
NSW1-QLD1,QNI,forward,K2,Q-X_HATR_TWO,Q-X_HATR_TWO,near,1115,0.0,0.0,0.0,True
NSW1-QLD1,QNI,reverse,K2,Q-X_HATR_TWO,Q-X_HATR_TWO,near,1115,0.0,0.0,0.0,True
NSW1-QLD1,QNI,forward,K2,Q-X_METR+BKSP,Q-X_METR+BKSP,near,11,0.0,0.0,0.0,True
NSW1-QLD1,QNI,reverse,K2,Q-X_METR+BKSP,Q-X_METR+BKSP,near,11,0.0,0.0,0.0,True
NSW1-QLD1,QNI,forward,K2,Q-X_METR+MESP,Q-X_METR+MESP,near,48,0.0,0.0,0.0,True
NSW1-QLD1,QNI,reverse,K2,Q-X_METR+MESP,Q-X_METR+MESP,near,48,0.0,0.0,0.0,True
NSW1-QLD1,QNI,forward,K2,Q-X_MRGB_MRGB,Q-X_MRGB_MRGB,near,134,0.0,0.0,0.0,True
NSW1-QLD1,QNI,reverse,K2,Q-X_MRGB_MRGB,Q-X_MRGB_MRGB,near,134,0.0,0.0,0.0,True
NSW1-QLD1,QNI,forward,K2,Q-X_WIDEBAY,Q-X_WIDEBAY,near,42,0.0,0.0,0.0,True
NSW1-QLD1,QNI,reverse,K2,Q-X_WIDEBAY,Q-X_WIDEBAY,near,42,0.0,0.0,0.0,True
NSW1-QLD1,QNI,forward,K2,Q-X_WIDEBAY_TWO,Q-X_WIDEBAY_TWO,near,56,0.0,0.0,0.0,True
NSW1-QLD1,QNI,reverse,K2,Q-X_WIDEBAY_TWO,Q-X_WIDEBAY_TWO,near,56,0.0,0.0,0.0,True
NSW1-QLD1,QNI,forward,K2,Q-X_WOSP_WOPW_O,Q-X_WOSP_WOPW_O,near,28,0.0,0.0,0.0,True
NSW1-QLD1,QNI,reverse,K2,Q-X_WOSP_WOPW_O,Q-X_WOSP_WOPW_O,near,28,0.0,0.0,0.0,True
T-V-MNSP1,Basslink,forward,K2,F-T-GO_CB_A752,F-T-GO_CB_A752,near,515,0.0,0.0,0.0,True
T-V-MNSP1,Basslink,reverse,K2,F-T-GO_CB_A752,F-T-GO_CB_A752,near,515,0.0,0.0,0.0,True
T-V-MNSP1,Basslink,forward,K2,N-JNWG_RADIAL,N-JNWG_RADIAL,near,585,0.0,0.0,0.0,True
T-V-MNSP1,Basslink,reverse,K2,N-JNWG_RADIAL,N-JNWG_RADIAL,near,585,0.0,0.0,0.0,True
T-V-MNSP1,Basslink,forward,K2,N-LDTW_84,N-LDTW_84,near,555,0.0,0.0,0.0,True
T-V-MNSP1,Basslink,reverse,K2,N-LDTW_84,N-LDTW_84,near,555,0.0,0.0,0.0,True
T-V-MNSP1,Basslink,forward,K2,N-LTWG_RADIAL,N-LTWG_RADIAL,near,193,0.0,0.0,0.0,True
T-V-MNSP1,Basslink,reverse,K2,N-LTWG_RADIAL,N-LTWG_RADIAL,near,193,0.0,0.0,0.0,True
T-V-MNSP1,Basslink,forward,K2,N-MMWB_ONE,N-MMWB_ONE,near,102,0.0,0.0,0.0,True
T-V-MNSP1,Basslink,reverse,K2,N-MMWB_ONE,N-MMWB_ONE,near,102,0.0,0.0,0.0,True
T-V-MNSP1,Basslink,forward,K2,N-TWUL_85,N-TWUL_85,near,719,0.0,0.0,0.0,True
T-V-MNSP1,Basslink,reverse,K2,N-TWUL_85,N-TWUL_85,near,719,0.0,0.0,0.0,True
T-V-MNSP1,Basslink,forward,K2,Q-X_BRHA_TWO,Q-X_BRHA_TWO,near,254,0.0,0.0,0.0,True
T-V-MNSP1,Basslink,reverse,K2,Q-X_BRHA_TWO,Q-X_BRHA_TWO,near,254,0.0,0.0,0.0,True
T-V-MNSP1,Basslink,forward,K2,Q-X_BRTX1+BRHA,Q-X_BRTX1+BRHA,near,32,0.0,0.0,0.0,True
T-V-MNSP1,Basslink,reverse,K2,Q-X_BRTX1+BRHA,Q-X_BRTX1+BRHA,near,32,0.0,0.0,0.0,True
T-V-MNSP1,Basslink,forward,K2,S-TBSE,S-TBSE,near,2261,0.0,0.0,0.0,True
T-V-MNSP1,Basslink,reverse,K2,S-TBSE,S-TBSE,near,2261,0.0,0.0,0.0,True
T-V-MNSP1,Basslink,forward,K2,V-CRML,V-CRML,near,486,0.0,0.0,0.0,True
T-V-MNSP1,Basslink,reverse,K2,V-CRML,V-CRML,near,486,0.0,0.0,0.0,True
T-V-MNSP1,Basslink,forward,K2,V-DDMS,V-DDMS,near,739,0.0,0.0,0.0,True
T-V-MNSP1,Basslink,reverse,K2,V-DDMS,V-DDMS,near,739,0.0,0.0,0.0,True
T-V-MNSP1,Basslink,forward,K2,V-HGMO,V-HGMO,near,24,0.0,0.0,0.0,True
T-V-MNSP1,Basslink,reverse,K2,V-HGMO,V-HGMO,near,24,0.0,0.0,0.0,True
T-V-MNSP1,Basslink,forward,K2,V-HYMO,V-HYMO,near,270,0.0,0.0,0.0,True
T-V-MNSP1,Basslink,reverse,K2,V-HYMO,V-HYMO,near,270,0.0,0.0,0.0,True
T-V-MNSP1,Basslink,forward,K2,V-HYTR,V-HYTR,near,41,0.0,0.0,0.0,True
T-V-MNSP1,Basslink,reverse,K2,V-HYTR,V-HYTR,near,41,0.0,0.0,0.0,True
T-V-MNSP1,Basslink,forward,K2,V-KG_WE_RC,V-KG_WE_RC,near,220,0.0,0.0,0.0,True
T-V-MNSP1,Basslink,reverse,K2,V-KG_WE_RC,V-KG_WE_RC,near,220,0.0,0.0,0.0,True
T-V-MNSP1,Basslink,forward,K2,V-MLSY_NOEMTT_R,V-MLSY_NOEMTT_R,near,1089,0.0,0.0,0.0,True
T-V-MNSP1,Basslink,reverse,K2,V-MLSY_NOEMTT_R,V-MLSY_NOEMTT_R,near,1089,0.0,0.0,0.0,True
T-V-MNSP1,Basslink,forward,K2,V-MOTR,V-MOTR,near,44,0.0,0.0,0.0,True
T-V-MNSP1,Basslink,reverse,K2,V-MOTR,V-MOTR,near,44,0.0,0.0,0.0,True
T-V-MNSP1,Basslink,forward,K2,V-RCTS_BUS2,V-RCTS_BUS2,near,193,0.0,0.0,0.0,True
T-V-MNSP1,Basslink,reverse,K2,V-RCTS_BUS2,V-RCTS_BUS2,near,193,0.0,0.0,0.0,True
V-S-MNSP1,Murraylink,forward,K2,CA_BRIS_5964121F,CA_BRIS_5964121F,near,6,0.0,0.0,0.0,True
V-S-MNSP1,Murraylink,reverse,K2,CA_BRIS_5964121F,CA_BRIS_5964121F,near,6,0.0,0.0,0.0,True
V-S-MNSP1,Murraylink,forward,K2,CA_BRIS_59643BAE,CA_BRIS_59643BAE,near,26,0.0,0.0,0.0,True
V-S-MNSP1,Murraylink,reverse,K2,CA_BRIS_59643BAE,CA_BRIS_59643BAE,near,26,0.0,0.0,0.0,True
V-S-MNSP1,Murraylink,forward,K2,CA_SYDS_562A9792,CA_SYDS_562A9792,near,12,0.0,0.0,0.0,True
V-S-MNSP1,Murraylink,reverse,K2,CA_SYDS_562A9792,CA_SYDS_562A9792,near,12,0.0,0.0,0.0,True
V-S-MNSP1,Murraylink,forward,K2,CA_SYDS_597A8B26,CA_SYDS_597A8B26,near,18,0.0,0.0,0.0,True
V-S-MNSP1,Murraylink,reverse,K2,CA_SYDS_597A8B26,CA_SYDS_597A8B26,near,18,0.0,0.0,0.0,True
V-S-MNSP1,Murraylink,forward,K2,CA_SYDS_597B3DBD,CA_SYDS_597B3DBD,near,8,0.0,0.0,0.0,True
V-S-MNSP1,Murraylink,reverse,K2,CA_SYDS_597B3DBD,CA_SYDS_597B3DBD,near,8,0.0,0.0,0.0,True
V-S-MNSP1,Murraylink,forward,K2,CA_SYDS_597B5710,CA_SYDS_597B5710,near,28,0.0,0.0,0.0,True
V-S-MNSP1,Murraylink,reverse,K2,CA_SYDS_597B5710,CA_SYDS_597B5710,near,28,0.0,0.0,0.0,True
V-S-MNSP1,Murraylink,forward,K2,I-6F_NS_050,I-6F_NS_050,near,18,0.0,0.0,0.0,True
V-S-MNSP1,Murraylink,reverse,K2,I-6F_NS_050,I-6F_NS_050,near,18,0.0,0.0,0.0,True
V-S-MNSP1,Murraylink,forward,K2,I-BDBU_ONE,I-BDBU_ONE,near,2013,0.004771761329138378,0.0001856380160460861,0.012256109625327983,False
V-S-MNSP1,Murraylink,reverse,K2,I-BDBU_ONE,I-BDBU_ONE,near,2013,0.00917370425567147,-0.005436024039716136,0.031789639986917105,True
V-S-MNSP1,Murraylink,forward,K2,I-BURC,I-BURC,near,334,0.0,0.0,0.0,True
V-S-MNSP1,Murraylink,reverse,K2,I-BURC,I-BURC,near,334,0.010978043912175649,0.0,0.03716373416563772,True
V-S-MNSP1,Murraylink,forward,K2,I-BURC_X1,I-BURC_X1,near,1928,0.0,0.0,0.0,True
V-S-MNSP1,Murraylink,reverse,K2,I-BURC_X1,I-BURC_X1,near,1928,0.0,0.0,0.0,True
V-S-MNSP1,Murraylink,forward,K2,I-HYSE,I-HYSE,near,669,0.0,0.0,0.0,True
V-S-MNSP1,Murraylink,reverse,K2,I-HYSE,I-HYSE,near,669,0.0,0.0,0.0,True
V-S-MNSP1,Murraylink,forward,K2,I-LTMS,I-LTMS,near,202,0.0,0.0,0.0,True
V-S-MNSP1,Murraylink,reverse,K2,I-LTMS,I-LTMS,near,202,0.0,0.0,0.0,True
V-S-MNSP1,Murraylink,forward,K2,I-MURRAY_SRAS_R,I-MURRAY_SRAS_R,near,20,0.0,0.0,0.0,True
V-S-MNSP1,Murraylink,reverse,K2,I-MURRAY_SRAS_R,I-MURRAY_SRAS_R,near,20,0.0,0.0,0.0,True
V-S-MNSP1,Murraylink,forward,K2,I-SVML_044,I-SVML_044,near,164,0.0,0.0,0.0,True
V-S-MNSP1,Murraylink,reverse,K2,I-SVML_044,I-SVML_044,near,164,0.0,0.0,0.0,True
V-S-MNSP1,Murraylink,forward,K2,I-SVML_088,I-SVML_088,near,115,0.0,0.0,0.0,True
V-S-MNSP1,Murraylink,reverse,K2,I-SVML_088,I-SVML_088,near,115,0.0,0.0,0.0,True
V-S-MNSP1,Murraylink,forward,K2,I-SVML_132,I-SVML_132,near,168,0.0,0.0,0.0,True
V-S-MNSP1,Murraylink,reverse,K2,I-SVML_132,I-SVML_132,near,168,0.0,0.0,0.0,True
V-S-MNSP1,Murraylink,forward,K2,I-VSML_044,I-VSML_044,near,164,0.0,0.0,0.0,True
V-S-MNSP1,Murraylink,reverse,K2,I-VSML_044,I-VSML_044,near,164,0.0,0.0,0.0,True
V-S-MNSP1,Murraylink,forward,K2,I-VSML_088,I-VSML_088,near,115,0.0,0.0,0.0,True
V-S-MNSP1,Murraylink,reverse,K2,I-VSML_088,I-VSML_088,near,115,0.0,0.0,0.0,True
V-S-MNSP1,Murraylink,forward,K2,I-VSML_132,I-VSML_132,near,168,0.0,0.0,0.0,True
V-S-MNSP1,Murraylink,reverse,K2,I-VSML_132,I-VSML_132,near,168,0.0,0.0,0.0,True
V-S-MNSP1,Murraylink,forward,K2,I-VSML_176,I-VSML_176,near,108,0.0,0.0,0.0,True
V-S-MNSP1,Murraylink,reverse,K2,I-VSML_176,I-VSML_176,near,108,0.0,0.0,0.0,True
V-S-MNSP1,Murraylink,forward,K2,I-X_64_DDSM,I-X_64_DDSM,near,30,0.0,0.0,0.0,True
V-S-MNSP1,Murraylink,reverse,K2,I-X_64_DDSM,I-X_64_DDSM,near,30,0.0,0.0,0.0,True
V-S-MNSP1,Murraylink,forward,K2,I-X_6F_KMRC,I-X_6F_KMRC,near,32,0.0,0.0,0.0,True
V-S-MNSP1,Murraylink,reverse,K2,I-X_6F_KMRC,I-X_6F_KMRC,near,32,0.0,0.0,0.0,True
V-S-MNSP1,Murraylink,forward,K2,I-X_BABU_BURC,I-X_BABU_BURC,near,80,0.0,0.0,0.0,True
V-S-MNSP1,Murraylink,reverse,K2,I-X_BABU_BURC,I-X_BABU_BURC,near,80,0.0,0.0,0.0,True
V-S-MNSP1,Murraylink,forward,K2,I-X_BDBU+HYSE,I-X_BDBU+HYSE,near,160,0.12244791666666666,-0.007615894039735099,0.2671081677704194,True
V-S-MNSP1,Murraylink,reverse,K2,I-X_BDBU+HYSE,I-X_BDBU+HYSE,near,160,0.0,0.0,0.0,True
V-S-MNSP1,Murraylink,forward,K2,N-BABU,N-BABU,near,925,0.00367867867867868,-0.0021868286085327685,0.011185464783235446,True
V-S-MNSP1,Murraylink,reverse,K2,N-BABU,N-BABU,near,925,0.0,0.0,0.0,True
V-S-MNSP1,Murraylink,forward,K2,N-BADP,N-BADP,near,291,-0.050754104620084006,-0.13140593465335731,0.0385954553723017,True
V-S-MNSP1,Murraylink,reverse,K2,N-BADP,N-BADP,near,291,-0.00286368843069874,-0.012759340323730021,0.001488095238095238,True
V-S-MNSP1,Murraylink,forward,K2,N-BJYS_970,N-BJYS_970,near,202,0.0,0.0,0.0,True
V-S-MNSP1,Murraylink,reverse,K2,N-BJYS_970,N-BJYS_970,near,202,0.0,0.0,0.0,True
V-S-MNSP1,Murraylink,forward,K2,N-BU_7118,N-BU_7118,near,449,0.0,0.0,0.0,True
V-S-MNSP1,Murraylink,reverse,K2,N-BU_7118,N-BU_7118,near,449,0.0,0.0,0.0,True
V-S-MNSP1,Murraylink,forward,K2,N-CLDE_99L_C,N-CLDE_99L_C,near,634,0.0,0.0,0.0,True
V-S-MNSP1,Murraylink,reverse,K2,N-CLDE_99L_C,N-CLDE_99L_C,near,634,0.0,0.0,0.0,True
V-S-MNSP1,Murraylink,forward,K2,N-CNLT_07,N-CNLT_07,near,1229,0.0,0.0,0.0,True
V-S-MNSP1,Murraylink,reverse,K2,N-CNLT_07,N-CNLT_07,near,1229,0.0,0.0,0.0,True
V-S-MNSP1,Murraylink,forward,K2,N-CTMN_4_WG_CLOSE,N-CTMN_4_WG_CLOSE,near,993,0.0,0.0,0.0,True
V-S-MNSP1,Murraylink,reverse,K2,N-CTMN_4_WG_CLOSE,N-CTMN_4_WG_CLOSE,near,993,0.0073094998321584425,-0.011892726024773334,0.03790882965419443,True
V-S-MNSP1,Murraylink,forward,K2,N-CTYS_3L_WG_CLOSE,N-CTYS_3L_WG_CLOSE,near,1472,0.0,0.0,0.0,True
V-S-MNSP1,Murraylink,reverse,K2,N-CTYS_3L_WG_CLOSE,N-CTYS_3L_WG_CLOSE,near,1472,-0.016015625000000002,-0.03677584667556148,0.0015017481098617913,True
V-S-MNSP1,Murraylink,forward,K2,N-DPWG_63,N-DPWG_63,near,876,0.0,0.0,0.0,True
V-S-MNSP1,Murraylink,reverse,K2,N-DPWG_63,N-DPWG_63,near,876,7.610350076103499e-05,-0.0010686299292214359,0.0014831153146370529,True
V-S-MNSP1,Murraylink,forward,K2,N-DPWG_63_X5,N-DPWG_63_X5,near,825,0.019616161616161615,-0.0021240515180929124,0.052360453249530224,True
V-S-MNSP1,Murraylink,reverse,K2,N-DPWG_63_X5,N-DPWG_63_X5,near,825,0.0005656565656565656,-9.418546547708278e-05,0.0019396985435667718,True
V-S-MNSP1,Murraylink,forward,K2,N-DTKV_18_WG_CLOSE,N-DTKV_18_WG_CLOSE,near,194,0.0,0.0,0.0,True
V-S-MNSP1,Murraylink,reverse,K2,N-DTKV_18_WG_CLOSE,N-DTKV_18_WG_CLOSE,near,194,0.0,0.0,0.0,True
V-S-MNSP1,Murraylink,forward,K2,N-DTMN_8_15M,N-DTMN_8_15M,near,1144,0.0,0.0,0.0,True
V-S-MNSP1,Murraylink,reverse,K2,N-DTMN_8_15M,N-DTMN_8_15M,near,1144,0.0,0.0,0.0,True
V-S-MNSP1,Murraylink,forward,K2,N-DTSS_11,N-DTSS_11,near,1235,0.0,0.0,0.0,True
V-S-MNSP1,Murraylink,reverse,K2,N-DTSS_11,N-DTSS_11,near,1235,0.0,0.0,0.0,True
V-S-MNSP1,Murraylink,forward,K2,N-GFYC-99J-C,N-GFYC-99J-C,near,652,0.0,0.0,0.0,True
V-S-MNSP1,Murraylink,reverse,K2,N-GFYC-99J-C,N-GFYC-99J-C,near,652,0.0,0.0,0.0,True
V-S-MNSP1,Murraylink,forward,K2,N-JNWG_RADIAL,N-JNWG_RADIAL,near,588,0.0,0.0,0.0,True
V-S-MNSP1,Murraylink,reverse,K2,N-JNWG_RADIAL,N-JNWG_RADIAL,near,588,0.0,0.0,0.0,True
V-S-MNSP1,Murraylink,forward,K2,N-KVCW_3W_WG_CLOSE,N-KVCW_3W_WG_CLOSE,near,514,0.0,0.0,0.0,True
V-S-MNSP1,Murraylink,reverse,K2,N-KVCW_3W_WG_CLOSE,N-KVCW_3W_WG_CLOSE,near,514,0.0,0.0,0.0,True
V-S-MNSP1,Murraylink,forward,K2,N-LTUT_64_15M,N-LTUT_64_15M,near,1321,0.0,0.0,0.0,True
V-S-MNSP1,Murraylink,reverse,K2,N-LTUT_64_15M,N-LTUT_64_15M,near,1321,0.0,0.0,0.0,True
V-S-MNSP1,Murraylink,forward,K2,N-LTWG_63,N-LTWG_63,near,20,0.0,0.0,0.0,True
V-S-MNSP1,Murraylink,reverse,K2,N-LTWG_63,N-LTWG_63,near,20,0.0,0.0,0.0,True
V-S-MNSP1,Murraylink,forward,K2,N-LTWG_RADIAL,N-LTWG_RADIAL,near,137,0.0,0.0,0.0,True
V-S-MNSP1,Murraylink,reverse,K2,N-LTWG_RADIAL,N-LTWG_RADIAL,near,137,0.0,0.0,0.0,True
V-S-MNSP1,Murraylink,forward,K2,N-LTWG_X5,N-LTWG_X5,near,586,-0.04108361774744028,-0.0935468259179127,0.003939540585882029,True
V-S-MNSP1,Murraylink,reverse,K2,N-LTWG_X5,N-LTWG_X5,near,586,0.0,0.0,0.0,True
V-S-MNSP1,Murraylink,forward,K2,N-MNYS_5_WG_CLOSE,N-MNYS_5_WG_CLOSE,near,1870,0.0,0.0,0.0,True
V-S-MNSP1,Murraylink,reverse,K2,N-MNYS_5_WG_CLOSE,N-MNYS_5_WG_CLOSE,near,1870,0.02226530005941771,-0.0030601048145539565,0.053863631532429124,True
V-S-MNSP1,Murraylink,forward,K2,N-WGNA_994_C,N-WGNA_994_C,near,70,0.0,0.0,0.0,True
V-S-MNSP1,Murraylink,reverse,K2,N-WGNA_994_C,N-WGNA_994_C,near,70,0.0,0.0,0.0,True
V-S-MNSP1,Murraylink,forward,K2,N-WGWA_63,N-WGWA_63,near,291,-0.024494081710576557,-0.10558878719643595,0.1015025093370681,True
V-S-MNSP1,Murraylink,reverse,K2,N-WGWA_63,N-WGWA_63,near,291,-0.004390988927071401,-0.0407705779820588,0.02918572926799611,True
V-S-MNSP1,Murraylink,forward,K2,N-WGWA_63_X5,N-WGWA_63_X5,near,444,0.02364864864864865,0.0,0.08434585114652156,True
V-S-MNSP1,Murraylink,reverse,K2,N-WGWA_63_X5,N-WGWA_63_X5,near,444,0.004129129129129129,0.0,0.014727053374789478,True
V-S-MNSP1,Murraylink,forward,K2,N-WGWA_RADIAL,N-WGWA_RADIAL,near,348,-0.09291187739463602,-0.23057213521035208,0.078847867367806,True
V-S-MNSP1,Murraylink,reverse,K2,N-WGWA_RADIAL,N-WGWA_RADIAL,near,348,-0.00603448275862069,-0.018920343536307394,0.0,True
V-S-MNSP1,Murraylink,forward,K2,N-WGWA_X5,N-WGWA_X5,near,639,0.04449226221526691,-0.006990816079503023,0.09877498378647298,True
V-S-MNSP1,Murraylink,reverse,K2,N-WGWA_X5,N-WGWA_X5,near,639,0.03442879499217527,0.0022072913451233185,0.0886594819866991,False
V-S-MNSP1,Murraylink,forward,K2,N-WNMR_991,N-WNMR_991,near,252,0.0,0.0,0.0,True
V-S-MNSP1,Murraylink,reverse,K2,N-WNMR_991,N-WNMR_991,near,252,0.0,0.0,0.0,True
V-S-MNSP1,Murraylink,forward,K2,N-X_03+4_WG_CLOSE,N-X_03+4_WG_CLOSE,near,356,0.0,0.0,0.0,True
V-S-MNSP1,Murraylink,reverse,K2,N-X_03+4_WG_CLOSE,N-X_03+4_WG_CLOSE,near,356,0.0,0.0,0.0,True
V-S-MNSP1,Murraylink,forward,K2,N-X_051_X5,N-X_051_X5,near,75,0.24,0.0,0.5,True
V-S-MNSP1,Murraylink,reverse,K2,N-X_051_X5,N-X_051_X5,near,75,0.0,0.0,0.0,True
V-S-MNSP1,Murraylink,forward,K2,N-X_2_5,N-X_2_5,near,173,0.0,0.0,0.0,True
V-S-MNSP1,Murraylink,reverse,K2,N-X_2_5,N-X_2_5,near,173,0.0,0.0,0.0,True
V-S-MNSP1,Murraylink,forward,K2,N-X_3L+07_WG_CLOSE,N-X_3L+07_WG_CLOSE,near,187,0.0,0.0,0.0,True
V-S-MNSP1,Murraylink,reverse,K2,N-X_3L+07_WG_CLOSE,N-X_3L+07_WG_CLOSE,near,187,0.0,0.0,0.0,True
V-S-MNSP1,Murraylink,forward,K2,N-X_3L+11_WG_CLOSE,N-X_3L+11_WG_CLOSE,near,135,0.0,0.0,0.0,True
V-S-MNSP1,Murraylink,reverse,K2,N-X_3L+11_WG_CLOSE,N-X_3L+11_WG_CLOSE,near,135,0.0,0.0,0.0,True
V-S-MNSP1,Murraylink,forward,K2,N-X_3L+2_WG_CLOSE,N-X_3L+2_WG_CLOSE,near,130,0.0,0.0,0.0,True
V-S-MNSP1,Murraylink,reverse,K2,N-X_3L+2_WG_CLOSE,N-X_3L+2_WG_CLOSE,near,130,0.0,0.0,0.0,True
V-S-MNSP1,Murraylink,forward,K2,N-X_4+07_WG_CLOSE,N-X_4+07_WG_CLOSE,near,440,0.0,0.0,0.0,True
V-S-MNSP1,Murraylink,reverse,K2,N-X_4+07_WG_CLOSE,N-X_4+07_WG_CLOSE,near,440,0.0,0.0,0.0,True
V-S-MNSP1,Murraylink,forward,K2,N-X_5+07_WG_CLOSE,N-X_5+07_WG_CLOSE,near,133,0.0,0.0,0.0,True
V-S-MNSP1,Murraylink,reverse,K2,N-X_5+07_WG_CLOSE,N-X_5+07_WG_CLOSE,near,133,0.0,0.0,0.0,True
V-S-MNSP1,Murraylink,forward,K2,N-X_LTYS_MNYS,N-X_LTYS_MNYS,near,124,0.0,0.0,0.0,True
V-S-MNSP1,Murraylink,reverse,K2,N-X_LTYS_MNYS,N-X_LTYS_MNYS,near,124,0.0,0.0,0.0,True
V-S-MNSP1,Murraylink,forward,K2,S-BGDV,S-BGDV,near,506,0.0,0.0,0.0,True
V-S-MNSP1,Murraylink,reverse,K2,S-BGDV,S-BGDV,near,506,0.0,0.0,0.0,True
V-S-MNSP1,Murraylink,forward,K2,S-BGRH,S-BGRH,near,498,0.0,0.0,0.0,True
V-S-MNSP1,Murraylink,reverse,K2,S-BGRH,S-BGRH,near,498,0.0,0.0,0.0,True
V-S-MNSP1,Murraylink,forward,K2,S-BRBG,S-BRBG,near,675,0.0,0.0,0.0,True
V-S-MNSP1,Murraylink,reverse,K2,S-BRBG,S-BRBG,near,675,0.0,0.0,0.0,True
V-S-MNSP1,Murraylink,forward,K2,S-BRTW,S-BRTW,near,30,0.0,0.0,0.0,True
V-S-MNSP1,Murraylink,reverse,K2,S-BRTW,S-BRTW,near,30,0.0,0.0,0.0,True
V-S-MNSP1,Murraylink,forward,K2,S-BWMP,S-BWMP,near,85,0.0,0.0,0.0,True
V-S-MNSP1,Murraylink,reverse,K2,S-BWMP,S-BWMP,near,85,0.0,0.0,0.0,True
V-S-MNSP1,Murraylink,forward,K2,S-DVLK,S-DVLK,near,41,0.0,0.0,0.0,True
V-S-MNSP1,Murraylink,reverse,K2,S-DVLK,S-DVLK,near,41,0.0,0.0,0.0,True
V-S-MNSP1,Murraylink,forward,K2,S-MKRB,S-MKRB,near,265,0.0,0.0,0.0,True
V-S-MNSP1,Murraylink,reverse,K2,S-MKRB,S-MKRB,near,265,0.0,0.0,0.0,True
V-S-MNSP1,Murraylink,forward,K2,S-MWPS2-MWPS3,S-MWPS2-MWPS3,near,736,0.0,0.0,0.0,True
V-S-MNSP1,Murraylink,reverse,K2,S-MWPS2-MWPS3,S-MWPS2-MWPS3,near,736,0.0,0.0,0.0,True
V-S-MNSP1,Murraylink,forward,K2,S-PA_VC1,S-PA_VC1,near,1729,0.0,0.0,0.0,True
V-S-MNSP1,Murraylink,reverse,K2,S-PA_VC1,S-PA_VC1,near,1729,0.0,0.0,0.0,True
V-S-MNSP1,Murraylink,forward,K2,S-RBTU,S-RBTU,near,876,0.0,0.0,0.0,True
V-S-MNSP1,Murraylink,reverse,K2,S-RBTU,S-RBTU,near,876,0.0,0.0,0.0,True
V-S-MNSP1,Murraylink,forward,K2,S-TBSE,S-TBSE,near,1782,-0.0002244668911335578,-0.0007560465909671645,0.0,True
V-S-MNSP1,Murraylink,reverse,K2,S-TBSE,S-TBSE,near,1782,0.0,0.0,0.0,True
V-S-MNSP1,Murraylink,forward,K2,S-TPRS,S-TPRS,near,867,0.0,0.0,0.0,True
V-S-MNSP1,Murraylink,reverse,K2,S-TPRS,S-TPRS,near,867,0.0,0.0,0.0,True
V-S-MNSP1,Murraylink,forward,K2,S-WE_MWP4,S-WE_MWP4,near,492,0.0,0.0,0.0,True
V-S-MNSP1,Murraylink,reverse,K2,S-WE_MWP4,S-WE_MWP4,near,492,0.0,0.0,0.0,True
V-S-MNSP1,Murraylink,forward,K2,S-X_BGBW+BGDV+BGTX,S-X_BGBW+BGDV+BGTX,near,726,0.0,0.0,0.0,True
V-S-MNSP1,Murraylink,reverse,K2,S-X_BGBW+BGDV+BGTX,S-X_BGBW+BGDV+BGTX,near,726,0.0,0.0,0.0,True
V-S-MNSP1,Murraylink,forward,K2,S-X_BGRH+BRTX3,S-X_BGRH+BRTX3,near,74,0.0,0.0,0.0,True
V-S-MNSP1,Murraylink,reverse,K2,S-X_BGRH+BRTX3,S-X_BGRH+BRTX3,near,74,0.0,0.0,0.0,True
V-S-MNSP1,Murraylink,forward,K2,S-X_BGRH+RBTX,S-X_BGRH+RBTX,near,175,0.0,0.0,0.0,True
V-S-MNSP1,Murraylink,reverse,K2,S-X_BGRH+RBTX,S-X_BGRH+RBTX,near,175,0.0,0.0,0.0,True
V-S-MNSP1,Murraylink,forward,K2,S-X_BRMN_RBTU,S-X_BRMN_RBTU,near,858,0.0,0.0,0.0,True
V-S-MNSP1,Murraylink,reverse,K2,S-X_BRMN_RBTU,S-X_BRMN_RBTU,near,858,0.0,0.0,0.0,True
V-S-MNSP1,Murraylink,forward,K2,S-X_BRMN_WEWT,S-X_BRMN_WEWT,near,243,0.0,0.0,0.0,True
V-S-MNSP1,Murraylink,reverse,K2,S-X_BRMN_WEWT,S-X_BRMN_WEWT,near,243,0.0,0.0,0.0,True
V-S-MNSP1,Murraylink,forward,K2,S-X_BWMP+MPPA,S-X_BWMP+MPPA,near,310,0.0,0.0,0.0,True
V-S-MNSP1,Murraylink,reverse,K2,S-X_BWMP+MPPA,S-X_BWMP+MPPA,near,310,0.0,0.0,0.0,True
V-S-MNSP1,Murraylink,forward,K2,S-X_CNLK_CNRB,S-X_CNLK_CNRB,near,187,0.0,0.0,0.0,True
V-S-MNSP1,Murraylink,reverse,K2,S-X_CNLK_CNRB,S-X_CNLK_CNRB,near,187,0.0,0.0,0.0,True
V-S-MNSP1,Murraylink,forward,K2,S-X_PA6510+BWPA,S-X_PA6510+BWPA,near,16,0.0,0.0,0.0,True
V-S-MNSP1,Murraylink,reverse,K2,S-X_PA6510+BWPA,S-X_PA6510+BWPA,near,16,0.0,0.0,0.0,True
V-S-MNSP1,Murraylink,forward,K2,V-ARCW,V-ARCW,near,97,0.0,0.0,0.0,True
V-S-MNSP1,Murraylink,reverse,K2,V-ARCW,V-ARCW,near,97,0.0,0.0,0.0,True
V-S-MNSP1,Murraylink,forward,K2,V-AR_WB_BA,V-AR_WB_BA,near,486,0.0,0.0,0.0,True
V-S-MNSP1,Murraylink,reverse,K2,V-AR_WB_BA,V-AR_WB_BA,near,486,-0.015637860082304524,-0.03409909446452311,0.0,True
V-S-MNSP1,Murraylink,forward,K2,V-BAML1_15M,V-BAML1_15M,near,364,0.0,0.0,0.0,True
V-S-MNSP1,Murraylink,reverse,K2,V-BAML1_15M,V-BAML1_15M,near,364,0.0,0.0,0.0,True
V-S-MNSP1,Murraylink,forward,K2,V-BAML2_15M,V-BAML2_15M,near,268,0.0,0.0,0.0,True
V-S-MNSP1,Murraylink,reverse,K2,V-BAML2_15M,V-BAML2_15M,near,268,0.0,0.0,0.0,True
V-S-MNSP1,Murraylink,forward,K2,V-BEKG,V-BEKG,near,33,0.0,0.0,0.0,True
V-S-MNSP1,Murraylink,reverse,K2,V-BEKG,V-BEKG,near,33,0.0,0.0,0.0,True
V-S-MNSP1,Murraylink,forward,K2,V-BESH,V-BESH,near,40,0.0,0.0,0.0,True
V-S-MNSP1,Murraylink,reverse,K2,V-BESH,V-BESH,near,40,0.0,0.0,0.0,True
V-S-MNSP1,Murraylink,forward,K2,V-BUCW,V-BUCW,near,39,0.0,0.0,0.0,True
V-S-MNSP1,Murraylink,reverse,K2,V-BUCW,V-BUCW,near,39,0.0,0.0,0.0,True
V-S-MNSP1,Murraylink,forward,K2,V-CPRC,V-CPRC,near,41,0.0,0.0,0.0,True
V-S-MNSP1,Murraylink,reverse,K2,V-CPRC,V-CPRC,near,41,0.0,0.0,0.0,True
V-S-MNSP1,Murraylink,forward,K2,V-CRML,V-CRML,near,456,0.0,0.0,0.0,True
V-S-MNSP1,Murraylink,reverse,K2,V-CRML,V-CRML,near,456,0.0,0.0,0.0,True
V-S-MNSP1,Murraylink,forward,K2,V-CRMO,V-CRMO,near,132,-0.00827020202020202,-0.02663147241103559,0.0,True
V-S-MNSP1,Murraylink,reverse,K2,V-CRMO,V-CRMO,near,132,0.0,0.0,0.0,True
V-S-MNSP1,Murraylink,forward,K2,V-CWHO,V-CWHO,near,74,0.0,0.0,0.0,True
V-S-MNSP1,Murraylink,reverse,K2,V-CWHO,V-CWHO,near,74,0.0,0.0,0.0,True
V-S-MNSP1,Murraylink,forward,K2,V-DDMS,V-DDMS,near,641,0.0,0.0,0.0,True
V-S-MNSP1,Murraylink,reverse,K2,V-DDMS,V-DDMS,near,641,0.0,0.0,0.0,True
V-S-MNSP1,Murraylink,forward,K2,V-DDSM,V-DDSM,near,360,0.0,0.0,0.0,True
V-S-MNSP1,Murraylink,reverse,K2,V-DDSM,V-DDSM,near,360,0.0,0.0,0.0,True
V-S-MNSP1,Murraylink,forward,K2,V-DDWO_RADIAL,V-DDWO_RADIAL,near,119,0.14901960784313725,0.04494706950769898,0.2844249661246612,False
V-S-MNSP1,Murraylink,reverse,K2,V-DDWO_RADIAL,V-DDWO_RADIAL,near,119,-0.10198412698412697,-0.2475490196078431,-0.013333333333333332,False
V-S-MNSP1,Murraylink,forward,K2,V-DDWO_X5,V-DDWO_X5,near,84,0.1935846560846561,0.09007936507936508,0.36170634920634925,False
V-S-MNSP1,Murraylink,reverse,K2,V-DDWO_X5,V-DDWO_X5,near,84,-0.13693783068783066,-0.3473387896825396,-0.013293650793650793,False
V-S-MNSP1,Murraylink,forward,K2,V-HOMR,V-HOMR,near,105,0.0,0.0,0.0,True
V-S-MNSP1,Murraylink,reverse,K2,V-HOMR,V-HOMR,near,105,-0.03492063492063492,-0.11827956989247312,0.0,True
V-S-MNSP1,Murraylink,forward,K2,V-HYMO,V-HYMO,near,259,0.0,0.0,0.0,True
V-S-MNSP1,Murraylink,reverse,K2,V-HYMO,V-HYMO,near,259,0.0,0.0,0.0,True
V-S-MNSP1,Murraylink,forward,K2,V-KGKO,V-KGKO,near,5,-0.2,-0.5,0.0,True
V-S-MNSP1,Murraylink,reverse,K2,V-KGKO,V-KGKO,near,5,0.06666666666666668,0.0,0.16666666666666669,True
V-S-MNSP1,Murraylink,forward,K2,V-KG_WE_RC,V-KG_WE_RC,near,231,0.0,0.0,0.0,True
V-S-MNSP1,Murraylink,reverse,K2,V-KG_WE_RC,V-KG_WE_RC,near,231,0.0,0.0,0.0,True
V-S-MNSP1,Murraylink,forward,K2,V-KMRC,V-KMRC,near,528,0.0317550505050505,-0.00145425226946966,0.07872944683684695,True
V-S-MNSP1,Murraylink,reverse,K2,V-KMRC,V-KMRC,near,528,0.014835858585858584,-0.018387363723662654,0.06560134619948596,True
V-S-MNSP1,Murraylink,forward,K2,V-KOWE,V-KOWE,near,510,0.0,0.0,0.0,True
V-S-MNSP1,Murraylink,reverse,K2,V-KOWE,V-KOWE,near,510,0.0,0.0,0.0,True
V-S-MNSP1,Murraylink,forward,K2,V-KO_WE_RC,V-KO_WE_RC,near,42,0.0,0.0,0.0,True
V-S-MNSP1,Murraylink,reverse,K2,V-KO_WE_RC,V-KO_WE_RC,near,42,0.0,0.0,0.0,True
V-S-MNSP1,Murraylink,forward,K2,V-MLSY_NOEMTT_P,V-MLSY_NOEMTT_P,near,23,0.0,0.0,0.0,True
V-S-MNSP1,Murraylink,reverse,K2,V-MLSY_NOEMTT_P,V-MLSY_NOEMTT_P,near,23,0.0,0.0,0.0,True
V-S-MNSP1,Murraylink,forward,K2,V-MLSY_NOEMTT_R,V-MLSY_NOEMTT_R,near,903,0.0,0.0,0.0,True
V-S-MNSP1,Murraylink,reverse,K2,V-MLSY_NOEMTT_R,V-MLSY_NOEMTT_R,near,903,0.0,0.0,0.0,True
V-S-MNSP1,Murraylink,forward,K2,V-MOTR,V-MOTR,near,43,0.0,0.0,0.0,True
V-S-MNSP1,Murraylink,reverse,K2,V-MOTR,V-MOTR,near,43,0.0,0.0,0.0,True
V-S-MNSP1,Murraylink,forward,K2,V-MRKM,V-MRKM,near,317,0.07681388012618297,-0.020778350515463916,0.2021520006198133,True
V-S-MNSP1,Murraylink,reverse,K2,V-MRKM,V-MRKM,near,317,0.027339642481598314,0.0,0.0858085808580858,True
V-S-MNSP1,Murraylink,forward,K2,V-RCTS_BUS2,V-RCTS_BUS2,near,133,0.0,0.0,0.0,True
V-S-MNSP1,Murraylink,reverse,K2,V-RCTS_BUS2,V-RCTS_BUS2,near,133,0.0,0.0,0.0,True
V-S-MNSP1,Murraylink,forward,K2,V-SMSC,V-SMSC,near,1179,0.033670247855998495,0.004995513775612405,0.06987017614429232,False
V-S-MNSP1,Murraylink,reverse,K2,V-SMSC,V-SMSC,near,1179,0.0,0.0,0.0,True
V-S-MNSP1,Murraylink,forward,K2,V-X_BAML2_MLTG_B2CB,V-X_BAML2_MLTG_B2CB,near,36,0.0,0.0,0.0,True
V-S-MNSP1,Murraylink,reverse,K2,V-X_BAML2_MLTG_B2CB,V-X_BAML2_MLTG_B2CB,near,36,0.0,0.0,0.0,True
V-S-MNSP1,Murraylink,forward,K2,V-X_RCTS_B2_SMTX,V-X_RCTS_B2_SMTX,near,71,0.0,0.0,0.0,True
V-S-MNSP1,Murraylink,reverse,K2,V-X_RCTS_B2_SMTX,V-X_RCTS_B2_SMTX,near,71,0.0,0.0,0.0,True
V-SA,Heywood,forward,K2,CA_BRIS_5964121F,CA_BRIS_5964121F,near,6,0.0,0.0,0.0,True
V-SA,Heywood,reverse,K2,CA_BRIS_5964121F,CA_BRIS_5964121F,near,6,0.0,0.0,0.0,True
V-SA,Heywood,forward,K2,CA_SYDS_562A9792,CA_SYDS_562A9792,near,10,0.0,0.0,0.0,True
V-SA,Heywood,reverse,K2,CA_SYDS_562A9792,CA_SYDS_562A9792,near,10,0.0,0.0,0.0,True
V-SA,Heywood,forward,K2,CA_SYDS_597A8B26,CA_SYDS_597A8B26,near,16,0.0,0.0,0.0,True
V-SA,Heywood,reverse,K2,CA_SYDS_597A8B26,CA_SYDS_597A8B26,near,16,0.0,0.0,0.0,True
V-SA,Heywood,forward,K2,CA_SYDS_597B3DBD,CA_SYDS_597B3DBD,near,8,0.0,0.0,0.0,True
V-SA,Heywood,reverse,K2,CA_SYDS_597B3DBD,CA_SYDS_597B3DBD,near,8,0.0,0.0,0.0,True
V-SA,Heywood,forward,K2,CA_SYDS_597B5710,CA_SYDS_597B5710,near,28,0.0,0.0,0.0,True
V-SA,Heywood,reverse,K2,CA_SYDS_597B5710,CA_SYDS_597B5710,near,28,0.0,0.0,0.0,True
V-SA,Heywood,forward,K2,F-I-HYSE,F-I-HYSE,near,25,0.105,-0.020161290322580645,0.25,True
V-SA,Heywood,reverse,K2,F-I-HYSE,F-I-HYSE,near,25,-0.004,-0.008823529411764707,0.0,True
V-SA,Heywood,forward,K2,I-6F_NS_050,I-6F_NS_050,near,13,0.0,0.0,0.0,True
V-SA,Heywood,reverse,K2,I-6F_NS_050,I-6F_NS_050,near,13,0.0,0.0,0.0,True
V-SA,Heywood,forward,K2,I-6F_SN_050,I-6F_SN_050,near,13,0.0,0.0,0.0,True
V-SA,Heywood,reverse,K2,I-6F_SN_050,I-6F_SN_050,near,13,0.0,0.0,0.0,True
V-SA,Heywood,forward,K2,I-BDBU_ONE,I-BDBU_ONE,near,2100,0.01232142857142857,-0.0031565966627625825,0.03655254770706154,True
V-SA,Heywood,reverse,K2,I-BDBU_ONE,I-BDBU_ONE,near,2100,0.010190476190476189,-0.0025646210138543396,0.02797404095467518,True
V-SA,Heywood,forward,K2,I-HYSE,I-HYSE,near,720,-0.011304012345679014,-0.023628553548225066,-0.001830544657202236,False
V-SA,Heywood,reverse,K2,I-HYSE,I-HYSE,near,720,0.0031828703703703706,-0.018881001551407636,0.025717683503336412,True
V-SA,Heywood,forward,K2,I-JNWO_63,I-JNWO_63,near,124,0.0,0.0,0.0,True
V-SA,Heywood,reverse,K2,I-JNWO_63,I-JNWO_63,near,124,0.0,0.0,0.0,True
V-SA,Heywood,forward,K2,I-JNWO_RADIAL,I-JNWO_RADIAL,near,124,0.0,0.0,0.0,True
V-SA,Heywood,reverse,K2,I-JNWO_RADIAL,I-JNWO_RADIAL,near,124,0.0,0.0,0.0,True
V-SA,Heywood,forward,K2,I-SV_HEY_250,I-SV_HEY_250,near,88,0.0,0.0,0.0,True
V-SA,Heywood,reverse,K2,I-SV_HEY_250,I-SV_HEY_250,near,88,0.0,0.0,0.0,True
V-SA,Heywood,forward,K2,I-VS_HEY_250,I-VS_HEY_250,near,88,0.0,0.0,0.0,True
V-SA,Heywood,reverse,K2,I-VS_HEY_250,I-VS_HEY_250,near,88,0.0,0.0,0.0,True
V-SA,Heywood,forward,K2,I-X_BDBU+HYSE,I-X_BDBU+HYSE,near,166,0.16606425702811242,-0.12543103448275864,0.4201178451178451,True
V-SA,Heywood,reverse,K2,I-X_BDBU+HYSE,I-X_BDBU+HYSE,near,166,0.1149598393574297,-0.12394222689075629,0.3252222598614874,True
V-SA,Heywood,forward,K2,N-BABU,N-BABU,near,895,0.0,0.0,0.0,True
V-SA,Heywood,reverse,K2,N-BABU,N-BABU,near,895,0.0,0.0,0.0,True
V-SA,Heywood,forward,K2,N-JNWG_RADIAL,N-JNWG_RADIAL,near,562,0.0,0.0,0.0,True
V-SA,Heywood,reverse,K2,N-JNWG_RADIAL,N-JNWG_RADIAL,near,562,0.0,0.0,0.0,True
V-SA,Heywood,forward,K2,N-LTWG_63,N-LTWG_63,near,14,0.0,0.0,0.0,True
V-SA,Heywood,reverse,K2,N-LTWG_63,N-LTWG_63,near,14,0.0,0.0,0.0,True
V-SA,Heywood,forward,K2,N-LTWG_RADIAL,N-LTWG_RADIAL,near,130,0.0,0.0,0.0,True
V-SA,Heywood,reverse,K2,N-LTWG_RADIAL,N-LTWG_RADIAL,near,130,0.0,0.0,0.0,True
V-SA,Heywood,forward,K2,N-LTWG_X5,N-LTWG_X5,near,574,0.0,0.0,0.0,True
V-SA,Heywood,reverse,K2,N-LTWG_X5,N-LTWG_X5,near,574,0.0,0.0,0.0,True
V-SA,Heywood,forward,K2,N-WGWA_63,N-WGWA_63,near,340,-0.00044117647058823526,-0.0015852169468423443,0.0,True
V-SA,Heywood,reverse,K2,N-WGWA_63,N-WGWA_63,near,340,0.0,0.0,0.0,True
V-SA,Heywood,forward,K2,N-WGWA_63_X5,N-WGWA_63_X5,near,320,0.0,0.0,0.0,True
V-SA,Heywood,reverse,K2,N-WGWA_63_X5,N-WGWA_63_X5,near,320,0.0,0.0,0.0,True
V-SA,Heywood,forward,K2,N-WGWA_RADIAL,N-WGWA_RADIAL,near,324,0.0,0.0,0.0,True
V-SA,Heywood,reverse,K2,N-WGWA_RADIAL,N-WGWA_RADIAL,near,324,0.0,0.0,0.0,True
V-SA,Heywood,forward,K2,N-WGWA_X5,N-WGWA_X5,near,806,0.0,0.0,0.0,True
V-SA,Heywood,reverse,K2,N-WGWA_X5,N-WGWA_X5,near,806,0.0,0.0,0.0,True
V-SA,Heywood,forward,K2,S-BGDV,S-BGDV,near,585,0.0,0.0,0.0,True
V-SA,Heywood,reverse,K2,S-BGDV,S-BGDV,near,585,0.0,0.0,0.0,True
V-SA,Heywood,forward,K2,S-DVLK,S-DVLK,near,41,0.0,0.0,0.0,True
V-SA,Heywood,reverse,K2,S-DVLK,S-DVLK,near,41,0.0,0.0,0.0,True
V-SA,Heywood,forward,K2,S-KHKN,S-KHKN,near,362,0.0,0.0,0.0,True
V-SA,Heywood,reverse,K2,S-KHKN,S-KHKN,near,362,0.0,0.0,0.0,True
V-SA,Heywood,forward,K2,S-KHTB2,S-KHTB2,near,240,0.0,0.0,0.0,True
V-SA,Heywood,reverse,K2,S-KHTB2,S-KHTB2,near,240,0.0,0.0,0.0,True
V-SA,Heywood,forward,K2,S-KNPW,S-KNPW,near,517,0.0,0.0,0.0,True
V-SA,Heywood,reverse,K2,S-KNPW,S-KNPW,near,517,0.0,0.0,0.0,True
V-SA,Heywood,forward,K2,S-KNPW_BC-2CP,S-KNPW_BC-2CP,near,226,0.0,0.0,0.0,True
V-SA,Heywood,reverse,K2,S-KNPW_BC-2CP,S-KNPW_BC-2CP,near,226,0.0,0.0,0.0,True
V-SA,Heywood,forward,K2,S-MOTB,S-MOTB,near,349,0.0,0.0,0.0,True
V-SA,Heywood,reverse,K2,S-MOTB,S-MOTB,near,349,0.0,0.0,0.0,True
V-SA,Heywood,forward,K2,S-PA_VC1,S-PA_VC1,near,1613,0.0,0.0,0.0,True
V-SA,Heywood,reverse,K2,S-PA_VC1,S-PA_VC1,near,1613,0.0,0.0,0.0,True
V-SA,Heywood,forward,K2,S-RBTU,S-RBTU,near,699,0.0,0.0,0.0,True
V-SA,Heywood,reverse,K2,S-RBTU,S-RBTU,near,699,0.0,0.0,0.0,True
V-SA,Heywood,forward,K2,S-SECB6611_10,S-SECB6611_10,near,1968,0.0,0.0,0.0,True
V-SA,Heywood,reverse,K2,S-SECB6611_10,S-SECB6611_10,near,1968,0.0,0.0,0.0,True
V-SA,Heywood,forward,K2,S-SE_1CP,S-SE_1CP,near,631,0.0,0.0,0.0,True
V-SA,Heywood,reverse,K2,S-SE_1CP,S-SE_1CP,near,631,0.0,0.0,0.0,True
V-SA,Heywood,forward,K2,S-SE_VC1,S-SE_VC1,near,2753,-0.00028756508051822256,-0.0007807092539225105,0.0,True
V-SA,Heywood,reverse,K2,S-SE_VC1,S-SE_VC1,near,2753,0.0,0.0,0.0,True
V-SA,Heywood,forward,K2,S-TB132_E_BUS,S-TB132_E_BUS,near,168,0.000992063492063492,0.0,0.00385488168352601,True
V-SA,Heywood,reverse,K2,S-TB132_E_BUS,S-TB132_E_BUS,near,168,0.0,0.0,0.0,True
V-SA,Heywood,forward,K2,S-TB275_E_BUS,S-TB275_E_BUS,near,325,0.0,0.0,0.0,True
V-SA,Heywood,reverse,K2,S-TB275_E_BUS,S-TB275_E_BUS,near,325,0.0,0.0,0.0,True
V-SA,Heywood,forward,K2,S-TB275_W_BUS,S-TB275_W_BUS,near,1319,-2.5271670457417235e-05,-9.409550693954363e-05,0.0,True
V-SA,Heywood,reverse,K2,S-TB275_W_BUS,S-TB275_W_BUS,near,1319,0.0,0.0,0.0,True
V-SA,Heywood,forward,K2,S-TB275_W_BUS_BC-2CP,S-TB275_W_BUS_BC-2CP,near,244,0.0,0.0,0.0,True
V-SA,Heywood,reverse,K2,S-TB275_W_BUS_BC-2CP,S-TB275_W_BUS_BC-2CP,near,244,0.0,0.0,0.0,True
V-SA,Heywood,forward,K2,S-TBCP1,S-TBCP1,near,1835,0.0,0.0,0.0,True
V-SA,Heywood,reverse,K2,S-TBCP1,S-TBCP1,near,1835,0.0,0.0,0.0,True
V-SA,Heywood,forward,K2,S-TBSE,S-TBSE,near,1741,-0.0006222477503350566,-0.0038811132561132563,0.002625203323353559,True
V-SA,Heywood,reverse,K2,S-TBSE,S-TBSE,near,1741,-0.0015795519816197588,-0.004598001398808893,0.0,True
V-SA,Heywood,forward,K2,S-TBTU,S-TBTU,near,1373,0.006439669822772516,-0.00022104400376710343,0.02096461047703439,True
V-SA,Heywood,reverse,K2,S-TBTU,S-TBTU,near,1373,0.010020636076717649,-5.252654859412119e-05,0.03209730484479951,True
V-SA,Heywood,forward,K2,S-TBTX4,S-TBTX4,near,194,-0.001718213058419244,-0.004133092286501378,0.0,True
V-SA,Heywood,reverse,K2,S-TBTX4,S-TBTX4,near,194,0.0,0.0,0.0,True
V-SA,Heywood,forward,K2,S-TB_CB6536,S-TB_CB6536,near,503,0.0,0.0,0.0,True
V-SA,Heywood,reverse,K2,S-TB_CB6536,S-TB_CB6536,near,503,0.0,0.0,0.0,True
V-SA,Heywood,forward,K2,S-TB_CB6596,S-TB_CB6596,near,729,0.0,0.0,0.0,True
V-SA,Heywood,reverse,K2,S-TB_CB6596,S-TB_CB6596,near,729,-0.0004572473708276178,-0.0015151515151515152,0.0,True
V-SA,Heywood,forward,K2,S-TPRS,S-TPRS,near,922,0.0,0.0,0.0,True
V-SA,Heywood,reverse,K2,S-TPRS,S-TPRS,near,922,0.0,0.0,0.0,True
V-SA,Heywood,forward,K2,S-WE_MWP4,S-WE_MWP4,near,473,0.0,0.0,0.0,True
V-SA,Heywood,reverse,K2,S-WE_MWP4,S-WE_MWP4,near,473,0.0,0.0,0.0,True
V-SA,Heywood,forward,K2,S-X_BDBU+SECB6611_10,S-X_BDBU+SECB6611_10,near,487,0.0,0.0,0.0,True
V-SA,Heywood,reverse,K2,S-X_BDBU+SECB6611_10,S-X_BDBU+SECB6611_10,near,487,0.0,0.0,0.0,True
V-SA,Heywood,forward,K2,S-X_BGBW+BGDV+BGTX,S-X_BGBW+BGDV+BGTX,near,706,0.0,0.0,0.0,True
V-SA,Heywood,reverse,K2,S-X_BGBW+BGDV+BGTX,S-X_BGBW+BGDV+BGTX,near,706,0.0,0.0,0.0,True
V-SA,Heywood,forward,K2,S-X_BRMN_RBTU,S-X_BRMN_RBTU,near,685,0.0,0.0,0.0,True
V-SA,Heywood,reverse,K2,S-X_BRMN_RBTU,S-X_BRMN_RBTU,near,685,0.0,0.0,0.0,True
V-SA,Heywood,forward,K2,S-X_KNPW+CB36_BC-2CP,S-X_KNPW+CB36_BC-2CP,near,88,0.0,0.0,0.0,True
V-SA,Heywood,reverse,K2,S-X_KNPW+CB36_BC-2CP,S-X_KNPW+CB36_BC-2CP,near,88,0.0,0.0,0.0,True
V-SA,Heywood,forward,K2,S-X_MGTI+PATI,S-X_MGTI+PATI,near,297,0.0,0.0,0.0,True
V-SA,Heywood,reverse,K2,S-X_MGTI+PATI,S-X_MGTI+PATI,near,297,0.0,0.0,0.0,True
V-SA,Heywood,forward,K2,S-X_TBSE+BDBU,S-X_TBSE+BDBU,near,60,0.0,0.0,0.0,True
V-SA,Heywood,reverse,K2,S-X_TBSE+BDBU,S-X_TBSE+BDBU,near,60,0.0,0.0,0.0,True
V-SA,Heywood,forward,K2,S-X_TBTU+BDBU,S-X_TBTU+BDBU,near,57,0.0,0.0,0.0,True
V-SA,Heywood,reverse,K2,S-X_TBTU+BDBU,S-X_TBTU+BDBU,near,57,0.0,0.0,0.0,True
V-SA,Heywood,forward,K2,V-ARCW,V-ARCW,near,110,0.0,0.0,0.0,True
V-SA,Heywood,reverse,K2,V-ARCW,V-ARCW,near,110,0.0,0.0,0.0,True
V-SA,Heywood,forward,K2,V-AR_WB_BA,V-AR_WB_BA,near,436,0.0,0.0,0.0,True
V-SA,Heywood,reverse,K2,V-AR_WB_BA,V-AR_WB_BA,near,436,0.0,0.0,0.0,True
V-SA,Heywood,forward,K2,V-BAML1_15M,V-BAML1_15M,near,329,0.0,0.0,0.0,True
V-SA,Heywood,reverse,K2,V-BAML1_15M,V-BAML1_15M,near,329,0.0,0.0,0.0,True
V-SA,Heywood,forward,K2,V-BUCW,V-BUCW,near,40,0.0,0.0,0.0,True
V-SA,Heywood,reverse,K2,V-BUCW,V-BUCW,near,40,0.0,0.0,0.0,True
V-SA,Heywood,forward,K2,V-CPRC,V-CPRC,near,36,0.0,0.0,0.0,True
V-SA,Heywood,reverse,K2,V-CPRC,V-CPRC,near,36,0.0,0.0,0.0,True
V-SA,Heywood,forward,K2,V-CRML,V-CRML,near,447,0.03875838926174496,-0.010045145034414945,0.11008195307108351,True
V-SA,Heywood,reverse,K2,V-CRML,V-CRML,near,447,0.05323141933880189,-0.012029873294346977,0.1410057533651758,True
V-SA,Heywood,forward,K2,V-CRML1,V-CRML1,near,86,0.0,0.0,0.0,True
V-SA,Heywood,reverse,K2,V-CRML1,V-CRML1,near,86,-0.003875968992248062,-0.012345679012345678,0.0,True
V-SA,Heywood,forward,K2,V-CRMO,V-CRMO,near,147,-0.07433862433862433,-0.16999999999999998,0.0,True
V-SA,Heywood,reverse,K2,V-CRMO,V-CRMO,near,147,-0.05965608465608465,-0.16312835811570658,0.004020002807411561,True
V-SA,Heywood,forward,K2,V-CWHO,V-CWHO,near,62,0.0,0.0,0.0,True
V-SA,Heywood,reverse,K2,V-CWHO,V-CWHO,near,62,0.0,0.0,0.0,True
V-SA,Heywood,forward,K2,V-DDMS,V-DDMS,near,690,0.0,0.0,0.0,True
V-SA,Heywood,reverse,K2,V-DDMS,V-DDMS,near,690,0.0,0.0,0.0,True
V-SA,Heywood,forward,K2,V-HGMO,V-HGMO,near,17,0.0,0.0,0.0,True
V-SA,Heywood,reverse,K2,V-HGMO,V-HGMO,near,17,0.0,0.0,0.0,True
V-SA,Heywood,forward,K2,V-HGTR,V-HGTR,near,45,-0.022222222222222223,-0.041666666666666664,0.0,True
V-SA,Heywood,reverse,K2,V-HGTR,V-HGTR,near,45,-0.022222222222222223,-0.041666666666666664,0.0,True
V-SA,Heywood,forward,K2,V-HYMO,V-HYMO,near,239,0.13924918642491863,0.006826761390933999,0.30617011853238085,False
V-SA,Heywood,reverse,K2,V-HYMO,V-HYMO,near,239,0.16266852626685263,0.01876466328421583,0.3377632267594591,False
V-SA,Heywood,forward,K2,V-HYTR,V-HYTR,near,41,0.0,0.0,0.0,True
V-SA,Heywood,reverse,K2,V-HYTR,V-HYTR,near,41,0.0,0.0,0.0,True
V-SA,Heywood,forward,K2,V-KG_WE_RC,V-KG_WE_RC,near,229,0.0,0.0,0.0,True
V-SA,Heywood,reverse,K2,V-KG_WE_RC,V-KG_WE_RC,near,229,0.0,0.0,0.0,True
V-SA,Heywood,forward,K2,V-KMRC,V-KMRC,near,523,0.0,0.0,0.0,True
V-SA,Heywood,reverse,K2,V-KMRC,V-KMRC,near,523,0.0,0.0,0.0,True
V-SA,Heywood,forward,K2,V-KOWE,V-KOWE,near,352,0.0,0.0,0.0,True
V-SA,Heywood,reverse,K2,V-KOWE,V-KOWE,near,352,0.0,0.0,0.0,True
V-SA,Heywood,forward,K2,V-MLSY_NOEMTT_P,V-MLSY_NOEMTT_P,near,17,0.0,0.0,0.0,True
V-SA,Heywood,reverse,K2,V-MLSY_NOEMTT_P,V-MLSY_NOEMTT_P,near,17,0.0,0.0,0.0,True
V-SA,Heywood,forward,K2,V-MLSY_NOEMTT_R,V-MLSY_NOEMTT_R,near,921,0.0,0.0,0.0,True
V-SA,Heywood,reverse,K2,V-MLSY_NOEMTT_R,V-MLSY_NOEMTT_R,near,921,0.0,0.0,0.0,True
V-SA,Heywood,forward,K2,V-MOTR,V-MOTR,near,41,0.0,0.0,0.0,True
V-SA,Heywood,reverse,K2,V-MOTR,V-MOTR,near,41,0.0,0.0,0.0,True
V-SA,Heywood,forward,K2,V-MRKM,V-MRKM,near,319,0.0,0.0,0.0,True
V-SA,Heywood,reverse,K2,V-MRKM,V-MRKM,near,319,0.0,0.0,0.0,True
V-SA,Heywood,forward,K2,V-RCTS_BUS2,V-RCTS_BUS2,near,156,0.0,0.0,0.0,True
V-SA,Heywood,reverse,K2,V-RCTS_BUS2,V-RCTS_BUS2,near,156,0.0,0.0,0.0,True
V-SA,Heywood,forward,K2,V-SMSC,V-SMSC,near,1400,0.028311507936507937,0.0028529942414450243,0.0590864302040724,False
V-SA,Heywood,reverse,K2,V-SMSC,V-SMSC,near,1400,0.0,0.0,0.0,True
VIC1-NSW1,VNI,forward,K2,CA_BRIS_5964121F,CA_BRIS_5964121F,near,6,0.0,0.0,0.0,True
VIC1-NSW1,VNI,reverse,K2,CA_BRIS_5964121F,CA_BRIS_5964121F,near,6,0.0,0.0,0.0,True
VIC1-NSW1,VNI,forward,K2,CA_SYDS_562A9792,CA_SYDS_562A9792,near,16,0.0,0.0,0.0,True
VIC1-NSW1,VNI,reverse,K2,CA_SYDS_562A9792,CA_SYDS_562A9792,near,16,0.0,0.0,0.0,True
VIC1-NSW1,VNI,forward,K2,CA_SYDS_56FB4FDD,CA_SYDS_56FB4FDD,near,14,0.0,0.0,0.0,True
VIC1-NSW1,VNI,reverse,K2,CA_SYDS_56FB4FDD,CA_SYDS_56FB4FDD,near,14,0.0,0.0,0.0,True
VIC1-NSW1,VNI,forward,K2,CA_SYDS_57BBC96F,CA_SYDS_57BBC96F,near,30,0.0,0.0,0.0,True
VIC1-NSW1,VNI,reverse,K2,CA_SYDS_57BBC96F,CA_SYDS_57BBC96F,near,30,0.0,0.0,0.0,True
VIC1-NSW1,VNI,forward,K2,I-6F_NS_050,I-6F_NS_050,near,17,0.0,0.0,0.0,True
VIC1-NSW1,VNI,reverse,K2,I-6F_NS_050,I-6F_NS_050,near,17,0.0,0.0,0.0,True
VIC1-NSW1,VNI,forward,K2,I-BDBU_ONE,I-BDBU_ONE,near,2118,-0.006759521561221278,-0.01567408904936386,0.0008158729864928378,True
VIC1-NSW1,VNI,reverse,K2,I-BDBU_ONE,I-BDBU_ONE,near,2118,0.00514636449480642,0.0,0.012537840248901467,True
VIC1-NSW1,VNI,forward,K2,I-BURC,I-BURC,near,416,-0.001282051282051282,-0.003382087284969413,0.0,True
VIC1-NSW1,VNI,reverse,K2,I-BURC,I-BURC,near,416,0.0,0.0,0.0,True
VIC1-NSW1,VNI,forward,K2,I-HYSE,I-HYSE,near,658,0.0,0.0,0.0,True
VIC1-NSW1,VNI,reverse,K2,I-HYSE,I-HYSE,near,658,0.0,0.0,0.0,True
VIC1-NSW1,VNI,forward,K2,I-JNWO_63,I-JNWO_63,near,138,0.0,0.0,0.0,True
VIC1-NSW1,VNI,reverse,K2,I-JNWO_63,I-JNWO_63,near,138,0.0,0.0,0.0,True
VIC1-NSW1,VNI,forward,K2,I-JNWO_RADIAL,I-JNWO_RADIAL,near,138,0.0,0.0,0.0,True
VIC1-NSW1,VNI,reverse,K2,I-JNWO_RADIAL,I-JNWO_RADIAL,near,138,-0.030434782608695646,-0.07928218353750269,0.0,True
VIC1-NSW1,VNI,forward,K2,I-LTMS,I-LTMS,near,196,0.0,0.0,0.0,True
VIC1-NSW1,VNI,reverse,K2,I-LTMS,I-LTMS,near,196,0.0,0.0,0.0,True
VIC1-NSW1,VNI,forward,K2,I-MURRAY_SRAS_R,I-MURRAY_SRAS_R,near,20,0.0,0.0,0.0,True
VIC1-NSW1,VNI,reverse,K2,I-MURRAY_SRAS_R,I-MURRAY_SRAS_R,near,20,0.0,0.0,0.0,True
VIC1-NSW1,VNI,forward,K2,I-X_64_DDSM,I-X_64_DDSM,near,30,0.0,0.0,0.0,True
VIC1-NSW1,VNI,reverse,K2,I-X_64_DDSM,I-X_64_DDSM,near,30,-0.042222222222222223,-0.07111111111111111,-0.013333333333333334,False
VIC1-NSW1,VNI,forward,K2,I-X_BABU_BURC,I-X_BABU_BURC,near,94,0.0,0.0,0.0,True
VIC1-NSW1,VNI,reverse,K2,I-X_BABU_BURC,I-X_BABU_BURC,near,94,0.0,0.0,0.0,True
VIC1-NSW1,VNI,forward,K2,I-X_BDBU+HYSE,I-X_BDBU+HYSE,near,170,0.023627450980392158,-0.011446886446886441,0.0743859649122807,True
VIC1-NSW1,VNI,reverse,K2,I-X_BDBU+HYSE,I-X_BDBU+HYSE,near,170,0.0,0.0,0.0,True
VIC1-NSW1,VNI,forward,K2,N-4+1_WG_CLOSE,N-4+1_WG_CLOSE,near,30,0.0,0.0,0.0,True
VIC1-NSW1,VNI,reverse,K2,N-4+1_WG_CLOSE,N-4+1_WG_CLOSE,near,30,-0.02,-0.027083333333333334,-0.011904761904761902,False
VIC1-NSW1,VNI,forward,K2,N-AVMA_17,N-AVMA_17,near,1839,0.0,0.0,0.0,True
VIC1-NSW1,VNI,reverse,K2,N-AVMA_17,N-AVMA_17,near,1839,0.0,0.0,0.0,True
VIC1-NSW1,VNI,forward,K2,N-BABU,N-BABU,near,903,0.0,0.0,0.0,True
VIC1-NSW1,VNI,reverse,K2,N-BABU,N-BABU,near,903,0.006275378368401623,0.0,0.02086082232766176,True
VIC1-NSW1,VNI,forward,K2,N-BADP,N-BADP,near,266,-0.004511278195488722,-0.01739554612937434,0.0,True
VIC1-NSW1,VNI,reverse,K2,N-BADP,N-BADP,near,266,-0.06136173767752714,-0.17981923001188144,0.011232016802017302,True
VIC1-NSW1,VNI,forward,K2,N-BJYS_970,N-BJYS_970,near,246,0.0,0.0,0.0,True
VIC1-NSW1,VNI,reverse,K2,N-BJYS_970,N-BJYS_970,near,246,0.0,0.0,0.0,True
VIC1-NSW1,VNI,forward,K2,N-BU_330_TX_ONE,N-BU_330_TX_ONE,near,771,0.0,0.0,0.0,True
VIC1-NSW1,VNI,reverse,K2,N-BU_330_TX_ONE,N-BU_330_TX_ONE,near,771,0.0,0.0,0.0,True
VIC1-NSW1,VNI,forward,K2,N-CNLT_07,N-CNLT_07,near,1328,0.0,0.0,0.0,True
VIC1-NSW1,VNI,reverse,K2,N-CNLT_07,N-CNLT_07,near,1328,0.0,0.0,0.0,True
VIC1-NSW1,VNI,forward,K2,N-CTMN_4_WG_CLOSE,N-CTMN_4_WG_CLOSE,near,1003,-0.027243270189431706,-0.044097460910182955,-0.01148883663955296,False
VIC1-NSW1,VNI,reverse,K2,N-CTMN_4_WG_CLOSE,N-CTMN_4_WG_CLOSE,near,1003,0.01633709981167608,-0.014641146956703563,0.060969527658823,True
VIC1-NSW1,VNI,forward,K2,N-CTYS_3L_WG_CLOSE,N-CTYS_3L_WG_CLOSE,near,1444,0.005528624192059095,-0.007504109531018074,0.02508101045633262,True
VIC1-NSW1,VNI,reverse,K2,N-CTYS_3L_WG_CLOSE,N-CTYS_3L_WG_CLOSE,near,1444,-0.0043167128347183755,-0.015562859090196359,0.00785010651762309,True
VIC1-NSW1,VNI,forward,K2,N-DPWG_63,N-DPWG_63,near,868,0.0,0.0,0.0,True
VIC1-NSW1,VNI,reverse,K2,N-DPWG_63,N-DPWG_63,near,868,-0.00038402457757296467,-0.0012394675500509466,0.0,True
VIC1-NSW1,VNI,forward,K2,N-DPWG_63_X5,N-DPWG_63_X5,near,826,0.0,0.0,0.0,True
VIC1-NSW1,VNI,reverse,K2,N-DPWG_63_X5,N-DPWG_63_X5,near,826,0.0,0.0,0.0,True
VIC1-NSW1,VNI,forward,K2,N-DTKV_18_WG_CLOSE,N-DTKV_18_WG_CLOSE,near,176,0.0,0.0,0.0,True
VIC1-NSW1,VNI,reverse,K2,N-DTKV_18_WG_CLOSE,N-DTKV_18_WG_CLOSE,near,176,0.0,0.0,0.0,True
VIC1-NSW1,VNI,forward,K2,N-DTMN_8_15M,N-DTMN_8_15M,near,1233,0.0,0.0,0.0,True
VIC1-NSW1,VNI,reverse,K2,N-DTMN_8_15M,N-DTMN_8_15M,near,1233,0.0,0.0,0.0,True
VIC1-NSW1,VNI,forward,K2,N-DTSS_11,N-DTSS_11,near,1331,0.0,0.0,0.0,True
VIC1-NSW1,VNI,reverse,K2,N-DTSS_11,N-DTSS_11,near,1331,0.0,0.0,0.0,True
VIC1-NSW1,VNI,forward,K2,N-ER_TX,N-ER_TX,near,681,0.0,0.0,0.0,True
VIC1-NSW1,VNI,reverse,K2,N-ER_TX,N-ER_TX,near,681,0.0,0.0,0.0,True
VIC1-NSW1,VNI,forward,K2,N-GRYS_3J_15M,N-GRYS_3J_15M,near,41,0.0,0.0,0.0,True
VIC1-NSW1,VNI,reverse,K2,N-GRYS_3J_15M,N-GRYS_3J_15M,near,41,0.0,0.0,0.0,True
VIC1-NSW1,VNI,forward,K2,N-JNWG_RADIAL,N-JNWG_RADIAL,near,572,0.0,0.0,0.0,True
VIC1-NSW1,VNI,reverse,K2,N-JNWG_RADIAL,N-JNWG_RADIAL,near,572,0.0,0.0,0.0,True
VIC1-NSW1,VNI,forward,K2,N-KVCW_3W_WG_CLOSE,N-KVCW_3W_WG_CLOSE,near,591,-0.019411543523218652,-0.08127044021013421,0.061309945211548325,True
VIC1-NSW1,VNI,reverse,K2,N-KVCW_3W_WG_CLOSE,N-KVCW_3W_WG_CLOSE,near,591,-0.05360500094002632,-0.09973416897230739,-0.007997123091699018,False
VIC1-NSW1,VNI,forward,K2,N-LTUT_64_15M,N-LTUT_64_15M,near,1061,0.0,0.0,0.0,True
VIC1-NSW1,VNI,reverse,K2,N-LTUT_64_15M,N-LTUT_64_15M,near,1061,0.0,0.0,0.0,True
VIC1-NSW1,VNI,forward,K2,N-LTWG_63,N-LTWG_63,near,19,0.0,0.0,0.0,True
VIC1-NSW1,VNI,reverse,K2,N-LTWG_63,N-LTWG_63,near,19,0.0,0.0,0.0,True
VIC1-NSW1,VNI,forward,K2,N-LTWG_RADIAL,N-LTWG_RADIAL,near,128,0.0,0.0,0.0,True
VIC1-NSW1,VNI,reverse,K2,N-LTWG_RADIAL,N-LTWG_RADIAL,near,128,0.0,0.0,0.0,True
VIC1-NSW1,VNI,forward,K2,N-LTWG_X5,N-LTWG_X5,near,678,0.0,0.0,0.0,True
VIC1-NSW1,VNI,reverse,K2,N-LTWG_X5,N-LTWG_X5,near,678,-0.008226810881678136,-0.05661886323252516,0.05408310889290782,True
VIC1-NSW1,VNI,forward,K2,N-MA_CB172A,N-MA_CB172A,near,455,0.0,0.0,0.0,True
VIC1-NSW1,VNI,reverse,K2,N-MA_CB172A,N-MA_CB172A,near,455,0.0,0.0,0.0,True
VIC1-NSW1,VNI,forward,K2,N-MNYS_5_WG_CLOSE,N-MNYS_5_WG_CLOSE,near,1704,0.06455399061032863,-0.0021724768162940237,0.12505502101563856,True
VIC1-NSW1,VNI,reverse,K2,N-MNYS_5_WG_CLOSE,N-MNYS_5_WG_CLOSE,near,1704,0.01592820813771518,-0.00990671049549045,0.04946764886619102,True
VIC1-NSW1,VNI,forward,K2,N-MNYS_5_WG_OPEN,N-MNYS_5_WG_OPEN,near,83,0.0,0.0,0.0,True
VIC1-NSW1,VNI,reverse,K2,N-MNYS_5_WG_OPEN,N-MNYS_5_WG_OPEN,near,83,0.0,0.0,0.0,True
VIC1-NSW1,VNI,forward,K2,N-MPWW_ONE,N-MPWW_ONE,near,700,0.0,0.0,0.0,True
VIC1-NSW1,VNI,reverse,K2,N-MPWW_ONE,N-MPWW_ONE,near,700,0.0,0.0,0.0,True
VIC1-NSW1,VNI,forward,K2,N-TUTBJ_992,N-TUTBJ_992,near,8,0.0,0.0,0.0,True
VIC1-NSW1,VNI,reverse,K2,N-TUTBJ_992,N-TUTBJ_992,near,8,0.0,0.0,0.0,True
VIC1-NSW1,VNI,forward,K2,N-WAGGA_330_BUSA,N-WAGGA_330_BUSA,near,396,0.0,0.0,0.0,True
VIC1-NSW1,VNI,reverse,K2,N-WAGGA_330_BUSA,N-WAGGA_330_BUSA,near,396,0.0,0.0,0.0,True
VIC1-NSW1,VNI,forward,K2,N-WAGGA_330_BUSB,N-WAGGA_330_BUSB,near,662,0.0,0.0,0.0,True
VIC1-NSW1,VNI,reverse,K2,N-WAGGA_330_BUSB,N-WAGGA_330_BUSB,near,662,0.0,0.0,0.0,True
VIC1-NSW1,VNI,forward,K2,N-WGWA_63,N-WGWA_63,near,391,-0.00042625745950554135,-0.0014338725171206346,0.0,True
VIC1-NSW1,VNI,reverse,K2,N-WGWA_63,N-WGWA_63,near,391,0.0034100596760443308,0.0,0.010813020104573237,True
VIC1-NSW1,VNI,forward,K2,N-WGWA_63_X5,N-WGWA_63_X5,near,426,0.0,0.0,0.0,True
VIC1-NSW1,VNI,reverse,K2,N-WGWA_63_X5,N-WGWA_63_X5,near,426,0.0015649452269170577,0.0,0.006712543079992743,True
VIC1-NSW1,VNI,forward,K2,N-WGWA_RADIAL,N-WGWA_RADIAL,near,402,-0.011857379767827532,-0.038034450354609936,0.0,True
VIC1-NSW1,VNI,reverse,K2,N-WGWA_RADIAL,N-WGWA_RADIAL,near,402,0.0033167495854063015,0.0,0.01025706940874036,True
VIC1-NSW1,VNI,forward,K2,N-WGWA_X5,N-WGWA_X5,near,693,0.0006613756613756612,0.0,0.00206479811259223,True
VIC1-NSW1,VNI,reverse,K2,N-WGWA_X5,N-WGWA_X5,near,693,0.014878948212281544,-0.014959140440147992,0.06275834168487114,True
VIC1-NSW1,VNI,forward,K2,N-WNMR_991,N-WNMR_991,near,249,0.0,0.0,0.0,True
VIC1-NSW1,VNI,reverse,K2,N-WNMR_991,N-WNMR_991,near,249,0.0,0.0,0.0,True
VIC1-NSW1,VNI,forward,K2,N-X_03+4_WG_CLOSE,N-X_03+4_WG_CLOSE,near,361,0.0,0.0,0.0,True
VIC1-NSW1,VNI,reverse,K2,N-X_03+4_WG_CLOSE,N-X_03+4_WG_CLOSE,near,361,0.0,0.0,0.0,True
VIC1-NSW1,VNI,forward,K2,N-X_051_X5,N-X_051_X5,near,39,0.0,0.0,0.0,True
VIC1-NSW1,VNI,reverse,K2,N-X_051_X5,N-X_051_X5,near,39,0.0,0.0,0.0,True
VIC1-NSW1,VNI,forward,K2,N-X_11+14,N-X_11+14,near,67,0.0,0.0,0.0,True
VIC1-NSW1,VNI,reverse,K2,N-X_11+14,N-X_11+14,near,67,0.0,0.0,0.0,True
VIC1-NSW1,VNI,forward,K2,N-X_2_5,N-X_2_5,near,187,0.019518716577540108,0.0,0.04354201431379092,True
VIC1-NSW1,VNI,reverse,K2,N-X_2_5,N-X_2_5,near,187,0.0,0.0,0.0,True
VIC1-NSW1,VNI,forward,K2,N-X_3L+07_WG_CLOSE,N-X_3L+07_WG_CLOSE,near,197,0.0,0.0,0.0,True
VIC1-NSW1,VNI,reverse,K2,N-X_3L+07_WG_CLOSE,N-X_3L+07_WG_CLOSE,near,197,0.0,0.0,0.0,True
VIC1-NSW1,VNI,forward,K2,N-X_3L+11_WG_CLOSE,N-X_3L+11_WG_CLOSE,near,184,0.0,0.0,0.0,True
VIC1-NSW1,VNI,reverse,K2,N-X_3L+11_WG_CLOSE,N-X_3L+11_WG_CLOSE,near,184,0.0,0.0,0.0,True
VIC1-NSW1,VNI,forward,K2,N-X_3L+2_WG_CLOSE,N-X_3L+2_WG_CLOSE,near,133,0.03103592314118629,-0.05454712065006182,0.11450127551020378,True
VIC1-NSW1,VNI,reverse,K2,N-X_3L+2_WG_CLOSE,N-X_3L+2_WG_CLOSE,near,133,0.0,0.0,0.0,True
VIC1-NSW1,VNI,forward,K2,N-X_4+07_WG_CLOSE,N-X_4+07_WG_CLOSE,near,498,0.03371262829094154,-0.004065838454591512,0.09121815537981819,True
VIC1-NSW1,VNI,reverse,K2,N-X_4+07_WG_CLOSE,N-X_4+07_WG_CLOSE,near,498,-0.0014892904953145917,-0.005387409200968523,0.0,True
VIC1-NSW1,VNI,forward,K2,N-X_4+17_WG_CLOSE,N-X_4+17_WG_CLOSE,near,211,0.04976303317535545,0.0,0.1486202830188679,True
VIC1-NSW1,VNI,reverse,K2,N-X_4+17_WG_CLOSE,N-X_4+17_WG_CLOSE,near,211,0.0,0.0,0.0,True
VIC1-NSW1,VNI,forward,K2,N-X_5+07_WG_CLOSE,N-X_5+07_WG_CLOSE,near,63,0.0,0.0,0.0,True
VIC1-NSW1,VNI,reverse,K2,N-X_5+07_WG_CLOSE,N-X_5+07_WG_CLOSE,near,63,0.0,0.0,0.0,True
VIC1-NSW1,VNI,forward,K2,N-X_61_76,N-X_61_76,near,67,0.0,0.0,0.0,True
VIC1-NSW1,VNI,reverse,K2,N-X_61_76,N-X_61_76,near,67,0.0,0.0,0.0,True
VIC1-NSW1,VNI,forward,K2,N-X_AVMA_SSWW,N-X_AVMA_SSWW,near,326,0.0,0.0,0.0,True
VIC1-NSW1,VNI,reverse,K2,N-X_AVMA_SSWW,N-X_AVMA_SSWW,near,326,0.0,0.0,0.0,True
VIC1-NSW1,VNI,forward,K2,N-X_BABU_BADP_MNYS,N-X_BABU_BADP_MNYS,near,27,0.0,0.0,0.0,True
VIC1-NSW1,VNI,reverse,K2,N-X_BABU_BADP_MNYS,N-X_BABU_BADP_MNYS,near,27,0.0,0.0,0.0,True
VIC1-NSW1,VNI,forward,K2,N-X_BWWO_BWLD,N-X_BWWO_BWLD,near,112,0.0,0.0,0.0,True
VIC1-NSW1,VNI,reverse,K2,N-X_BWWO_BWLD,N-X_BWWO_BWLD,near,112,0.0,0.0,0.0,True
VIC1-NSW1,VNI,forward,K2,N-X_LPSS_MPWW,N-X_LPSS_MPWW,near,642,0.0,0.0,0.0,True
VIC1-NSW1,VNI,reverse,K2,N-X_LPSS_MPWW,N-X_LPSS_MPWW,near,642,0.0,0.0,0.0,True
VIC1-NSW1,VNI,forward,K2,N-X_LTYS_MNYS,N-X_LTYS_MNYS,near,85,0.0,0.0,0.0,True
VIC1-NSW1,VNI,reverse,K2,N-X_LTYS_MNYS,N-X_LTYS_MNYS,near,85,0.0,0.0,0.0,True
VIC1-NSW1,VNI,forward,K2,S-TBSE,S-TBSE,near,1744,0.0,0.0,0.0,True
VIC1-NSW1,VNI,reverse,K2,S-TBSE,S-TBSE,near,1744,0.0,0.0,0.0,True
VIC1-NSW1,VNI,forward,K2,S-X_TBSE+BDBU,S-X_TBSE+BDBU,near,47,0.0,0.0,0.0,True
VIC1-NSW1,VNI,reverse,K2,S-X_TBSE+BDBU,S-X_TBSE+BDBU,near,47,0.0,0.0,0.0,True
VIC1-NSW1,VNI,forward,K2,V-ARCW,V-ARCW,near,97,0.0,0.0,0.0,True
VIC1-NSW1,VNI,reverse,K2,V-ARCW,V-ARCW,near,97,0.0,0.0,0.0,True
VIC1-NSW1,VNI,forward,K2,V-AR_WB_BA,V-AR_WB_BA,near,475,0.0,0.0,0.0,True
VIC1-NSW1,VNI,reverse,K2,V-AR_WB_BA,V-AR_WB_BA,near,475,0.0,0.0,0.0,True
VIC1-NSW1,VNI,forward,K2,V-BAML1_15M,V-BAML1_15M,near,379,0.0,0.0,0.0,True
VIC1-NSW1,VNI,reverse,K2,V-BAML1_15M,V-BAML1_15M,near,379,0.0,0.0,0.0,True
VIC1-NSW1,VNI,forward,K2,V-BEKG,V-BEKG,near,32,0.0,0.0,0.0,True
VIC1-NSW1,VNI,reverse,K2,V-BEKG,V-BEKG,near,32,0.0,0.0,0.0,True
VIC1-NSW1,VNI,forward,K2,V-BUCW,V-BUCW,near,40,0.0,0.0,0.0,True
VIC1-NSW1,VNI,reverse,K2,V-BUCW,V-BUCW,near,40,0.0,0.0,0.0,True
VIC1-NSW1,VNI,forward,K2,V-BUHO,V-BUHO,near,62,0.0,0.0,0.0,True
VIC1-NSW1,VNI,reverse,K2,V-BUHO,V-BUHO,near,62,0.0,0.0,0.0,True
VIC1-NSW1,VNI,forward,K2,V-CPRC,V-CPRC,near,38,0.0,0.0,0.0,True
VIC1-NSW1,VNI,reverse,K2,V-CPRC,V-CPRC,near,38,0.0,0.0,0.0,True
VIC1-NSW1,VNI,forward,K2,V-CRGP,V-CRGP,near,511,0.0,0.0,0.0,True
VIC1-NSW1,VNI,reverse,K2,V-CRGP,V-CRGP,near,511,0.0,0.0,0.0,True
VIC1-NSW1,VNI,forward,K2,V-CRML,V-CRML,near,445,0.0,0.0,0.0,True
VIC1-NSW1,VNI,reverse,K2,V-CRML,V-CRML,near,445,0.0,0.0,0.0,True
VIC1-NSW1,VNI,forward,K2,V-CRMO,V-CRMO,near,144,0.010416666666666666,0.0,0.03516317052165354,True
VIC1-NSW1,VNI,reverse,K2,V-CRMO,V-CRMO,near,144,0.0,0.0,0.0,True
VIC1-NSW1,VNI,forward,K2,V-CWHO,V-CWHO,near,77,0.0,0.0,0.0,True
VIC1-NSW1,VNI,reverse,K2,V-CWHO,V-CWHO,near,77,0.0,0.0,0.0,True
VIC1-NSW1,VNI,forward,K2,V-DDMS,V-DDMS,near,684,0.0,0.0,0.0,True
VIC1-NSW1,VNI,reverse,K2,V-DDMS,V-DDMS,near,684,0.0,0.0,0.0,True
VIC1-NSW1,VNI,forward,K2,V-DDSM,V-DDSM,near,369,0.0,0.0,0.0,True
VIC1-NSW1,VNI,reverse,K2,V-DDSM,V-DDSM,near,369,0.0,0.0,0.0,True
VIC1-NSW1,VNI,forward,K2,V-DDWO_63,V-DDWO_63,near,121,0.0,0.0,0.0,True
VIC1-NSW1,VNI,reverse,K2,V-DDWO_63,V-DDWO_63,near,121,0.0,0.0,0.0,True
VIC1-NSW1,VNI,forward,K2,V-DDWO_RADIAL,V-DDWO_RADIAL,near,123,-0.01084010840108401,-0.02150537634408602,0.0,True
VIC1-NSW1,VNI,reverse,K2,V-DDWO_RADIAL,V-DDWO_RADIAL,near,123,0.07369015356820234,-0.0689516129032258,0.2641092708333333,True
VIC1-NSW1,VNI,forward,K2,V-DDWO_X5,V-DDWO_X5,near,83,-0.01606425702811245,-0.031746031746031744,0.0,True
VIC1-NSW1,VNI,reverse,K2,V-DDWO_X5,V-DDWO_X5,near,83,0.10083668005354751,-0.09583333333333334,0.34927983539094654,True
VIC1-NSW1,VNI,forward,K2,V-HGTR,V-HGTR,near,48,0.0,0.0,0.0,True
VIC1-NSW1,VNI,reverse,K2,V-HGTR,V-HGTR,near,48,0.0,0.0,0.0,True
VIC1-NSW1,VNI,forward,K2,V-HOMR,V-HOMR,near,74,0.0,0.0,0.0,True
VIC1-NSW1,VNI,reverse,K2,V-HOMR,V-HOMR,near,74,0.0,0.0,0.0,True
VIC1-NSW1,VNI,forward,K2,V-HYMO,V-HYMO,near,267,0.0,0.0,0.0,True
VIC1-NSW1,VNI,reverse,K2,V-HYMO,V-HYMO,near,267,0.0,0.0,0.0,True
VIC1-NSW1,VNI,forward,K2,V-HYTR,V-HYTR,near,41,0.0,0.0,0.0,True
VIC1-NSW1,VNI,reverse,K2,V-HYTR,V-HYTR,near,41,0.0,0.0,0.0,True
VIC1-NSW1,VNI,forward,K2,V-KG_WE_RC,V-KG_WE_RC,near,232,0.0,0.0,0.0,True
VIC1-NSW1,VNI,reverse,K2,V-KG_WE_RC,V-KG_WE_RC,near,232,0.0,0.0,0.0,True
VIC1-NSW1,VNI,forward,K2,V-KMRC,V-KMRC,near,564,0.0,0.0,0.0,True
VIC1-NSW1,VNI,reverse,K2,V-KMRC,V-KMRC,near,564,0.0,0.0,0.0,True
VIC1-NSW1,VNI,forward,K2,V-KOWE,V-KOWE,near,581,0.0,0.0,0.0,True
VIC1-NSW1,VNI,reverse,K2,V-KOWE,V-KOWE,near,581,0.0,0.0,0.0,True
VIC1-NSW1,VNI,forward,K2,V-MLSY_NOEMTT_P,V-MLSY_NOEMTT_P,near,24,0.0,0.0,0.0,True
VIC1-NSW1,VNI,reverse,K2,V-MLSY_NOEMTT_P,V-MLSY_NOEMTT_P,near,24,0.0,0.0,0.0,True
VIC1-NSW1,VNI,forward,K2,V-MLSY_NOEMTT_R,V-MLSY_NOEMTT_R,near,819,0.0,0.0,0.0,True
VIC1-NSW1,VNI,reverse,K2,V-MLSY_NOEMTT_R,V-MLSY_NOEMTT_R,near,819,0.0,0.0,0.0,True
VIC1-NSW1,VNI,forward,K2,V-MOTR,V-MOTR,near,43,0.0,0.0,0.0,True
VIC1-NSW1,VNI,reverse,K2,V-MOTR,V-MOTR,near,43,0.0,0.0,0.0,True
VIC1-NSW1,VNI,forward,K2,V-MRKM,V-MRKM,near,356,0.0,0.0,0.0,True
VIC1-NSW1,VNI,reverse,K2,V-MRKM,V-MRKM,near,356,0.0,0.0,0.0,True
VIC1-NSW1,VNI,forward,K2,V-RCTS_BUS2,V-RCTS_BUS2,near,115,0.0,0.0,0.0,True
VIC1-NSW1,VNI,reverse,K2,V-RCTS_BUS2,V-RCTS_BUS2,near,115,0.0,0.0,0.0,True
VIC1-NSW1,VNI,forward,K2,V-SMSC,V-SMSC,near,1196,0.025023225566703826,0.0033282814169439848,0.05330385004923171,False
VIC1-NSW1,VNI,reverse,K2,V-SMSC,V-SMSC,near,1196,0.0,0.0,0.0,True
