ic,name,direction,GENCONSETID,during_leader_1,during_share_1,during_top3,before_top3,leader_changed_share
NSW1-QLD1,QNI,forward,N-ARDM_8C,N>>NIL_33_34,0.35723771580345287,N>>NIL_33_34 (36%); N^^Q_ARDM_KPP_1 (17%); NQ_950_TEST (15%),N>>NIL_33_34 (30%); NQ_950_TEST (15%); NQ_950_DYN_TEST (13%),0.19672131147540983
NSW1-QLD1,QNI,forward,N-ARSR_8E,N^^Q_ARSR_KPP_1,0.6153846153846154,N^^Q_ARSR_KPP_1 (62%); N>>NIL_33_34 (17%); NQ_630 (10%),N^^Q_ARSR_KPP_1 (48%); N>>NIL_86_85_N (12%); #R031668_007_RAMP_F (4%),0.16
NSW1-QLD1,QNI,forward,N-ARTW_86,N>>NIL_33_34,0.8706536856745479,N>>NIL_33_34 (87%); N^^Q_AR_VC_MPP_2 (3%); N^^Q_AR_VC_MPP_1 (2%),N>>NIL_33_34 (37%); #NSW1-QLD1_RAMP_I_F (16%); #R030960_003_RAMP_V (5%),0.42105263157894735
NSW1-QLD1,QNI,forward,N-AVMA_17,N>>NIL_33_34,0.6859939759036144,N>>NIL_33_34 (69%); N>>NIL_86_85_N (12%); N>>LDTM_33_34_OPEN (4%),N>>NIL_33_34 (52%); Q^^TR_CLHA_-600 (7%); N::Q_4+17_KC (7%),0.07407407407407407
NSW1-QLD1,QNI,forward,N-CHKS_ONE,N>>NIL_33_34,0.30402010050251255,N>>NIL_33_34 (30%); NQ_950_DYN_TEST (27%); N>>LDTM_33_34_CL (18%),N>>NIL_33_34 (33%); NQ_950_TEST (22%); NQ_950_DYN_TEST (22%),0.2222222222222222
NSW1-QLD1,QNI,forward,N-DMSR_8J,N>>NIL_33_34,0.6645161290322581,N>>NIL_33_34 (66%); NQ_630 (7%); N^^Q_DMSR_KPP_1 (7%),N>>NIL_33_34 (38%); #NSW1-QLD1_RAMP_I_F (12%); N>>NIL_86_85_N (8%),0.23076923076923078
NSW1-QLD1,QNI,forward,N-DTMN_8_15M,N>>NIL_33_34,0.5863636363636363,N>>NIL_33_34 (59%); N^^Q_ARSR_KPP_1 (17%); NQ_950_TEST (7%),N>>NIL_33_34 (38%); F_NVS+LDTW_R5 (15%); NQ_950_TEST (15%),0.3076923076923077
NSW1-QLD1,QNI,forward,N-DTSS_11,N>>NIL_33_34,0.4855371900826446,N>>NIL_33_34 (49%); NQ_950_DYN_TEST (17%); N^^Q_NIL_KPP_1 (12%),N>>NIL_33_34 (71%); N^^Q_NIL_KPP_1 (8%); #R031373_002_RAMP_F (4%),0.125
NSW1-QLD1,QNI,forward,N-LDTM_82,N>>LDTM_33_34_OPEN,0.23298731257208766,N>>LDTM_33_34_OPEN (23%); N^^Q_NIL_KPP_1 (15%); N>>NIL_33_34 (14%),N>>NIL_33_34 (21%); N>>LDTM_33_34_OPEN (19%); N>>LDTM_33_34_CL (12%),0.15789473684210525
NSW1-QLD1,QNI,forward,N-LDTW_84,N>>NIL_33_34,0.7652582159624414,N>>NIL_33_34 (77%); F_NVS+LDTW_R5 (13%); F_NVS++LDTW_R5 (4%),N>>NIL_33_34 (38%); #NSW1-QLD1_RAMP_I_F (31%); #R030960_003_RAMP_V (8%),0.5384615384615384
NSW1-QLD1,QNI,forward,N-TWUL_85,N>>NIL_33_34,0.8164983164983165,N>>NIL_33_34 (82%); F_NVS+85_R5 (7%); F_NVS++85_R5 (3%),N>>NIL_33_34 (64%); #R031091_007_RAMP_F (9%); N>>LDTM_33_34_OPEN (9%),0.2727272727272727
NSW1-QLD1,QNI,forward,N-X_8E+DM+TW+LS_SVC,N>>NIL_86_85_N,0.7391304347826086,N>>NIL_86_85_N (74%); NQ_630 (11%); N>>NIL_33_34 (9%),N>>NIL_86_85_N (50%); #R031682_001_RAMP_F (25%); NQ_630 (25%),0.0
NSW1-QLD1,QNI,forward,N-X_AVMA_SSWW,N>>NIL_33_34,0.7978142076502732,N>>NIL_33_34 (80%); N>>NIL_86_85_N (10%); N::Q_4+17_KC (3%),N>>NIL_33_34 (67%); #R031455_001_RAMP_V (8%); Q>>NIL_CLWU_RGLC (8%),0.08333333333333333
NSW1-QLD1,QNI,forward,Q-CPWO_813/1,N>>NIL_33_34,0.5998439937597504,N>>NIL_33_34 (60%); N^^Q_ARDM_KPP_1 (10%); N^^Q_NIL_KPP_1 (4%),N>>NIL_33_34 (63%); NQ_630 (14%); N>>31_33_34 (6%),0.11428571428571428
NSW1-QLD1,QNI,forward,Q-LCCP_8859,N>>NIL_33_34,0.3930635838150289,N>>NIL_33_34 (39%); N>>31_33_34 (32%); Q>>LCCP_BCCP_CLWU (13%),N>>NIL_33_34 (46%); F_NVS++LDTW_R5 (15%); N>>31_33_34 (15%),0.3076923076923077
NSW1-QLD1,QNI,forward,Q-RGLC_8875,N>>NIL_33_34,0.21008403361344538,N>>NIL_33_34 (21%); N^^Q_ARDM_KPP_1 (18%); NQ_630 (17%),N>>NIL_33_34 (15%); N^^Q_NIL_KPP_1 (15%); #R031495_001_RAMP_F (8%),0.38461538461538464
NSW1-QLD1,QNI,forward,Q-X_BRHA_TWO,N>>NIL_33_34,0.5694444444444444,N>>NIL_33_34 (57%); NQ_950_DYN_TEST (24%); NQ_950_TEST (6%),N>>NIL_33_34 (60%); NQ_950_TEST (30%); NQ_950_DYN_TEST (10%),0.5
NSW1-QLD1,QNI,forward,Q-X_HATR_TWO,N>>NIL_33_34,0.45484949832775917,N>>NIL_33_34 (45%); Q>>X_HATR2_HATR_HATR (36%); Q^^TR_CLHA_-600 (5%),N>>NIL_33_34 (58%); Q>>X_HATR2_HATR_HATR (5%); N>>NIL_86_85_N (5%),0.3157894736842105
NSW1-QLD1,QNI,reverse,N-ARDM_8C,N>>NIL_964_84_S,0.2151394422310757,N>>NIL_964_84_S (22%); Q:N_760 (21%); QN+RAISE_NIL (17%),N>>NIL_964_84_S (16%); N>>NIL_85_86_S (16%); QN+RAISE_NIL (10%),0.22950819672131148
NSW1-QLD1,QNI,reverse,N-ARSR_8E,Q:N_760,0.3230938014262205,Q:N_760 (32%); QN_590 (31%); N>>NIL_964_84_S (18%),Q:N_760 (24%); QNI_SOUTH_590_DYN (16%); Q^^N_8E+DMTWLS_SRAR (12%),0.24
NSW1-QLD1,QNI,reverse,N-ARTW_86,N>>NIL_964_84_S,0.5354659248956884,N>>NIL_964_84_S (54%); N>>NIL_964_88_S (18%); Q:N_AR330BS1_SVC_OSC (13%),N>>NIL_964_84_S (16%); Q:N_AR330BS1_SVC_OSC (16%); N>>NIL_964_88_S (11%),0.15789473684210525
NSW1-QLD1,QNI,reverse,N-AVMA_17,N>>NIL_85_86_S,0.2477409638554217,N>>NIL_85_86_S (25%); N>>NIL_8U_86_S (22%); QN+RAISE_NIL (17%),N>>NIL_85_86_S (19%); N>>NIL_8U_86_S (19%); N>>NIL_964_84_S (11%),0.25925925925925924
NSW1-QLD1,QNI,reverse,N-CHKS_ONE,F_Q++NIL_R6,0.2135678391959799,F_Q++NIL_R6 (21%); N>>9W7_9W2_965 (21%); N>>NIL_964_84_S (16%),N>>NIL_85_86_S (22%); N>>NIL_964_84_S (22%); N>>NIL_86_8U_S (11%),0.4444444444444444
NSW1-QLD1,QNI,reverse,N-DMSR_8J,QN+RAISE_NIL,0.30752688172043013,QN+RAISE_NIL (31%); QN_590 (16%); QNI_SOUTH_590_DYN (15%),N>>NIL_964_84_S (15%); QN+RAISE_NIL (12%); N>>NIL_964_88_S (12%),0.19230769230769232
NSW1-QLD1,QNI,reverse,N-DTMN_8_15M,N>>NIL_964_84_S,0.3090909090909091,N>>NIL_964_84_S (31%); N>>NIL_85_86_S (18%); N>>NIL_8U_86_S (13%),QN+RAISE_NIL (31%); N>>NIL_86_85_S (23%); N>>8_39_16 (8%),0.38461538461538464
NSW1-QLD1,QNI,reverse,N-DTSS_11,N>>NIL_85_86_S,0.2303719008264463,N>>NIL_85_86_S (23%); N>>NIL_964_84_S (21%); QN+RAISE_NIL (12%),N>>NIL_964_84_S (33%); N>>NIL_86_8U_S (21%); N>>NIL_86_85_S (12%),0.375
NSW1-QLD1,QNI,reverse,N-LDTM_82,F_Q++NIL_R6,0.2679738562091503,F_Q++NIL_R6 (27%); N>>LDTM_964_81_OPEN (18%); N>>NIL_964_84_S (10%),F_Q++NIL_R6 (21%); N>>LDTM_964_81_OPEN (19%); QN+RAISE_NIL (14%),0.3508771929824561
NSW1-QLD1,QNI,reverse,N-LDTW_84,N>>NIL_964_84_S,0.5070422535211268,N>>NIL_964_84_S (51%); N>>NIL_964_88_S (25%); QN+RAISE_NIL (8%),N>>NIL_964_84_S (23%); N>>NIL_964_88_S (15%); #R030960_010_RAMP_V (8%),0.07692307692307693
NSW1-QLD1,QNI,reverse,N-TWUL_85,N>>NIL_964_84_S,0.5673400673400674,N>>NIL_964_84_S (57%); N>>NIL_964_88_S (24%); F_NVS+85_L5 (7%),N>>NIL_964_84_S (45%); N>>NIL_964_88_S (18%); #R031091_023_RAMP_F (9%),0.45454545454545453
NSW1-QLD1,QNI,reverse,N-X_8E+DM+TW+LS_SVC,Q^^N_8E+DMTWLS_SRAR,0.3695652173913043,Q^^N_8E+DMTWLS_SRAR (37%); N>>81_964_82 (20%); N>>NIL_964_84_S (17%),Q^^N_8E+DMTWLS_SRAR (50%); #R031685_001_RAMP_V (25%); QN_590 (25%),0.25
NSW1-QLD1,QNI,reverse,N-X_AVMA_SSWW,N>>NIL_86_85_S,0.34972677595628415,N>>NIL_86_85_S (35%); N>>NIL_85_86_S (20%); N>>X-17+76_39_11 (12%),N>>NIL_85_86_S (25%); N>>X-17+76_39_11 (17%); QN+RAISE_NIL (17%),0.5833333333333334
NSW1-QLD1,QNI,reverse,Q-BKBM,QN+RAISE_NIL,0.38461538461538464,QN+RAISE_NIL (38%); N>>NIL_85_86_S (27%); N>>NIL_964_84_S (13%),QN+RAISE_NIL (33%); N>>NIL_85_86_S (25%); N>>NIL_964_84_S (17%),0.16666666666666666
NSW1-QLD1,QNI,reverse,Q-CPWO_813/1,QN+RAISE_NIL,0.26131045241809675,QN+RAISE_NIL (26%); QN_590 (15%); F_Q++NIL_R6 (11%),N>>NIL_964_88_S (20%); QN_590 (20%); F_Q++NIL_R6 (14%),0.22857142857142856
NSW1-QLD1,QNI,reverse,Q-LCCP_8859,F_Q++NIL_R6,0.23121387283236994,F_Q++NIL_R6 (23%); N>>NIL_964_84_S (19%); N>>NIL_85_86_S (15%),N>>NIL_85_86_S (38%); F_Q++NIL_R6 (23%); N>>81_964_82 (8%),0.38461538461538464
NSW1-QLD1,QNI,reverse,Q-X_BRHA_TWO,N>>NIL_86_85_S,0.2986111111111111,N>>NIL_86_85_S (30%); QN+RAISE_NIL (29%); N>>NIL_85_86_S (19%),N>>NIL_964_84_S (20%); #R031991_002_RAMP_F (10%); #R033023_001_RAMP_F (10%),0.4
NSW1-QLD1,QNI,reverse,Q-X_HACL_HATR,QN+RAISE_NIL,0.2962226640159046,QN+RAISE_NIL (30%); N>>NIL_8U_86_S (29%); N>>NIL_85_86_S (21%),N>>NIL_85_86_S (33%); N>>NIL_86_85_S (17%); N>>NIL_8U_86_S (11%),0.05555555555555555
NSW1-QLD1,QNI,reverse,Q-X_HATR_TWO,N>>NIL_8U_86_S,0.2525083612040134,N>>NIL_8U_86_S (25%); N>>NIL_85_86_S (25%); QN+RAISE_NIL (23%),N>>NIL_85_86_S (26%); QN+RAISE_NIL (16%); N>>NIL_964_84_S (11%),0.2631578947368421
N-Q-MNSP1,Directlink,forward,N-96L_96R_CB4102,Q^NIL_GC,0.8303068252974327,Q^NIL_GC (83%); N>96L_96R_967_89 (13%); CA_BRIS_5667C22F_1 (3%),Q^NIL_GC (77%); N>96L_96R_967_89 (13%); #R031267_003_RAMP_F (2%),0.038461538461538464
N-Q-MNSP1,Directlink,forward,N-ARTW_86,N>>NIL_33_34,0.6741424802110818,N>>NIL_33_34 (67%); Q^NIL_GC (27%); N>>87_966_96C (2%),Q^NIL_GC (71%); N>>NIL_33_34 (21%); #R030960_003_RAMP_V (7%),0.07142857142857142
N-Q-MNSP1,Directlink,forward,N-AVMA_17,Q^NIL_GC,0.7452978056426333,Q^NIL_GC (75%); N>>NIL_33_34 (14%); N>96L_96R_967_89 (9%),Q^NIL_GC (55%); N>96L_96R_967_89 (28%); N>>NIL_33_34 (14%),0.0
N-Q-MNSP1,Directlink,forward,N-CHKS_ONE,Q^NIL_GC,0.9376558603491272,Q^NIL_GC (94%); N>>NIL_33_34 (6%),Q^NIL_GC (75%); N>>NIL_33_34 (12%); Q^^TR_TRBK_-250 (12%),0.125
N-Q-MNSP1,Directlink,forward,N-DTMN_8_15M,Q^NIL_GC,0.6230661040787623,Q^NIL_GC (62%); N>>NIL_33_34 (23%); N>>LDTM_33_34_OPEN (9%),Q^NIL_GC (62%); N>>LDTM_33_34_OPEN (12%); #R031125_001_RAMP_F (6%),0.125
N-Q-MNSP1,Directlink,forward,N-LDTM_82,Q^NIL_GC,0.8129320862139081,Q^NIL_GC (81%); N>>LDTM_33_34_OPEN (9%); N>>NIL_33_34 (6%),Q^NIL_GC (85%); N>>LDTM_33_34_OPEN (5%); CA_BRIS_5667C22F_1 (3%),0.03225806451612903
N-Q-MNSP1,Directlink,forward,N-LDTW_84,N>>NIL_33_34,0.7414187643020596,N>>NIL_33_34 (74%); F_NVS+LDTW_R5 (9%); Q^NIL_GC (7%),Q^NIL_GC (38%); N>>NIL_33_34 (31%); F_NVS+LDTW_R5 (15%),0.3076923076923077
N-Q-MNSP1,Directlink,forward,N-TWUL_85,N>>NIL_33_34,0.7223140495867768,N>>NIL_33_34 (72%); N>>LDTM_33_34_OPEN (11%); Q^NIL_GC (9%),N>>NIL_33_34 (58%); Q^NIL_GC (16%); N>>LDTM_33_34_OPEN (11%),0.05263157894736842
N-Q-MNSP1,Directlink,forward,N-X_9U6_9G2,Q^NIL_GC,0.9736842105263158,Q^NIL_GC (97%); F_NVS+85_R5 (3%),Q^NIL_GC (75%); F_NVS+85_R5 (25%),0.25
N-Q-MNSP1,Directlink,forward,N-X_AVMA_SSWW,Q^NIL_GC,0.5497076023391813,Q^NIL_GC (55%); N>>NIL_33_34 (42%); #R031468_001_RAMP_F (1%),Q^NIL_GC (55%); N>>NIL_33_34 (36%); #R031455_001_RAMP_V (9%),0.09090909090909091
N-Q-MNSP1,Directlink,forward,N-X_LPSS_MPWW,Q^NIL_GC,1.0,Q^NIL_GC (100%),Q^NIL_GC (100%),0.0
N-Q-MNSP1,Directlink,forward,Q-BKBM,Q^NIL_GC,0.9895470383275261,Q^NIL_GC (99%); N>>LDTM_33_34_OPEN (1%); F_NVS+LDTW_R5 (0%),Q^NIL_GC (94%); N>>LDTM_33_34_OPEN (3%); F_NVS+LDTW_R5 (3%),0.0
N-Q-MNSP1,Directlink,forward,Q-GBMU_835_836,Q^NIL_GC,0.9970814539665693,Q^NIL_GC (100%); F_NVS++85_R5 (0%); F_NVS+85_R5 (0%),Q^NIL_GC (99%); F_NVS++85_R5 (1%),0.011363636363636364
N-Q-MNSP1,Directlink,forward,Q-RGLC_8875,Q^NIL_GC,0.841225626740947,Q^NIL_GC (84%); Q>>RGLC_BCCP_CLWU (9%); N>>NIL_33_34 (4%),Q^NIL_GC (54%); N>>NIL_33_34 (15%); #R031524_003_RAMP_F (8%),0.15384615384615385
N-Q-MNSP1,Directlink,reverse,N-96L_96R_CB4102,N>>NIL_967_89_S,0.47276142767689416,N>>NIL_967_89_S (47%); N>>NIL_964_84_S (10%); N>>NIL_964_88_S (8%),N>>NIL_967_89_S (15%); N>>NIL_964_84_S (10%); Q>GBMU_MDSSSPD_GBMU (10%),0.3269230769230769
N-Q-MNSP1,Directlink,reverse,N-ARTW_86,N>>NIL_964_84_S,0.47229551451187335,N>>NIL_964_84_S (47%); N>>NIL_967_89_S (27%); N>>NIL_964_88_S (25%),N>>NIL_967_89_S (71%); N>>NIL_964_88_S (14%); #R030956_015_RAMP_F (7%),0.0
N-Q-MNSP1,Directlink,reverse,N-AVMA_17,N>>NIL_967_89_S,0.5336990595611285,N>>NIL_967_89_S (53%); N>>NIL_964_84_S (20%); N>>NIL_964_88_S (7%),N>>NIL_967_89_S (38%); N>>NIL_964_84_S (24%); N>>NIL_964_88_S (17%),0.4827586206896552
N-Q-MNSP1,Directlink,reverse,N-DTMN_8_15M,N>>NIL_967_89_S,0.2630098452883263,N>>NIL_967_89_S (26%); N>>NIL_964_84_S (22%); Q>GBMU_MDSSSPD_GBMU (14%),N>>NIL_967_89_S (31%); N>>NIL_966/1 (12%); #R031125_002_RAMP_F (6%),0.5
N-Q-MNSP1,Directlink,reverse,N-LDTM_82,N>>NIL_967_89_S,0.35176901179341197,N>>NIL_967_89_S (35%); N>>LDTM_964_81_OPEN (16%); N>>NIL_964_84_S (14%),N>>NIL_967_89_S (40%); N>>LDTM_964_81_OPEN (16%); N>>NIL_964_84_S (11%),0.22580645161290322
N-Q-MNSP1,Directlink,reverse,N-LDTW_84,N>>NIL_964_84_S,0.482837528604119,N>>NIL_964_84_S (48%); N>>NIL_964_88_S (32%); N>>NIL_967_89_S (20%),N>>NIL_967_89_S (62%); N>>NIL_964_88_S (15%); N>>NIL_964_84_S (15%),0.0
N-Q-MNSP1,Directlink,reverse,N-TWUL_85,N>>NIL_964_84_S,0.43636363636363634,N>>NIL_964_84_S (44%); N>>NIL_964_88_S (30%); N>>LDTM_964_84_OPEN (7%),N>>NIL_964_84_S (37%); N>>NIL_964_88_S (26%); #R031091_004_RAMP_F (5%),0.21052631578947367
N-Q-MNSP1,Directlink,reverse,N-X_9U6_9G2,N>N-X_9U6_9G2_2,0.39473684210526316,N>N-X_9U6_9G2_2 (39%); N>>NIL_964_84_S (28%); F_NVS+85_L5 (21%),#R032770_002_RAMP_F (25%); N>>NIL_964_84_S (25%); F_NVS+85_L5 (25%),0.0
N-Q-MNSP1,Directlink,reverse,N-X_ARKK_CH_CB892A,N>>NIL_964_84_S,0.39111111111111113,N>>NIL_964_84_S (39%); N>>NIL_967_89_S (24%); N>>966_96C_87_CB_S (16%),N>>NIL_967_89_S (47%); N>>NIL_964_84_S (33%); N>>BYSW_8_16 (7%),0.0
N-Q-MNSP1,Directlink,reverse,N-X_AVMA_SSWW,N>>NIL_964_88_S,0.30994152046783624,N>>NIL_964_88_S (31%); N>>NIL_967_89_S (21%); N>>NIL_86_85_S (16%),N>>NIL_967_89_S (36%); N>>NIL_964_84_S (18%); N>>X-17+76_39_11 (18%),0.18181818181818182
N-Q-MNSP1,Directlink,reverse,N-X_LPSS_MPWW,N>>NIL_967_89_S,0.7093649085037675,N>>NIL_967_89_S (71%); N>>NIL_964_88_S (14%); N>>NIL_86_85_S (9%),N>>NIL_967_89_S (65%); N>>NIL_964_88_S (12%); #R033201_002_RAMP_F (6%),0.17647058823529413
N-Q-MNSP1,Directlink,reverse,Q-BKBM,N>>NIL_967_89_S,0.7177700348432056,N>>NIL_967_89_S (72%); N>>NIL_966/1 (13%); N>>NIL_86_85_S (3%),N>>NIL_967_89_S (55%); N>>NIL_966/1 (21%); N>>NIL_85_86_S (9%),0.15151515151515152
N-Q-MNSP1,Directlink,reverse,Q-LCCP_8859,N>>NIL_967_89_S,0.7024793388429752,N>>NIL_967_89_S (70%); N>>NIL_964_84_S (22%); N>>NIL_86_85_S (4%),N>>NIL_967_89_S (36%); N>>NIL_964_84_S (27%); N>>81_964_82 (9%),0.2727272727272727
VIC1-NSW1,VNI,forward,I-BURC,N::N_SDUT_2,0.3983402489626556,N::N_SDUT_2 (40%); V>>N_NIL_65_051 (17%); V^^N_BURC_1 (16%),N::N_SDUT_2 (32%); V::N_NIL_V2 (18%); V>>N_NIL_65_051 (14%),0.36363636363636365
VIC1-NSW1,VNI,forward,N-BADP,V^^N_BADP_1,0.2962962962962963,V^^N_BADP_1 (30%); V::N_NIL_V1 (21%); V::N_NIL_V2 (15%),V::N_NIL_V1 (50%); V>>N_NIL_65_66 (17%); N::N_DTKV_2 (8%),0.5
VIC1-NSW1,VNI,forward,N-CTYS_3L_WG_CLOSE,V^^N_MNYS_1,0.37464589235127477,V^^N_MNYS_1 (37%); N::N_CTYS_2 (10%); N^^N_NIL_X5_BEKG (4%),V^^N_MNYS_1 (24%); N::N_CTYS_2 (12%); V::N_NIL_O1 (5%),0.30952380952380953
VIC1-NSW1,VNI,forward,N-DTKV_18_WG_CLOSE,N::N_DTKV_2,0.6495726495726496,N::N_DTKV_2 (65%); V^^N_DTKV_1 (15%); N^^N_NIL_WGLT (8%),#R030739_018_RAMP_F (17%); N::N_DTKV_2 (17%); #R031645_021_RAMP_F (17%),1.0
VIC1-NSW1,VNI,forward,N-DTMN_8_15M,V^^N_DTMN_1,0.25229357798165136,V^^N_DTMN_1 (25%); N>>BDBU_970_051 (11%); V::N_NIL_V1 (10%),V^^N_DTMN_1 (18%); N>>BDBU_970_051 (14%); N^^N_NIL_X5_BESH (9%),0.3181818181818182
VIC1-NSW1,VNI,forward,N-DTSS_11,V^^N_MNYS_1,0.12282608695652174,V^^N_MNYS_1 (12%); N::N_CNLT_2 (12%); V::N_NIL_V2 (11%),V::N_NIL_V2 (13%); N::N_CNLT_2 (10%); V^^N_MNYS_1 (10%),0.41935483870967744
VIC1-NSW1,VNI,forward,N-KVCW_3W_WG_CLOSE,V^^N_CNCW_1,0.23893805309734514,V^^N_CNCW_1 (24%); N^^N_NIL_WGLT (21%); V::N_NIL_V2 (10%),N>>NIL_990_051 (15%); V::N_NIL_V2 (15%); #R031658_002_RAMP_F (8%),0.38461538461538464
VIC1-NSW1,VNI,forward,N-LTUT_64_15M,V^^N_LTUT_1,0.32611832611832614,V^^N_LTUT_1 (33%); V::N_NIL_V2 (14%); V::N_NIL_V1 (10%),V^^N_LTUT_1 (32%); V::N_NIL_V1 (16%); V::N_NIL_V2 (11%),0.47368421052631576
VIC1-NSW1,VNI,forward,N-MNYS_5_WG_CLOSE,V^^N_MNYS_1,0.292622661489587,V^^N_MNYS_1 (29%); N::N_MNYS_2 (10%); N>>BDBU_970_051 (10%),V^^N_MNYS_1 (28%); N::N_MNYS_2 (11%); N>>BDBU_970_051 (10%),0.33088235294117646
VIC1-NSW1,VNI,forward,N-X_AVMA_SSWW,V::N_NIL_V2,0.15151515151515152,V::N_NIL_V2 (15%); N>>X-17+76_39_11 (13%); N^^N_BDBU_X5_BESH (8%),V^^N_NIL_1 (30%); N>>X-17+76_39_11 (20%); V::N_JNWG_V1 (20%),0.4
VIC1-NSW1,VNI,forward,N-X_LPSS_MPWW,V::N_NIL_V2,0.15058479532163743,V::N_NIL_V2 (15%); V::N_NIL_V1 (11%); V^^N_NIL_1 (11%),V^^N_LTUT_1 (14%); V^^N_MNYS_1 (9%); V::N_NIL_V2 (9%),0.3181818181818182
VIC1-NSW1,VNI,forward,V-ARCW,V::N_WBHO_S2,0.3148148148148148,V::N_WBHO_S2 (31%); V^^N_MNYS_1 (28%); N::N_MNYS_2 (19%),#R031258_013_RAMP_V (25%); #R031276_013_RAMP_V (25%); #R036138_013_RAMP_V (25%),0.25
VIC1-NSW1,VNI,forward,V-AR_WB_BA,V::N_X_ARWBBA_S2,0.1991701244813278,V::N_X_ARWBBA_S2 (20%); V>>N_NIL_65_051 (15%); N::N_MNYS_2 (9%),V^^N_MNYS_1 (12%); V::N_X_ARWBBA_S2 (12%); V>>N_NIL_65_66 (6%),0.5294117647058824
VIC1-NSW1,VNI,forward,V-BAML1_15M,V>>N_NIL_65_051,0.18848167539267016,V>>N_NIL_65_051 (19%); N>>BDBU_970_051 (17%); N::N_UTRV_2 (10%),V::N_NIL_V2 (15%); N::N_CNLT_2 (15%); N::N_MNYS_2 (8%),0.5384615384615384
VIC1-NSW1,VNI,forward,V-DDMS,N>>BDBU_970_051,0.14333333333333334,N>>BDBU_970_051 (14%); V::N_DDMS_S1 (10%); N>>970_990_051 (9%),V^^N_MNYS_1 (38%); V::N_DDMS_S1 (6%); #R030750_013_RAMP_F (6%),0.375
VIC1-NSW1,VNI,forward,V-DDSM,N>>NIL_970_051,0.1984732824427481,N>>NIL_970_051 (20%); N^^N_NIL_X5_BESH (10%); V::N_DDSM_V1 (7%),V>>N_NIL_65_66 (17%); N^^N_NIL_WGLT (17%); #R031936_011_RAMP_V (8%),0.5
VIC1-NSW1,VNI,forward,V-KG_WE_RC,N>>NIL_990_051,0.174496644295302,N>>NIL_990_051 (17%); N>>BDBU_970_051 (15%); V::N_KGRC_V2 (10%),#R030774_010_RAMP_F (8%); N>>970_990_051 (8%); #R031432_012_RAMP_V (8%),0.3333333333333333
VIC1-NSW1,VNI,forward,V-KMRC,V::N_KMRC_V2,0.153125,V::N_KMRC_V2 (15%); N::N_4+07_2 (12%); V>>N_NIL_65_051 (8%),#R032396_013_RAMP_F (5%); #R032432_013_RAMP_F (5%); #R032490_013_RAMP_F (5%),0.7142857142857143
VIC1-NSW1,VNI,forward,V-MLSY_NOEMTT_R,V^^N_MNYS_1,0.17598343685300208,V^^N_MNYS_1 (18%); N>>BDBU_970_051 (12%); V^^N_NIL_1 (9%),V^^N_MNYS_1 (20%); N::N_MNYS_2 (13%); N>>BDBU_970_051 (11%),0.32786885245901637
VIC1-NSW1,VNI,forward,V-MRKM,V>>N_NIL_65_051,0.19883040935672514,V>>N_NIL_65_051 (20%); V::N_HORC_S1 (11%); V::N_HORC_S2 (9%),V::N_HYSE_V1 (14%); V::N_NIL_V1 (14%); #R032396_013_RAMP_F (7%),0.5714285714285714
VIC1-NSW1,VNI,reverse,N-AVMA_17,N^^V_NIL_ARWBBA,0.3274942878903275,N^^V_NIL_ARWBBA (33%); N^^V_NIL_1 (31%); N^^V_JNWG_63_X5_1 (20%),N^^V_NIL_ARWBBA (35%); N^^V_NIL_1 (30%); N^^V_JNWG_63_X5_1 (8%),0.2702702702702703
VIC1-NSW1,VNI,reverse,N-BADP,N^^V_BADP_1,0.6975308641975309,N^^V_BADP_1 (70%); N^^V_CNCW_1 (10%); N^^V_MLNK_1 (10%),N^^V_BADP_1 (25%); N^^V_CNCW_1 (8%); #R032296_008_RAMP_F (8%),0.5
VIC1-NSW1,VNI,reverse,N-CNLT_07,N^^V_CTMN_1,0.20691949434464404,N^^V_CTMN_1 (21%); N^^V_4+07_1 (18%); N^^V_NIL_ARWBBA (15%),N^^V_NIL_ARWBBA (18%); N^^V_CTMN_1 (13%); N^^V_4+07_1 (11%),0.26229508196721313
VIC1-NSW1,VNI,reverse,N-CTMN_4_WG_CLOSE,N^^V_CTMN_1,0.38802992518703244,N^^V_CTMN_1 (39%); N^^V_NIL_ARWBBA (16%); N^^V_NIL_1 (10%),N^^V_CTMN_1 (28%); N^^V_NIL_ARWBBA (18%); N^^V_03+4_1 (10%),0.15730337078651685
VIC1-NSW1,VNI,reverse,N-CTYS_3L_WG_CLOSE,N^^V_CTMN_1,0.4978753541076487,N^^V_CTMN_1 (50%); N^^V_NIL_ARWBBA (20%); N^^V_4+07_1 (7%),N^^V_CTMN_1 (43%); N^^V_NIL_ARWBBA (17%); N^^V_NIL_1 (7%),0.3333333333333333
VIC1-NSW1,VNI,reverse,N-DTKV_18_WG_CLOSE,N^^V_CNCW_1,0.7350427350427351,N^^V_CNCW_1 (74%); N^^V_NIL_ARWBBA (16%); V>>NIL_ELML_BAML2 (3%),N^^V_NIL_ARWBBA (33%); N^^V_MLNK_1 (17%); N^^V_CNCW_1 (17%),0.6666666666666666
VIC1-NSW1,VNI,reverse,N-DTMN_8_15M,N^^V_NIL_1,0.5703363914373089,N^^V_NIL_1 (57%); N^^V_NIL_ARWBBA (32%); I_6F_NS_150 (3%),N^^V_NIL_1 (73%); N^^V_NIL_ARWBBA (18%); N^^V_JNWG_63_X5_1 (5%),0.18181818181818182
VIC1-NSW1,VNI,reverse,N-DTSS_11,N^^V_DTSS_1,0.5054347826086957,N^^V_DTSS_1 (51%); N^^V_NIL_1 (19%); N^^V_NIL_ARWBBA (11%),N^^V_DTSS_1 (32%); N^^V_NIL_1 (19%); N^^V_NIL_ARWBBA (13%),0.0967741935483871
VIC1-NSW1,VNI,reverse,N-KVCW_3W_WG_CLOSE,N^^V_MLNK_1,0.48451327433628316,N^^V_MLNK_1 (48%); N^^V_CNCW_1 (32%); N^^V_NIL_ARWBBA (10%),N^^V_CNCW_1 (23%); N^^V_MLNK_1 (23%); N^^V_NIL_ARWBBA (23%),0.15384615384615385
VIC1-NSW1,VNI,reverse,N-WAGGA_330_BUSA,N^^V_LTWG_1,0.563953488372093,N^^V_LTWG_1 (56%); N^^V_DPWG_1 (22%); N^^V_NIL_1 (8%),N^^V_DPWG_1 (40%); #R030838_014_RAMP_F (10%); N^^V_NIL_1 (10%),0.4
VIC1-NSW1,VNI,reverse,N-X_AVMA_SSWW,N^^V_NIL_1,0.6818181818181818,N^^V_NIL_1 (68%); N^^V_NIL_ARWBBA (16%); N^^V_JNWG_63_X5_1 (10%),N^^V_NIL_1 (50%); N^^V_CRML_1 (20%); N^^V_JNWG_63_X5_1 (20%),0.2
VIC1-NSW1,VNI,reverse,N-X_LPSS_MPWW,N^^V_NIL_1,0.3026315789473684,N^^V_NIL_1 (30%); N^^V_NIL_ARWBBA (27%); N^^V_LTUT_1 (14%),N^^V_NIL_1 (36%); N^^V_NIL_ARWBBA (23%); N^^V_LTUT_1 (14%),0.3181818181818182
VIC1-NSW1,VNI,reverse,S-TBSE,N^^V_NIL_1,0.37546933667083854,N^^V_NIL_1 (38%); N^^V_NIL_ARWBBA (20%); N^^V_MLNK_1 (15%),N^^V_NIL_1 (42%); N^^V_NIL_ARWBBA (14%); N^^V_MLNK_1 (9%),0.1125
VIC1-NSW1,VNI,reverse,V-ARCW,N^^V_CTMN_1,0.6666666666666666,N^^V_CTMN_1 (67%); N^^V_NIL_1 (19%); V>>NIL_MLGT_MLGT (7%),N^^V_CTMN_1 (50%); N^^V_NIL_1 (50%),0.0
VIC1-NSW1,VNI,reverse,V-DDMS,N^^V_MSDD2,0.3566666666666667,N^^V_MSDD2 (36%); N^^V_MSDD1 (24%); N^^V_NIL_ARWBBA (14%),N^^V_NIL_ARWBBA (25%); N^^V_MSDD2 (19%); #R030750_005_RAMP_V (6%),0.3125
VIC1-NSW1,VNI,reverse,V-DDSM,N^^V_DDSM1,0.35877862595419846,N^^V_DDSM1 (36%); N^^V_LTUT_1 (15%); N^^V_NIL_1 (12%),I_6F_NS_150 (17%); N^^V_NIL_ARWBBA (17%); N^^V_CTMN_1 (8%),0.5
VIC1-NSW1,VNI,reverse,V-HYMO,N^^V_NIL_1,0.37593984962406013,N^^V_NIL_1 (38%); N^^V_NIL_ARWBBA (24%); N^^V_CNCW_1 (17%),N^^V_NIL_ARWBBA (62%); V>>BDBU_ELML_BAML2 (12%); N^^V_4+07_1 (12%),0.375
VIC1-NSW1,VNI,reverse,V-KG_WE_RC,N^^V_CTMN_1,0.436241610738255,N^^V_CTMN_1 (44%); N^^V_NIL_1 (43%); N>>BDBU_996_6Y (4%),N^^V_CTMN_1 (33%); N^^V_NIL_1 (33%); N^^V_MSDD1 (8%),0.08333333333333333
VIC1-NSW1,VNI,reverse,V-KMRC,N^^V_NIL_1,0.371875,N^^V_NIL_1 (37%); N^^V_4+07_1 (25%); N^^V_NIL_ARWBBA (7%),N^^V_NIL_1 (43%); N^^V_4+07_1 (10%); N^^V_NIL_ARWBBA (10%),0.14285714285714285
VIC1-NSW1,VNI,reverse,V-MLSY_NOEMTT_R,N^^V_NIL_ARWBBA,0.3077984817115252,N^^V_NIL_ARWBBA (31%); N^^V_NIL_1 (29%); N^^V_CTMN_1 (24%),N^^V_NIL_ARWBBA (34%); N^^V_NIL_1 (25%); N^^V_CTMN_1 (20%),0.13114754098360656
VIC1-NSW1,VNI,reverse,V-MRKM,N^^V_NIL_1,0.47368421052631576,N^^V_NIL_1 (47%); N^^V_LTUT_1 (13%); N^^V_CTMN_1 (12%),N^^V_NIL_1 (43%); N^^V_LTUT_1 (21%); #R032402_047_RAMP_V (7%),0.14285714285714285
V-SA,Heywood,forward,I-X_BDBU+HYSE,F_S++HYSE_L5,0.5294117647058824,F_S++HYSE_L5 (53%); I_6F_NS_150 (19%); F_S++HYSE_L60 (16%),VS_600_TEST (50%); I_6F_NS_150 (50%),0.0
V-SA,Heywood,forward,N-BABU,V_S_HEYWOOD_UFLS,0.17433414043583534,V_S_HEYWOOD_UFLS (17%); VS_600_TEST (15%); I_6F_NS_150 (12%),VS_600_TEST (18%); V_S_NIL_ROCOF (15%); I_6F_NS_150 (12%),0.225
V-SA,Heywood,forward,S-BGDV,V_S_HEYWOOD_UFLS,0.22554347826086957,V_S_HEYWOOD_UFLS (23%); V_S_NIL_ROCOF (20%); I_6F_NS_150 (18%),V_S_NIL_ROCOF (44%); I_6F_NS_150 (22%); V::S_BDBU_MAXG_1 (11%),0.3333333333333333
V-SA,Heywood,forward,S-KNPW,S>>NIL_BWMP_RBTU,0.22317596566523606,S>>NIL_BWMP_RBTU (22%); I_6F_NS_150 (20%); V::S_KNPW_SETB_2 (10%),I_6F_NS_150 (20%); V:S_BLKRG_570 (20%); V::N_JNWG_S2 (10%),0.6
V-SA,Heywood,forward,S-PA_VC1,V_S_HEYWOOD_UFLS,0.16565040650406504,V_S_HEYWOOD_UFLS (17%); VS_600_TEST (16%); V_S_NIL_ROCOF (14%),I_6F_NS_150 (26%); V_S_NIL_ROCOF (19%); V::N_NIL_V2 (9%),0.44680851063829785
V-SA,Heywood,forward,S-RBTU,VS_600_TEST,0.2003780718336484,VS_600_TEST (20%); S>>X_BRMN_RBTU_04 (15%); V_S_HEYWOOD_UFLS (15%),I_6F_NS_150 (17%); V_S_HEYWOOD_UFLS (13%); S>>X_BRMN_RBTU_04 (10%),0.3
V-SA,Heywood,forward,S-SECB6611_10,I_6F_NS_150,0.18674698795180722,I_6F_NS_150 (19%); VS_HEY_600_TEST (13%); F_S++TBTU_L5 (11%),I_6F_NS_150 (21%); F_S++TBTU_L5 (9%); VS_HEY_600_TEST (8%),0.3448275862068966
V-SA,Heywood,forward,S-SE_1CP,V_S_HEYWOOD_UFLS,0.2309322033898305,V_S_HEYWOOD_UFLS (23%); I_6F_NS_150 (13%); S>>NIL_BWMP_RBTU (12%),S>>NIL_BWMP_RBTU (37%); S>>X_BRMN_RBTU_06 (9%); I_6F_NS_150 (9%),0.3142857142857143
V-SA,Heywood,forward,S-SE_VC1,I_6F_NS_150,0.18913612565445026,I_6F_NS_150 (19%); VS_600_TEST (16%); V_S_HEYWOOD_UFLS (10%),I_6F_NS_150 (24%); V_S_HEYWOOD_UFLS (9%); V_S_NIL_ROCOF (9%),0.30303030303030304
V-SA,Heywood,forward,S-TB275_W_BUS,I_6F_NS_150,0.25716928769657726,I_6F_NS_150 (26%); V_S_HEYWOOD_UFLS (23%); VS_HEY_600_TEST (16%),I_6F_NS_150 (34%); V_S_HEYWOOD_UFLS (12%); S>>NIL_BWMP_RBTU (7%),0.34328358208955223
V-SA,Heywood,forward,S-TB275_W_BUS_BC-2CP,VS_HEY_600_TEST,0.36075949367088606,VS_HEY_600_TEST (36%); S>>NIL_BWMP_RBTU (13%); V::N_NIL_V2 (13%),S>>NIL_BWMP_RBTU (50%); V::S_TB35_SETB_2 (25%); #R032921_007_RAMP_F (12%),0.375
V-SA,Heywood,forward,S-TBTU,F_S++TBTU_L5,0.3806282722513089,F_S++TBTU_L5 (38%); V_S_HEYWOOD_UFLS (8%); F_S++TBTU_L60 (7%),F_S++TBTU_L5 (38%); F_S++TBTU_L6 (7%); I_6F_NS_150 (6%),0.35365853658536583
V-SA,Heywood,forward,S-TB_CB6536,V_S_HEYWOOD_UFLS,0.4161676646706587,V_S_HEYWOOD_UFLS (42%); I_6F_NS_150 (18%); F_S++HYSE_L5 (6%),VS_600_TEST (21%); I_6F_NS_150 (11%); V^^S_MLSY_3 (11%),0.21428571428571427
V-SA,Heywood,forward,S-TB_CB6596,V_S_HEYWOOD_UFLS,0.19848293299620734,V_S_HEYWOOD_UFLS (20%); F_S++HYSE_L5 (16%); I_6F_NS_150 (11%),I_6F_NS_150 (27%); V_S_HEYWOOD_UFLS (10%); V::S_TBCB94_35_SETB (7%),0.43333333333333335
V-SA,Heywood,forward,S-WE_MWP4,S>>NIL_BWMP_RBTU,0.2149478563151796,S>>NIL_BWMP_RBTU (21%); F_S++SETB_L5 (16%); I_6F_NS_150 (10%),S>>NIL_BWMP_RBTU (35%); I_6F_NS_150 (13%); V:S_BLKRG_570 (13%),0.4057971014492754
V-SA,Heywood,forward,S-X_BRMN_RBTU,VS_600_TEST,0.2099009900990099,VS_600_TEST (21%); S>>X_BRMN_RBTU_04 (16%); I_6F_NS_150 (14%),V>S_460 (17%); I_6F_NS_150 (13%); S>>X_BRMN_RBTU_06 (9%),0.17391304347826086
V-SA,Heywood,forward,S-X_MGTI+PATI,V_S_HEYWOOD_UFLS,0.28502415458937197,V_S_HEYWOOD_UFLS (29%); I_6F_NS_150 (28%); V_S_NIL_ROCOF (16%),I_6F_NS_150 (50%); V:S_700 (11%); V_S_HEYWOOD_UFLS (11%),0.3333333333333333
V-SA,Heywood,forward,V-ARCW,V::N_WBHO_S2,0.23214285714285715,V::N_WBHO_S2 (23%); V::S_BDBU_MAXG_1 (20%); V_S_HEYWOOD_UFLS (16%),V_S_NIL_ROCOF (25%); S>>BDBU_TBTU_TBTU_1 (25%); #R036138_013_RAMP_F (25%),0.5
V-SA,Heywood,forward,V-AR_WB_BA,V_S_HEYWOOD_UFLS,0.2833333333333333,V_S_HEYWOOD_UFLS (28%); I_6F_NS_150 (27%); VS_600_TEST (8%),I_6F_NS_150 (19%); V_S_NIL_ROCOF (10%); VS_250_DYN (10%),0.5714285714285714
V-SA,Heywood,forward,V-BAML1_15M,V_S_HEYWOOD_UFLS,0.34951456310679613,V_S_HEYWOOD_UFLS (35%); I_6F_NS_150 (31%); V_S_NIL_ROCOF (8%),V_S_NIL_ROCOF (19%); I_6F_NS_150 (12%); VS_600_TEST (12%),0.25
V-SA,Heywood,forward,V-CRML,F_S++HYSE_L5,0.20717131474103587,F_S++HYSE_L5 (21%); F_QNV+CRML_R5 (15%); F_QNV+CRML_R60 (10%),F_S++HYSE_L5 (13%); V::N_NIL_O1 (9%); I_6F_NS_150 (9%),0.6521739130434783
V-SA,Heywood,forward,V-HYMO,F_QNV+HYMO_R6,0.2706766917293233,F_QNV+HYMO_R6 (27%); F_QNV+HYMO_R5 (23%); F_S++HYSE_L5 (14%),#R031037_021_RAMP_F (14%); F_S++HYSE_L6 (14%); #V-SA_RAMP_I_F (14%),1.0
V-SA,Heywood,forward,V-KG_WE_RC,V::S_BDBU_MAXG_1,0.24113475177304963,V::S_BDBU_MAXG_1 (24%); V_S_HEYWOOD_UFLS (19%); V_S_NIL_ROCOF (19%),V_S_NIL_ROCOF (30%); V:S_BDBU_700 (20%); #R030774_010_RAMP_F (10%),0.4
V-SA,Heywood,forward,V-KMRC,V_S_HEYWOOD_UFLS,0.27070063694267515,V_S_HEYWOOD_UFLS (27%); I_6F_NS_150 (23%); V:S_BLKRG_570 (6%),I_6F_NS_150 (14%); V:S_700 (9%); V_S_HEYWOOD_UFLS (9%),0.2727272727272727
V-SA,Heywood,forward,V-MLSY_NOEMTT_R,V_S_HEYWOOD_UFLS,0.25357142857142856,V_S_HEYWOOD_UFLS (25%); V_S_NIL_ROCOF (22%); V:S_BDBU_700 (8%),V_S_HEYWOOD_UFLS (25%); V_S_NIL_ROCOF (15%); I_6F_NS_150 (10%),0.35
V-SA,Heywood,forward,V-MRKM,V_S_HEYWOOD_UFLS,0.18823529411764706,V_S_HEYWOOD_UFLS (19%); I_6F_NS_150 (15%); F_S++TBTU_L5 (14%),F_S++HYSE_L5 (17%); VS_600_TEST (17%); V^^S_SEVC1_MAXG (8%),0.5
V-SA,Heywood,reverse,I-X_BDBU+HYSE,F_S++HYSE_R5,0.611764705882353,F_S++HYSE_R5 (61%); SV_HEY_600_TEST (15%); F_S++HYSE_R6 (7%),S:V_BDBU_650 (100%),0.0
V-SA,Heywood,reverse,S-BGDV,I_6F_SN_150,0.4076086956521739,I_6F_SN_150 (41%); V^^V_NIL_KGTS (23%); S_V_NIL_ROCOF (14%),I_6F_SN_150 (56%); S>>BDBU_TUTB_TUTB_1 (11%); S_V_NIL_ROCOF (11%),0.4444444444444444
V-SA,Heywood,reverse,S-KNPW,I_6F_SN_150,0.37339055793991416,I_6F_SN_150 (37%); S_V_HEYWOOD_OFGS (18%); S:V_BLKRG_550 (12%),I_6F_SN_150 (40%); V^^V_NIL_KGTS (10%); S>>BDBU_TUTB_TUTB_1 (10%),0.2
V-SA,Heywood,reverse,S-PA_VC1,I_6F_SN_150,0.31910569105691056,I_6F_SN_150 (32%); S:V_PA_SVC_470 (19%); F_S++SETB_R5 (8%),I_6F_SN_150 (23%); S:V_PA_SVC_470 (17%); V^^V_NIL_KGTS (9%),0.40425531914893614
V-SA,Heywood,reverse,S-RBTU,I_6F_SN_150,0.5935727788279773,I_6F_SN_150 (59%); S_V_HEYWOOD_OFGS (17%); V^^V_NIL_KGTS (9%),I_6F_SN_150 (43%); V^^V_NIL_KGTS (17%); S_V_HEYWOOD_OFGS (17%),0.23333333333333334
V-SA,Heywood,reverse,S-SECB6611_10,I_6F_SN_150,0.3614457831325301,I_6F_SN_150 (36%); F_S++TBTU_R5 (12%); SV_550_TEST (7%),I_6F_SN_150 (28%); F_S++TBTU_R5 (9%); V^^V_NIL_KGTS (8%),0.3448275862068966
V-SA,Heywood,reverse,S-SE_1CP,V^^V_NIL_KGTS,0.2076271186440678,V^^V_NIL_KGTS (21%); I_6F_SN_150 (19%); S>>BDBU_TUTB_TUTB_1 (14%),I_6F_SN_150 (31%); S:V_BLKRG_550 (14%); V^^V_NIL_KGTS (11%),0.2571428571428571
V-SA,Heywood,reverse,S-SE_VC1,I_6F_SN_150,0.4339005235602094,I_6F_SN_150 (43%); V^^V_NIL_KGTS (12%); SV_550_TEST (7%),I_6F_SN_150 (33%); V^^V_NIL_KGTS (12%); V^^V_NIL_SWVIC (9%),0.3333333333333333
V-SA,Heywood,reverse,S-TB275_W_BUS,I_6F_SN_150,0.34320074005550416,I_6F_SN_150 (34%); V^^V_NIL_KGTS (30%); S_V_HEYWOOD_OFGS (8%),I_6F_SN_150 (27%); V^^V_NIL_KGTS (18%); S::V_TB35_TBSE_2 (6%),0.5522388059701493
V-SA,Heywood,reverse,S-TB275_W_BUS_BC-2CP,I_6F_SN_150,0.6139240506329114,I_6F_SN_150 (61%); S::V_TB35_TBSE_2 (12%); S:V_BLKRG_550 (11%),S::V_TB35_TBSE_2 (50%); S:V_BLKRG_550 (25%); #R032937_001_RAMP_F (12%),0.25
V-SA,Heywood,reverse,S-TBSE,F_S++SETB_R5,0.5155709342560554,F_S++SETB_R5 (52%); I_6F_SN_150 (17%); F_S++SETB_R6 (7%),F_S++SETB_R5 (33%); I_6F_SN_150 (20%); V^^V_NIL_KGTS (2%),0.5294117647058824
V-SA,Heywood,reverse,S-TBTU,F_S++TBTU_R5,0.40209424083769635,F_S++TBTU_R5 (40%); I_6F_SN_150 (26%); F_S++TBTU_R6 (7%),F_S++TBTU_R5 (41%); I_6F_SN_150 (16%); V>>NIL_MLGT_MLGT (7%),0.36585365853658536
V-SA,Heywood,reverse,S-WE_MWP4,I_6F_SN_150,0.37543453070683663,I_6F_SN_150 (38%); F_S++SETB_R5 (21%); V^^V_NIL_SWVIC (8%),I_6F_SN_150 (51%); F_S++SETB_R5 (10%); V^^V_NIL_SWVIC (7%),0.21739130434782608
V-SA,Heywood,reverse,S-X_BRMN_RBTU,I_6F_SN_150,0.6396039603960396,I_6F_SN_150 (64%); S_V_HEYWOOD_OFGS (14%); V^^V_NIL_KGTS (6%),I_6F_SN_150 (70%); S_V_HEYWOOD_OFGS (9%); S:V_PA_SVC_470 (4%),0.17391304347826086
V-SA,Heywood,reverse,S-X_MGTI+PATI,V^^V_NIL_KGTS,0.6038647342995169,V^^V_NIL_KGTS (60%); S>>BDBU_TUTB_TUTB_1 (13%); I_6F_SN_150 (6%),I_6F_SN_150 (39%); V^^V_NIL_KGTS (28%); S:V_650 (11%),0.4444444444444444
V-SA,Heywood,reverse,V-AR_WB_BA,V^^V_NIL_KGTS,0.22083333333333333,V^^V_NIL_KGTS (22%); I_6F_SN_150 (18%); V^^V_NIL_SWVIC (12%),I_6F_SN_150 (33%); V^^V_NIL_SWVIC (19%); SV_550_TEST (14%),0.19047619047619047
V-SA,Heywood,reverse,V-BAML1_15M,V^^V_NIL_KGTS,0.46601941747572817,V^^V_NIL_KGTS (47%); I_6F_SN_150 (13%); V^^V_NIL_SWVIC (7%),I_6F_SN_150 (25%); S_V_HEYWOOD_OFGS (19%); V^^V_NIL_SWVIC (19%),0.125
V-SA,Heywood,reverse,V-CRML,F_QNV+CRML_L5,0.23107569721115537,F_QNV+CRML_L5 (23%); F_S++HYSE_R5 (20%); F_S++SETB_R5 (11%),I_6F_SN_150 (35%); F_S++SETB_R5 (9%); F_S++HYSE_R5 (4%),0.6086956521739131
V-SA,Heywood,reverse,V-DDMS,S_V_NIL_ROCOF,0.4022038567493113,S_V_NIL_ROCOF (40%); V^^V_NIL_KGTS (14%); V^^V_NIL_SWVIC (9%),V^^V_NIL_SWVIC (18%); S_V_HEYWOOD_OFGS (18%); S>>BDBU_TUTB_TUTB_1 (18%),0.29411764705882354
V-SA,Heywood,reverse,V-HYMO,F_QNV+HYMO_L5,0.2932330827067669,F_QNV+HYMO_L5 (29%); F_S++HYSE_R5 (17%); F_QNV+HYMO_L6 (14%),I_6F_SN_150 (43%); #R031037_012_RAMP_V (14%); F_S++HYSE_R5 (14%),1.0
V-SA,Heywood,reverse,V-KG_WE_RC,S>>BDBU_TUTB_TUTB_1,0.4397163120567376,S>>BDBU_TUTB_TUTB_1 (44%); V^^V_NIL_KGTS (25%); S:V_BDBU_650 (14%),S>>BDBU_TUTB_TUTB_1 (50%); S:V_BDBU_650 (20%); V^^V_NIL_KGTS (20%),0.1
V-SA,Heywood,reverse,V-KMRC,I_6F_SN_150,0.410828025477707,I_6F_SN_150 (41%); SV_550_TEST (15%); V^^V_NIL_KGTS (9%),I_6F_SN_150 (68%); V^^V_NIL_KGTS (18%); F_S++HYSE_R5 (5%),0.13636363636363635
V-SA,Heywood,reverse,V-MLSY_NOEMTT_R,V^^V_NIL_KGTS,0.27285714285714285,V^^V_NIL_KGTS (27%); S>>BDBU_TUTB_TUTB_1 (26%); S:V_BDBU_650 (13%),V^^V_NIL_KGTS (27%); S>>BDBU_TUTB_TUTB_1 (22%); I_6F_SN_150 (17%),0.38333333333333336
V-SA,Heywood,reverse,V-MRKM,I_6F_SN_150,0.2235294117647059,I_6F_SN_150 (22%); F_S++HYSE_R5 (22%); V^^V_NIL_KGTS (21%),I_6F_SN_150 (67%); F_S++HYSE_R5 (17%); V^^V_NIL_KGTS (8%),0.08333333333333333
V-S-MNSP1,Murraylink,forward,I-BURC,VSML_VFRB_OFF,0.6598360655737705,VSML_VFRB_OFF (66%); VS_600_TEST (8%); S>>NIL_RBTX_RBTX_2 (6%),VSML_VFRB_OFF (20%); V^^SML_NSWRB_2 (10%); V^SML_BUDP_3 (10%),0.25
V-S-MNSP1,Murraylink,forward,I-HYSE,VSML_VFRB_OFF,0.17462932454695224,VSML_VFRB_OFF (17%); V^^SML_NSWRB_2 (8%); S>>NIL_RBTU_RBTU (8%),VSML_VFRB_OFF (19%); V^SML_HORC_3 (16%); V^^SML_NSWRB_2 (16%),0.5
V-S-MNSP1,Murraylink,forward,I-SVML_088,V^^SML_NSWRB_2,0.23076923076923078,V^^SML_NSWRB_2 (23%); VSML_088 (23%); S>>NIL_BWMP_WTTP (13%),V^^SML_NSWRB_2 (57%); VSML_088 (14%); #R034688_001_RAMP_F (14%),0.0
V-S-MNSP1,Murraylink,forward,I-SVML_132,VSML_132,0.5172413793103449,VSML_132 (52%); V^^SML_NIL_3 (7%); NRM_VIC1_SA1 (7%),V^^SML_NIL_3 (18%); #R034632_001_RAMP_F (9%); VSML_088 (9%),0.36363636363636365
V-S-MNSP1,Murraylink,forward,I-VSML_088,V^^SML_NSWRB_2,0.23076923076923078,V^^SML_NSWRB_2 (23%); VSML_088 (23%); S>>NIL_BWMP_WTTP (13%),V^^SML_NSWRB_2 (57%); VSML_088 (14%); #R034688_001_RAMP_F (14%),0.0
V-S-MNSP1,Murraylink,forward,I-VSML_132,VSML_132,0.5172413793103449,VSML_132 (52%); V^^SML_NIL_3 (7%); NRM_VIC1_SA1 (7%),V^^SML_NIL_3 (18%); #R034632_001_RAMP_F (9%); VSML_088 (9%),0.36363636363636365
V-S-MNSP1,Murraylink,forward,I-VSML_176,VSML_176,0.2692307692307692,VSML_176 (27%); V^^SML_NSWRB_2 (15%); V^^SML_NIL_3 (12%),V^^SML_NSWRB_2 (15%); V^^SML_NIL_3 (15%); VSML_VFRB_OFF (15%),0.46153846153846156
V-S-MNSP1,Murraylink,forward,I-X_BDBU+HYSE,VSML_VFRB_OFF,0.4925373134328358,VSML_VFRB_OFF (49%); S>>NIL_TWPA_TPRS (24%); V^^SML_NSWRB_2 (7%),V^^SML_NSWRB_2 (75%); S>>BDBU_RBTU_WEWT (25%),0.25
V-S-MNSP1,Murraylink,forward,N-BABU,V^SML_BUDP_3,0.45285359801488834,V^SML_BUDP_3 (45%); V^^SML_NSWRB_2 (9%); V^^SML_NIL_3 (9%),V^SML_BUDP_3 (40%); V^^SML_NIL_3 (6%); VSML_044 (4%),0.22916666666666666
V-S-MNSP1,Murraylink,forward,N-BADP,V^SML_BUDP_3,0.6292134831460674,V^SML_BUDP_3 (63%); VSML_VFRB_OFF (11%); V>>NIL_BABE_KMRC (7%),V^^N_DTKV_1 (10%); #R032296_037_RAMP_F (10%); #R033738_030_RAMP_F (10%),0.2
V-S-MNSP1,Murraylink,forward,N-CLDE_99L_C,V^SML_BUDP_3,0.3253493013972056,V^SML_BUDP_3 (33%); VSML_VFRB_OFF (27%); V^^N_NIL_1 (9%),VSML_VFRB_OFF (24%); V^SML_BUDP_3 (12%); V^^SML_NSWRB_2 (9%),0.2647058823529412
V-S-MNSP1,Murraylink,forward,N-CNLT_07,VSML_VFRB_OFF,0.4435542607428988,VSML_VFRB_OFF (44%); V^^SML_NIL_3 (18%); V^^SML_NSWRB_2 (7%),VSML_VFRB_OFF (43%); V^^SML_NIL_3 (16%); I_6F_SN_150 (9%),0.29310344827586204
V-S-MNSP1,Murraylink,forward,N-CTMN_4_WG_CLOSE,VSML_VFRB_OFF,0.43023255813953487,VSML_VFRB_OFF (43%); V^^SML_NIL_3 (24%); V^^SML_NSWRB_2 (8%),VSML_VFRB_OFF (30%); V^^SML_NIL_3 (25%); V^^SML_NSWRB_2 (7%),0.26436781609195403
V-S-MNSP1,Murraylink,forward,N-CTYS_3L_WG_CLOSE,VSML_VFRB_OFF,0.43488555643251775,VSML_VFRB_OFF (43%); V^^SML_NIL_3 (13%); VS_600_TEST (7%),VSML_VFRB_OFF (40%); V^^SML_NIL_3 (21%); V^^SML_NSWRB_2 (6%),0.23809523809523808
V-S-MNSP1,Murraylink,forward,N-DTKV_18_WG_CLOSE,VSML_VFRB_OFF,0.25688073394495414,VSML_VFRB_OFF (26%); V>>NIL_BABE_KMRC (17%); V>>NIL_BABE_HOMRKM (17%),S>>NIL_RBTU_WEWT (33%); #R030739_018_RAMP_F (17%); V>>NIL_BABE_HOMRKM (17%),0.6666666666666666
V-S-MNSP1,Murraylink,forward,N-DTSS_11,VSML_VFRB_OFF,0.4668400520156047,VSML_VFRB_OFF (47%); S>>MW2MW3_NWRB1 (11%); V^^SML_NSWRB_2 (7%),VSML_VFRB_OFF (47%); V^^SML_NIL_3 (13%); V^^SML_NSWRB_2 (5%),0.15789473684210525
V-S-MNSP1,Murraylink,forward,N-GFYC-99J-C,VSML_VFRB_OFF,0.3963515754560531,VSML_VFRB_OFF (40%); V^SML_HORC_3 (13%); VS_600_TEST (11%),VSML_VFRB_OFF (43%); V^^SML_NIL_3 (14%); V^SML_HORC_3 (7%),0.17857142857142858
V-S-MNSP1,Murraylink,forward,N-KVCW_3W_WG_CLOSE,VSML_VFRB_OFF,0.5769230769230769,VSML_VFRB_OFF (58%); S>>NIL_RBTX_RBTX_2 (10%); V^^SML_NIL_3 (9%),VSML_VFRB_OFF (50%); I_6F_SN_150 (14%); S>>MNWT_RBTU_WTTP (7%),0.07142857142857142
V-S-MNSP1,Murraylink,forward,N-LTUT_64_15M,VSML_VFRB_OFF,0.30173775671406006,VSML_VFRB_OFF (30%); V^^N_LTUT_1 (15%); S>>NIL_BWMP_RBTU (14%),VSML_VFRB_OFF (33%); V^^SML_NSWRB_2 (26%); S>>NIL_BWMP_RBTU (22%),0.2962962962962963
V-S-MNSP1,Murraylink,forward,S-BGDV,VSML_VFRB_OFF,0.3674033149171271,VSML_VFRB_OFF (37%); V^^SML_NIL_3 (10%); S>>DVBG_RBTU_RBTU (8%),VSML_VFRB_OFF (25%); #R032320_002_RAMP_V (12%); V>>ARCW_X3_BEKG (12%),0.375
V-S-MNSP1,Murraylink,forward,S-PA_VC1,VSML_VFRB_OFF,0.2806484295845998,VSML_VFRB_OFF (28%); V^^N_NIL_1 (16%); VS_600_TEST (8%),VSML_VFRB_OFF (31%); V^^SML_NSWRB_2 (14%); V^^N_NIL_1 (10%),0.2857142857142857
V-S-MNSP1,Murraylink,forward,S-RBTU,VSML_VFRB_OFF,0.4014084507042254,VSML_VFRB_OFF (40%); S>>X_BRMN_RBTU_04 (16%); V^^SML_NSWRB_2 (10%),VSML_VFRB_OFF (28%); S>>X_BRMN_RBTU_04 (19%); S>>X_BRMN_RBTU_06 (6%),0.125
V-S-MNSP1,Murraylink,forward,S-TBSE,VSML_VFRB_OFF,0.355625,VSML_VFRB_OFF (36%); V^^N_NIL_1 (8%); VS_HEY_600_TEST (7%),VSML_VFRB_OFF (30%); V^^SML_NSWRB_2 (9%); V^^N_NIL_1 (8%),0.3888888888888889
V-S-MNSP1,Murraylink,forward,S-X_BRMN_RBTU,VSML_VFRB_OFF,0.33506044905008636,VSML_VFRB_OFF (34%); S>>X_BRMN_RBTU_04 (16%); V^SML_KGRC_4 (15%),S>>X_BRMN_RBTU_04 (25%); VSML_VFRB_OFF (25%); V^SML_KGRC_4 (25%),0.08333333333333333
V-S-MNSP1,Murraylink,forward,V-ARCW,V>>ARCW_X3_BEKG,0.4423076923076923,V>>ARCW_X3_BEKG (44%); V::N_WBHO_S2 (15%); V>>ARCW_KGWE_X3 (12%),V::N_WBHO_S2 (50%); #R031258_024_RAMP_F (25%); #R031276_024_RAMP_V (25%),0.5
V-S-MNSP1,Murraylink,forward,V-AR_WB_BA,V^^SML_ARWBBA_1,0.5833333333333334,V^^SML_ARWBBA_1 (58%); VSML_VFRB_OFF (17%); S>>X_BGRH+RBTX_03 (8%),V^^SML_ARWBBA_1 (22%); VSML_VFRB_OFF (9%); #R031308_024_RAMP_F (4%),0.4782608695652174
V-S-MNSP1,Murraylink,forward,V-CRML,S>>MW2MW3_NWRB1,0.19330855018587362,S>>MW2MW3_NWRB1 (19%); VSML_VFRB_OFF (16%); V^^SML_NSWRB_2 (11%),V^^SML_NSWRB_2 (14%); V^SML_BUDP_3 (9%); V^^N_NIL_1 (9%),0.5909090909090909
V-S-MNSP1,Murraylink,forward,V-DDMS,S>>NIL_RBTX_RBTX_2,0.15123456790123457,S>>NIL_RBTX_RBTX_2 (15%); V::N_DDMS_S1 (10%); V^^SML_NIL_3 (6%),VSML_VFRB_OFF (22%); V^^SML_NIL_3 (11%); V>>NIL_BABE_HOMRKM (11%),0.5
V-S-MNSP1,Murraylink,forward,V-DDSM,VSML_VFRB_OFF,0.2875816993464052,VSML_VFRB_OFF (29%); V::N_DDSM_V2 (9%); V^^SML_NSWRB_2 (8%),V^^SML_NIL_3 (23%); VSML_VFRB_OFF (23%); V^^SML_NSWRB_2 (15%),0.5384615384615384
V-S-MNSP1,Murraylink,forward,V-HYMO,VSML_VFRB_OFF,0.4,VSML_VFRB_OFF (40%); S>>NIL_RBTX_RBTX_2 (11%); S>>NIL_RBTU_WEWT (11%),VSML_VFRB_OFF (22%); I_6F_SN_150 (22%); S>>BWMP_RBTU_RBTU (11%),0.5555555555555556
V-S-MNSP1,Murraylink,forward,V-KG_WE_RC,V^SML_KGRC_4,0.44285714285714284,V^SML_KGRC_4 (44%); VSML_VFRB_OFF (24%); V>>RCWE_BUHO_X5 (11%),VSML_VFRB_OFF (20%); V^SML_KGRC_4 (20%); #R031432_021_RAMP_V (10%),0.2
V-S-MNSP1,Murraylink,forward,V-MLSY_NOEMTT_R,S>>NIL_RBTX_RBTX_2,0.24711815561959655,S>>NIL_RBTX_RBTX_2 (25%); VSML_VFRB_OFF (18%); V^^SML_NSWRB_2 (16%),S>>NIL_RBTX_RBTX_2 (27%); VSML_VFRB_OFF (19%); V^^SML_NSWRB_2 (11%),0.40625
V-S-MNSP1,Murraylink,forward,V-MRKM,V^SML_HORC_3,0.6797752808988764,V^SML_HORC_3 (68%); VSML_VFRB_OFF (12%); V^^SML_ARWBBA_1 (11%),V^SML_HORC_3 (33%); #R032410_022_RAMP_F (7%); #R032396_021_RAMP_F (7%),0.5333333333333333
V-S-MNSP1,Murraylink,reverse,I-BURC,S>>NIL_RBTX_RBTX_1,0.2459016393442623,S>>NIL_RBTX_RBTX_1 (25%); I_6F_NS_150 (21%); V>>V_BURC_5 (11%),I_6F_NS_150 (20%); N^^V_BURC_1 (10%); S>>NIL_RBTX_RBTX_1 (10%),0.5
V-S-MNSP1,Murraylink,reverse,I-HYSE,S>>NIL_RBTX_RBTX_1,0.515650741350906,S>>NIL_RBTX_RBTX_1 (52%); N^^V_LTUT_1 (7%); S>>MW2MW3_RBNW1 (7%),S>>NIL_RBTX_RBTX_1 (50%); N^^V_NIL_1 (12%); S>>MW2MW3_RBNW1 (6%),0.375
V-S-MNSP1,Murraylink,reverse,I-SVML_132,SVML_132,0.3448275862068966,SVML_132 (34%); N>>NIL_060_051 (29%); V^^V_NIL_KGTS (10%),N>>NIL_060_051 (27%); S>>NIL_RBTX_RBTX_1 (18%); SVML_088 (9%),0.6363636363636364
V-S-MNSP1,Murraylink,reverse,I-VSML_132,SVML_132,0.3448275862068966,SVML_132 (34%); N>>NIL_060_051 (29%); V^^V_NIL_KGTS (10%),N>>NIL_060_051 (27%); S>>NIL_RBTX_RBTX_1 (18%); SVML_088 (9%),0.6363636363636364
V-S-MNSP1,Murraylink,reverse,I-VSML_176,N>>NIL_060_051,0.23076923076923078,N>>NIL_060_051 (23%); I_6F_NS_150 (17%); S>>NIL_RBTX_RBTX_1 (15%),S>>NIL_RBTX_RBTX_1 (38%); N>>NIL_060_051 (31%); V^^V_NIL_KGTS (15%),0.5384615384615384
V-S-MNSP1,Murraylink,reverse,I-X_BDBU+HYSE,S>>NIL_RBTX_RBTX_1,0.3880597014925373,S>>NIL_RBTX_RBTX_1 (39%); N^^V_LTUT_1 (30%); S>>MW2MW3_RBNW1 (22%),S>>NIL_RBTX_RBTX_1 (50%); N^^V_LTUT_1 (25%); S>>MW2MW3_RBNW1 (25%),0.0
V-S-MNSP1,Murraylink,reverse,N-BABU,S>>NIL_RBTX_RBTX_1,0.5545905707196029,S>>NIL_RBTX_RBTX_1 (55%); N^^N_NIL_WGLT (12%); N>>NIL_060_051 (8%),S>>NIL_RBTX_RBTX_1 (46%); N>>NIL_060_051 (15%); N^^N_NIL_WGLT (4%),0.3125
V-S-MNSP1,Murraylink,reverse,N-BADP,S>VMLMHNW2,0.29775280898876405,S>VMLMHNW2 (30%); S>>NIL_RBTX_RBTX_1 (25%); N^^V_BADP_1 (12%),S>VMLMHNW2 (30%); V^^V_NIL_KGTS_2 (10%); #R032296_023_RAMP_F (10%),0.1
V-S-MNSP1,Murraylink,reverse,N-CLDE_99L_C,S>>NIL_RBTX_RBTX_1,0.20159680638722555,S>>NIL_RBTX_RBTX_1 (20%); S>VMLMHNW2 (16%); S>>V_NWMW1_RBNW1 (10%),S>>NIL_RBTX_RBTX_1 (24%); S>VMLMHNW2 (18%); S>>V_NWMW1_RBNW1 (15%),0.3235294117647059
V-S-MNSP1,Murraylink,reverse,N-CNLT_07,S>>NIL_RBTX_RBTX_1,0.5003641660597232,S>>NIL_RBTX_RBTX_1 (50%); V^^V_NIL_KGTS (14%); I_6F_NS_150 (10%),S>>NIL_RBTX_RBTX_1 (40%); V^^V_NIL_KGTS (17%); I_6F_NS_150 (10%),0.27586206896551724
V-S-MNSP1,Murraylink,reverse,N-CTMN_4_WG_CLOSE,S>>NIL_RBTX_RBTX_1,0.487360970677452,S>>NIL_RBTX_RBTX_1 (49%); V^^V_NIL_KGTS (10%); I_6F_NS_150 (7%),S>>NIL_RBTX_RBTX_1 (45%); V^^V_NIL_KGTS (8%); I_6F_NS_150 (8%),0.26436781609195403
V-S-MNSP1,Murraylink,reverse,N-CTYS_3L_WG_CLOSE,S>>NIL_RBTX_RBTX_1,0.4183109707971586,S>>NIL_RBTX_RBTX_1 (42%); N^^V_CTMN_1 (12%); V^^V_NIL_KGTS (9%),S>>NIL_RBTX_RBTX_1 (44%); V^^V_NIL_KGTS (13%); N^^V_CTMN_1 (11%),0.23809523809523808
V-S-MNSP1,Murraylink,reverse,N-DTKV_18_WG_CLOSE,V^^V_MLNK_KGTS,0.28440366972477066,V^^V_MLNK_KGTS (28%); V^^V_NIL_KGTS_2 (16%); S>VMLMHNW1 (13%),N^^N_NIL_X5_BEKG (33%); V^^V_NIL_KGTS_2 (17%); V>>BDBU_WBBA_BESH (17%),0.5
V-S-MNSP1,Murraylink,reverse,N-DTMN_8_15M,S>>NIL_RBTX_RBTX_1,0.34402852049910876,S>>NIL_RBTX_RBTX_1 (34%); V^^V_BDBU_KGTS (17%); I_6F_NS_150 (13%),S>>NIL_RBTX_RBTX_1 (27%); V^^V_BDBU_KGTS (23%); N^^V_NIL_1 (15%),0.34615384615384615
V-S-MNSP1,Murraylink,reverse,N-DTSS_11,S>>NIL_RBTX_RBTX_1,0.32769830949284784,S>>NIL_RBTX_RBTX_1 (33%); S>>MW2MW3_RBNW1 (10%); V^^V_BDBU_KGTS (10%),S>>NIL_RBTX_RBTX_1 (39%); V^^V_BDBU_KGTS (11%); I_6F_NS_150 (11%),0.34210526315789475
V-S-MNSP1,Murraylink,reverse,N-GFYC-99J-C,S>>NIL_RBTX_RBTX_1,0.5207296849087893,S>>NIL_RBTX_RBTX_1 (52%); I_6F_NS_150 (10%); V^^V_NIL_KGTS (8%),S>>NIL_RBTX_RBTX_1 (43%); V^^V_NIL_KGTS (14%); I_6F_NS_150 (11%),0.10714285714285714
V-S-MNSP1,Murraylink,reverse,N-KVCW_3W_WG_CLOSE,S>>NIL_RBTX_RBTX_1,0.2905982905982906,S>>NIL_RBTX_RBTX_1 (29%); N>>NIL_060_051 (14%); V^^V_BDBU_KGTS (9%),S>>NIL_RBTX_RBTX_1 (57%); V^^V_BDBU_KGTS (14%); V^^V_NIL_KGTS_2 (7%),0.5
V-S-MNSP1,Murraylink,reverse,N-LTUT_64_15M,S>>NIL_RBTX_RBTX_1,0.5165876777251185,S>>NIL_RBTX_RBTX_1 (52%); N^^V_LTUT_1 (11%); I_6F_NS_150 (9%),S>>NIL_RBTX_RBTX_1 (59%); N^^V_LTUT_1 (11%); N>>NIL_060_051 (7%),0.2962962962962963
V-S-MNSP1,Murraylink,reverse,S-BGDV,S>>NIL_RBTX_RBTX_1,0.4889502762430939,S>>NIL_RBTX_RBTX_1 (49%); V^^V_NIL_KGTS (20%); N>>NIL_060_051 (10%),S>>NIL_RBTX_RBTX_1 (38%); S>X_BGRH+RBTX_12 (12%); #R032320_001_RAMP_F (12%),0.375
V-S-MNSP1,Murraylink,reverse,S-PA_VC1,S>>NIL_RBTX_RBTX_1,0.46605876393110435,S>>NIL_RBTX_RBTX_1 (47%); N>>NIL_060_051 (10%); N^^N_NIL_WGLT (7%),S>>NIL_RBTX_RBTX_1 (35%); I_6F_NS_150 (20%); V>>NIL_ELML_BAML2 (6%),0.46938775510204084
V-S-MNSP1,Murraylink,reverse,S-RBTU,S>>NIL_RBTX_RBTX_1,0.6566901408450704,S>>NIL_RBTX_RBTX_1 (66%); N>>NIL_060_051 (7%); I_6F_NS_150 (5%),S>>NIL_RBTX_RBTX_1 (50%); V^^V_NIL_KGTS (12%); I_6F_NS_150 (9%),0.375
V-S-MNSP1,Murraylink,reverse,S-TBSE,S>>NIL_RBTX_RBTX_1,0.505,S>>NIL_RBTX_RBTX_1 (50%); S>>MW2MW3_RBNW1 (7%); N>>NIL_060_051 (5%),S>>NIL_RBTX_RBTX_1 (41%); S>>MW2MW3_RBNW1 (10%); N>>NIL_060_051 (7%),0.36666666666666664
V-S-MNSP1,Murraylink,reverse,S-X_BRMN_RBTU,S>>NIL_RBTX_RBTX_1,0.7253886010362695,S>>NIL_RBTX_RBTX_1 (73%); I_6F_NS_150 (8%); N>>NIL_060_051 (6%),S>>NIL_RBTX_RBTX_1 (71%); I_6F_NS_150 (12%); N^^N_NIL_X5_BESH (8%),0.25
V-S-MNSP1,Murraylink,reverse,V-ARCW,S>X_BGRH+RBTX_12,0.5192307692307693,S>X_BGRH+RBTX_12 (52%); S>>MW2MW3_RBNW1 (25%); V^^V_BDBU_KGTS (10%),S>>MW2MW3_RBNW1 (50%); N^^V_CTMN_1 (25%); S>X_BGRH+RBTX_12 (25%),0.25
V-S-MNSP1,Murraylink,reverse,V-AR_WB_BA,S>>NIL_RBTX_RBTX_1,0.3472222222222222,S>>NIL_RBTX_RBTX_1 (35%); N>>NIL_060_051 (14%); I_6F_NS_150 (11%),S>>NIL_RBTX_RBTX_1 (26%); V^^V_NIL_SWVIC (13%); I_6F_NS_150 (9%),0.2608695652173913
V-S-MNSP1,Murraylink,reverse,V-BAML1_15M,V^^V_BDBU_KGTS,0.22966507177033493,V^^V_BDBU_KGTS (23%); N>>NIL_060_051 (22%); V^^V_NIL_KGTS (18%),S>>NIL_RBTX_RBTX_1 (38%); V^^V_NIL_SWVIC (15%); V^^V_NIL_KGTS (15%),0.38461538461538464
V-S-MNSP1,Murraylink,reverse,V-CRML,S>>NIL_RBTX_RBTX_1,0.19330855018587362,S>>NIL_RBTX_RBTX_1 (19%); S>NWCB6021+22_TX2 (19%); S>>MW2MW3_RBNW1 (14%),S>>NIL_RBTX_RBTX_1 (27%); S>>MW2MW3_RBNW1 (18%); S>NWCB6021+22_TX2 (14%),0.36363636363636365
V-S-MNSP1,Murraylink,reverse,V-DDMS,S>>NIL_RBTX_RBTX_1,0.2006172839506173,S>>NIL_RBTX_RBTX_1 (20%); V^^V_BDBU_KGTS (15%); V^^V_NIL_KGTS_2 (13%),S>>NIL_RBTX_RBTX_1 (33%); V^^V_BDBU_KGTS (11%); V^^V_NIL_KGTS_2 (11%),0.2222222222222222
V-S-MNSP1,Murraylink,reverse,V-DDSM,V^^V_NIL_KGTS,0.27450980392156865,V^^V_NIL_KGTS (27%); S>>NIL_RBTX_RBTX_1 (18%); V^^V_BDBU_KGTS (7%),S>>NIL_RBTX_RBTX_1 (38%); V^^V_NIL_KGTS (15%); V^^V_BDBU_KGTS (8%),0.46153846153846156
V-S-MNSP1,Murraylink,reverse,V-HYMO,S>>NIL_RBTX_RBTX_1,0.22,S>>NIL_RBTX_RBTX_1 (22%); N>>NIL_060_051 (11%); I_6F_NS_150 (8%),S>>NIL_RBTX_RBTX_1 (33%); S>VMLMHNW1 (22%); S>>BWMP_BRTW_WEMWP4 (11%),0.1111111111111111
V-S-MNSP1,Murraylink,reverse,V-KG_WE_RC,S>>NIL_RBTX_RBTX_1,0.4,S>>NIL_RBTX_RBTX_1 (40%); N>>NIL_990_051 (17%); V^^V_BDBU_KGTS (15%),S>>NIL_RBTX_RBTX_1 (20%); #R030774_009_RAMP_F (10%); #R031432_009_RAMP_V (10%),0.3
V-S-MNSP1,Murraylink,reverse,V-KMRC,S>>NIL_RBTX_RBTX_1,0.42207792207792205,S>>NIL_RBTX_RBTX_1 (42%); N^^V_NIL_1 (10%); I_6F_NS_150 (7%),N^^V_NIL_1 (9%); S>>NIL_RBTX_RBTX_1 (9%); N^^V_4+07_1 (4%),0.2608695652173913
V-S-MNSP1,Murraylink,reverse,V-MLSY_NOEMTT_R,S>>NIL_RBTX_RBTX_1,0.33645533141210376,S>>NIL_RBTX_RBTX_1 (34%); V^^V_BDBU_KGTS (21%); V^^V_BDBU_KGTS_2 (7%),S>>NIL_RBTX_RBTX_1 (34%); V^^V_BDBU_KGTS (31%); V^^V_BDBU_KGTS_2 (9%),0.3125
V-S-MNSP1,Murraylink,reverse,V-MRKM,S>>NIL_RBTX_RBTX_1,0.3651685393258427,S>>NIL_RBTX_RBTX_1 (37%); V^^V_NIL_KGTS (16%); I_6F_NS_150 (15%),S>>NIL_RBTX_RBTX_1 (27%); V^^V_NIL_KGTS (13%); N^^V_NIL_1 (13%),0.06666666666666667
T-V-MNSP1,Basslink,forward,N-LDTW_84,F_MAIN++APD_TL_L1,0.7955665024630542,F_MAIN++APD_TL_L1 (80%); F_MAIN++GFT_TG_R1 (12%); F_MAIN++ERB_TL_L6 (4%),F_MAIN++APD_TL_L1 (67%); F_MAIN++GFT_TG_R1 (20%); F_MAIN++TTS_TG_R1 (7%),0.13333333333333333
T-V-MNSP1,Basslink,forward,N-TWUL_85,F_MAIN++APD_TL_L1,0.7946287519747235,F_MAIN++APD_TL_L1 (79%); F_MAIN++TTS_TG_R1 (6%); F_MAIN++ERB_TL_L6 (3%),F_MAIN++APD_TL_L1 (79%); F_MAIN++TTS_TG_R1 (7%); F_MAIN++MREH_TL_L5 (7%),0.14285714285714285
T-V-MNSP1,Basslink,forward,Q-X_BRHA_TWO,F_MAIN++GFT_TG_R1,0.9225352112676056,F_MAIN++GFT_TG_R1 (92%); F_T++NIL_GHWF_TG_R6 (4%); F_T++NIL_WNWF_TG_R6 (3%),F_MAIN++GFT_TG_R1 (91%); F_T++NIL_CHWF_TG_R6 (9%),0.09090909090909091
T-V-MNSP1,Basslink,forward,S-TBSE,F_MAIN++GFT_TG_R1,0.27601585728444006,F_MAIN++GFT_TG_R1 (28%); F_MAIN++ERB_TL_L60 (14%); F_MAIN++ERB_TL_L6 (13%),F_MAIN++GFT_TG_R1 (24%); F_MAIN++MREH_TL_L6 (22%); F_MAIN++ERB_TL_L60 (20%),0.35294117647058826
T-V-MNSP1,Basslink,forward,V-CRML,F_MAIN++GFT_TG_R1,0.496551724137931,F_MAIN++GFT_TG_R1 (50%); F_QNV++CRML_L5 (18%); F_MAIN++MREH_TL_L6 (7%),F_MAIN++GFT_TG_R1 (53%); F_MAIN++ERB_TL_L6 (18%); F_QNV++CRML_L5 (12%),0.23529411764705882
T-V-MNSP1,Basslink,forward,V-DDMS,F_MAIN++APD_TL_L1,0.5835616438356165,F_MAIN++APD_TL_L1 (58%); F_MAIN++GFT_TG_R1 (13%); F_MAIN++ERB_TL_L6 (10%),F_MAIN++TTS_TG_R1 (42%); F_MAIN++APD_TL_L1 (33%); F_MAIN++GFT_TG_R1 (8%),0.16666666666666666
T-V-MNSP1,Basslink,forward,V-HYMO,F_MAIN++LDBES_TL_L6,0.2222222222222222,F_MAIN++LDBES_TL_L6 (22%); F_MAIN++ERB_TL_L6 (21%); F_MAIN++APD_TL_L1 (19%),F_MAIN++ERB_TL_L60 (43%); F_MAIN++GFT_TG_R1 (29%); F_MAIN++APD_TL_L1 (14%),0.42857142857142855
T-V-MNSP1,Basslink,forward,V-KG_WE_RC,F_MAIN++GFT_TG_R1,0.7435897435897436,F_MAIN++GFT_TG_R1 (74%); F_MAIN++APD_TL_L1 (15%); F_MAIN++TTS_TG_R1 (11%),F_MAIN++GFT_TG_R1 (78%); F_MAIN++APD_TL_L1 (11%); F_MAIN++TTS_TG_R1 (11%),0.0
T-V-MNSP1,Basslink,forward,V-MLSY_NOEMTT_R,F_MAIN++APD_TL_L1,0.5771503611293499,F_MAIN++APD_TL_L1 (58%); F_MAIN++TTS_TG_R1 (20%); F_MAIN++GFT_TG_R1 (6%),F_MAIN++APD_TL_L1 (60%); F_MAIN++TTS_TG_R1 (17%); F_MAIN++GFT_TG_R1 (11%),0.10638297872340426
T-V-MNSP1,Basslink,reverse,N-LDTW_84,V::N_NIL_V2,0.27832512315270935,V::N_NIL_V2 (28%); V::N_NIL_V1 (22%); F_NVS++LDTW_R5 (16%),V::N_NIL_V2 (40%); F_T++NIL_ML_RECL_L5 (20%); V::N_MLSY_V2 (13%),0.3333333333333333
T-V-MNSP1,Basslink,reverse,N-TWUL_85,V::N_MLSY_V2,0.382306477093207,V::N_MLSY_V2 (38%); V::N_NIL_V2 (28%); F_MAIN++MREH_TG_R6 (10%),V::N_MLSY_V2 (29%); V::N_NIL_V2 (29%); V::N_MLSY_V1 (21%),0.0
T-V-MNSP1,Basslink,reverse,Q-X_BRHA_TWO,F_MAIN++BRHA_TG_R6,0.795774647887324,F_MAIN++BRHA_TG_R6 (80%); F_T++NIL_ML_RECL_L5 (10%); F_MAIN++BRHA_TG_R5 (7%),F_T++NIL_ML_RECL_L5 (55%); F_MAIN++NIL_MG_R1 (18%); F_MAIN++BRHA_TG_R6 (18%),0.8181818181818182
T-V-MNSP1,Basslink,reverse,S-TBSE,F_MAIN++MREH_TG_R6,0.5089197224975223,F_MAIN++MREH_TG_R6 (51%); F_T++NIL_ML_RECL_L5 (28%); F_MAIN++GFT_TG_R6 (10%),F_MAIN++MREH_TG_R6 (41%); F_T++NIL_ML_RECL_L5 (18%); F_MAIN++GFT_TG_R6 (18%),0.21568627450980393
T-V-MNSP1,Basslink,reverse,V-CRML,F_MAIN++MREH_TG_R6,0.33793103448275863,F_MAIN++MREH_TG_R6 (34%); F_T++NIL_ML_RECL_L5 (29%); F_T++NIL_ML_RECL_L6 (8%),F_MAIN++MREH_TG_R6 (47%); F_T++NIL_ML_RECL_L5 (41%); F_T++NIL_ML_RECL_L60 (12%),0.4117647058823529
T-V-MNSP1,Basslink,reverse,V-DDMS,V::N_NIL_V1,0.28493150684931506,V::N_NIL_V1 (28%); F_MAIN++MREH_TG_R6 (21%); F_T++NIL_ML_RECL_L5 (11%),F_MAIN++NIL_MG_R1 (42%); F_T++NIL_ML_RECL_L5 (17%); F_MAIN++GFT_TG_R6 (17%),0.16666666666666666
T-V-MNSP1,Basslink,reverse,V-HYMO,F_MAIN++MREH_TG_R6,0.3037037037037037,F_MAIN++MREH_TG_R6 (30%); F_QNV++HYMO_R6 (27%); F_QNV++HYMO_R5 (20%),F_MAIN++MREH_TG_R6 (57%); #R031037_016_RAMP_F (14%); F_T++NIL_ML_RECL_L5 (14%),0.5714285714285714
T-V-MNSP1,Basslink,reverse,V-KG_WE_RC,F_MAIN++NIL_MG_R1,0.8782051282051282,F_MAIN++NIL_MG_R1 (88%); V::N_KGRC_V1 (12%); #R030774_010_RAMP_F (1%),F_MAIN++NIL_MG_R1 (89%); #R030774_010_RAMP_F (11%),0.0
T-V-MNSP1,Basslink,reverse,V-MLSY_NOEMTT_R,V::N_MLSY_V2,0.273145108338805,V::N_MLSY_V2 (27%); F_MAIN++NIL_MG_R1 (25%); F_MAIN++MREH_TG_R6 (15%),V::N_MLSY_V2 (26%); F_MAIN++NIL_MG_R1 (23%); F_MAIN++MREH_TG_R6 (11%),0.14893617021276595
