ic,name,direction,GENCONSETID,effect_capacity,effect_directional_flow,effect_headroom,ci_lo_directional_flow,ci_hi_directional_flow,flow_pass_through,headroom_absorbed,episodes,treated_hours,effect_at_limit,treated_at_limit,control_at_limit
N-Q-MNSP1,Directlink,forward,N-96L_96R_CB4102,-36.652375,-13.144375,-18.061046666666655,-23.17871870833333,-3.76627666666667,0.35862273590729116,0.49276606677375356,35,846.0,-0.0025046963055729565,0.12711333750782716,0.12961803381340012
N-Q-MNSP1,Directlink,reverse,N-96L_96R_CB4102,11.678231666666676,13.144375,0.2703166666666732,3.996302125,23.5,,,35,846.0,-0.010958046336881633,0.1509079524107702,0.16186599874765184
N-Q-MNSP1,Directlink,forward,N-ARTW_86,-21.191974166666665,-7.5,-0.2306841666666699,-49.49091895833334,0.0,,,12,384.0,-0.10224274406332455,0.03825857519788918,0.14050131926121373
N-Q-MNSP1,Directlink,reverse,N-ARTW_86,11.589299166666656,6.922791666666667,-0.6489791666666633,0.0,49.49091895833334,,,12,384.0,0.1616094986807388,0.370712401055409,0.2091029023746702
N-Q-MNSP1,Directlink,forward,N-AVMA_17,2.247710833333336,7.4833333333333325,0.811083333333336,1.333333333333334,11.167719145833331,,,10,722.0,0.019200626959247652,0.13322884012539185,0.1140282131661442
N-Q-MNSP1,Directlink,reverse,N-AVMA_17,0.16025250000000568,-7.333333333333334,0.21666666666666856,-11.004166666666666,-1.3333333333333321,,,10,722.0,-0.07523510971786834,0.08072100313479624,0.15595611285266459
N-Q-MNSP1,Directlink,forward,N-CHKS_ONE,13.261638333333337,9.333333333333336,0.3826483333333215,2.664583333333331,17.116666666666667,,,10,202.5,0.08354114713216958,0.17955112219451372,0.09600997506234414
N-Q-MNSP1,Directlink,forward,N-DTMN_8_15M,-0.7832833333333298,2.1499999999999995,-0.31653666666665004,-3.1078100833333338,9.0,,,9,383.0,0.15752461322081576,0.21940928270042195,0.06188466947960619
N-Q-MNSP1,Directlink,reverse,N-DTMN_8_15M,-4.553865000000001,-2.0792783333333276,-0.0006233333333405255,-9.0,3.002673583333331,,,9,383.0,0.02250351617440227,0.2559774964838256,0.23347398030942335
N-Q-MNSP1,Directlink,forward,N-LDTM_82,1.7166149999999973,1.0767216666666677,0.23705916666665416,-1.5,4.0,,,13,1450.5,0.013420089467263113,0.12281415209434729,0.10939406262708418
N-Q-MNSP1,Directlink,reverse,N-LDTM_82,0.4166666666666714,-0.6666666666666679,0.0,-3.6175533333333334,1.6821958333333349,,,13,1450.5,0.01667344448962993,0.1642944286295242,0.14762098413989427
N-Q-MNSP1,Directlink,forward,N-LDTW_84,21.925416666666663,24.35135333333333,-3.3333333391283304e-06,8.0,48.237590000000004,,,7,226.5,0.027459954233409613,0.07780320366132723,0.05034324942791762
N-Q-MNSP1,Directlink,reverse,N-LDTW_84,-44.11819,-24.35135333333333,-0.3215466666666611,-48.237590000000004,-8.0,0.5519572161354156,0.0072883014164148874,7,226.5,-0.0022883295194507935,0.3112128146453089,0.3135011441647597
N-Q-MNSP1,Directlink,forward,N-TWUL_85,-12.798216666666647,-1.5347633333333448,-2.7524200000000008,-7.865285,4.929144604166661,,,5,343.0,0.045454545454545456,0.16363636363636364,0.11818181818181818
N-Q-MNSP1,Directlink,reverse,N-TWUL_85,-26.124665,1.16526,-6.906465000000008,-6.196535000000001,7.5,-0.04460382554187776,0.264365686603063,5,343.0,0.21983471074380168,0.33553719008264465,0.11570247933884298
N-Q-MNSP1,Directlink,forward,N-X_9U6_9G2,18.208765833333334,10.006506666666667,1.0125787499999888,-2.666666666666666,145.222005,,,5,39.5,0.032894736842105254,0.15789473684210525,0.125
N-Q-MNSP1,Directlink,reverse,N-X_9U6_9G2,-14.416509166666664,-8.0,-0.6820633333333319,-145.222005,-0.6666666666666679,,,5,39.5,0.04605263157894736,0.15789473684210525,0.1118421052631579
N-Q-MNSP1,Directlink,reverse,N-X_ARKK_CH_CB892A,14.216666666666669,8.166666666666666,0.4333333333333371,-0.8241233333333327,13.511818874999989,,,14,114.5,0.017777777777777767,0.12,0.10222222222222223
N-Q-MNSP1,Directlink,forward,N-X_AVMA_SSWW,-0.1825716666666608,-9.756256666666665,0.5833333333333144,-16.414451666666665,-0.16744333333332406,,,10,102.5,-0.04093567251461988,0.22807017543859648,0.26900584795321636
N-Q-MNSP1,Directlink,reverse,N-X_AVMA_SSWW,9.216666666666654,9.756256666666665,0.35713500000001375,0.16743545833332477,16.107329916666657,,,10,102.5,-0.05847953216374269,0.08771929824561403,0.14619883040935672
N-Q-MNSP1,Directlink,forward,N-X_LPSS_MPWW,-0.2709549999999936,3.066666666666668,-0.14999999999999147,-10.89012020833334,12.60318199999998,,,5,535.0,0.023143164693218518,0.10333692142088267,0.08019375672766416
N-Q-MNSP1,Directlink,reverse,N-X_LPSS_MPWW,3.316666666666677,-2.6797183333333336,4.9999999873762135e-06,-13.009152499999999,12.314499041666663,,,5,535.0,-0.06942949407965554,0.11517761033369214,0.18460710441334768
N-Q-MNSP1,Directlink,forward,Q-BKBM,-0.10744000000001108,-14.566350000000007,3.836595000000006,-24.855293333333336,-4.414148333333333,,,14,480.5,-0.0743321718931475,0.1521486643437863,0.2264808362369338
N-Q-MNSP1,Directlink,reverse,Q-BKBM,28.30000000000001,14.476459999999998,0.743274999999997,4.328234833333341,24.582818208333325,0.5115356890459362,0.02626413427561826,14,480.5,-0.04994192799070846,0.26713124274099886,0.3170731707317073
N-Q-MNSP1,Directlink,forward,Q-GBMU_835_836,1.1176733333333146,-1.1772016666666651,1.0136908333333352,-6.810555708333334,3.3732966666666666,,,17,2297.0,-0.0027858848500928735,0.07773945343592464,0.08052533828601752
N-Q-MNSP1,Directlink,reverse,Q-LCCP_8859,-50.9245725,-51.368075833333336,0.0,-60.29801833333334,-26.28209833333334,1.0087090241814665,-0.0,9,135.5,-0.09917355371900825,0.08677685950413223,0.1859504132231405
N-Q-MNSP1,Directlink,forward,Q-RGLC_8875,-0.7175616666666684,20.0,-2.0,3.240368333333336,31.268615,,,12,183.5,0.04596100278551532,0.18384401114206128,0.13788300835654596
NSW1-QLD1,QNI,forward,N-ARDM_8C,-446.92650666666674,65.6755458333333,-470.76741749999997,24.551003125,106.91486987499997,-0.1469493190796947,1.053344141548343,21,1640.0,0.03336653386454183,0.05909694555112882,0.025730411686586987
NSW1-QLD1,QNI,reverse,N-ARDM_8C,-534.0141550000001,-65.20597666666666,-349.4529141666667,-100.41508683333333,-24.969351125,0.12210533383083572,0.6543888600980373,21,1640.0,0.5175962815405046,0.7470119521912351,0.2294156706507304
NSW1-QLD1,QNI,forward,N-ARSR_8E,-505.57287500000007,3.575088333333383,-479.07575166666663,-59.379397520833336,65.227511375,-0.0070713610443071786,0.9475899031700753,10,990.0,0.03614775725593668,0.05910290237467018,0.02295514511873351
NSW1-QLD1,QNI,reverse,N-ARSR_8E,-655.8790283333335,-9.421472499999936,-646.7511183333334,-65.24270999999999,55.94838654166672,0.014364649718929139,0.9860829366305625,10,990.0,0.48575197889182054,0.6401055408970976,0.15435356200527706
NSW1-QLD1,QNI,forward,N-ARTW_86,-62.61887333333334,22.730744999999985,-36.529613333333316,-12.027061666666668,59.10666149999994,-0.36300150082546967,0.5833642700480821,12,384.0,0.022253129346314328,0.03337969401947149,0.011126564673157162
NSW1-QLD1,QNI,reverse,N-ARTW_86,-58.78555666666665,-23.828595000000007,-0.0030749999999670763,-61.59387666666663,12.027061666666668,0.4053477818559402,5.230876722667326e-05,12,384.0,0.16342141863699589,0.7037552155771906,0.5403337969401947
NSW1-QLD1,QNI,forward,N-AVMA_17,36.36061666666666,101.3063575,-23.794360000000083,9.612226666666686,197.38039687499992,2.7861561983043015,-0.654399242403757,10,722.0,0.012424698795180718,0.04894578313253012,0.0365210843373494
NSW1-QLD1,QNI,reverse,N-AVMA_17,2.4886808333333192,-101.3063575,74.91874375000003,-197.28250833333334,-11.949056666666706,,,10,722.0,-0.012424698795180739,0.1378012048192771,0.15022590361445784
NSW1-QLD1,QNI,forward,N-CHKS_ONE,-48.654988333333336,29.734442500000043,-54.87521333333325,-122.51474916666666,149.69212750000003,-0.6111283450792464,1.1278435205324766,10,202.5,0.0037688442211055275,0.007537688442211055,0.0037688442211055275
NSW1-QLD1,QNI,reverse,N-CHKS_ONE,13.72745249999997,-25.439894583333285,27.39150416666655,-149.69212750000003,124.35089999999991,,,10,202.5,0.06281407035175882,0.271356783919598,0.20854271356783918
NSW1-QLD1,QNI,forward,N-DMSR_8J,-246.18731666666665,157.26108499999998,-336.9905000000001,83.72161833333337,224.20951333333332,-0.6387862995108263,1.3688377799587435,9,728.0,0.007885304659498209,0.03655913978494624,0.02867383512544803
NSW1-QLD1,QNI,reverse,N-DMSR_8J,-635.4128766666668,-166.45262666666667,-252.45720333333338,-230.92287066666657,-95.45027302083336,0.2619597946139618,0.39731206685282633,9,728.0,0.374910394265233,0.6458781362007169,0.2709677419354839
NSW1-QLD1,QNI,forward,N-DTMN_8_15M,-0.7826316666666546,-117.71178750000001,69.39494250000003,-205.69922020833334,-52.39435625000005,,,9,383.0,0.033333333333333326,0.06212121212121212,0.02878787878787879
NSW1-QLD1,QNI,reverse,N-DTMN_8_15M,1.7818158333333827,117.98048583333335,-6.39236708333334,52.39435625000004,205.66077,,,9,383.0,0.14015151515151514,0.47878787878787876,0.3386363636363636
NSW1-QLD1,QNI,forward,N-DTSS_11,14.438940833333334,-291.4912420833334,353.8522983333333,-384.56077000000005,-220.82395945833335,,,9,536.5,-0.038223140495867766,0.009297520661157025,0.047520661157024795
NSW1-QLD1,QNI,reverse,N-DTSS_11,57.919491249999965,297.18638999999996,-156.70126916666663,225.0674013333334,391.1653883333332,5.13102555955203,-2.7055014777372848,9,536.5,0.10175619834710742,0.2634297520661157,0.16167355371900827
NSW1-QLD1,QNI,forward,N-LDTM_82,0.0,-74.77301833333331,88.08064666666672,-140.6538409791667,-13.670063333333246,,,13,1450.5,0.0023068050749711667,0.018838908112264515,0.01653210303729335
NSW1-QLD1,QNI,reverse,N-LDTM_82,4.038773333333438,75.87239,-12.834016666666912,16.25431833333323,140.83458979166676,,,13,1450.5,0.029988465974625123,0.25259515570934254,0.22260668973471742
NSW1-QLD1,QNI,forward,N-LDTW_84,-57.33585166666667,13.885314166666678,-32.32250875,-28.788841666666656,50.61331333333333,-0.24217507480994094,0.5637399255515259,7,226.5,0.04342723004694836,0.05868544600938967,0.015258215962441314
NSW1-QLD1,QNI,reverse,N-LDTW_84,-36.601209999999995,-12.563699166666666,-0.003509999999948832,-50.61331333333333,28.788841666666656,0.34325912085055843,9.589846892900077e-05,7,226.5,0.09037558685446012,0.5469483568075117,0.4565727699530516
NSW1-QLD1,QNI,forward,N-TWUL_85,-570.1900625000001,-72.17818583333334,-498.89849166666664,-126.01278500000001,-8.169027479166726,0.126586186923125,0.8749687595031816,5,343.0,0.021043771043771045,0.08922558922558922,0.06818181818181818
NSW1-QLD1,QNI,reverse,N-TWUL_85,-619.643605,69.00081916666667,-502.06955000000005,-15.827608333333302,123.87436833333334,-0.11135565445989985,0.8102553563834489,5,343.0,0.2592592592592593,0.4208754208754209,0.16161616161616163
NSW1-QLD1,QNI,forward,N-X_8E+DM+TW+LS_SVC,-202.45844708333334,162.39190000000002,-426.3147016666667,-8.54787833333333,257.5440516666667,-0.8020998992112113,2.10568987270357,5,26.5,0.06521739130434784,0.15217391304347827,0.08695652173913043
NSW1-QLD1,QNI,reverse,N-X_8E+DM+TW+LS_SVC,-348.9529825,-158.4226266666667,-326.4781233333333,-230.58075000000002,51.348460833333334,0.45399419008165864,0.9355934458400375,5,26.5,0.08695652173913043,0.32608695652173914,0.2391304347826087
NSW1-QLD1,QNI,forward,N-X_AVMA_SSWW,-112.41499999999996,-76.67604333333333,-0.2699900000000639,-206.86100500000003,65.0283599999999,0.6820801790982818,0.002401725748343762,10,102.5,-0.15846994535519127,0.04371584699453552,0.20218579234972678
NSW1-QLD1,QNI,reverse,N-X_AVMA_SSWW,-46.45105333333345,76.67604333333333,-8.304256666666788,-56.171710000000004,206.5739725000002,-1.65068470639632,0.17877434569837025,10,102.5,-0.17486338797814205,0.20765027322404372,0.3825136612021858
NSW1-QLD1,QNI,reverse,Q-BKBM,32.81884750000003,73.3510204166667,-1.33333334026986e-05,-5.942342499999938,151.50236833333332,2.235027309129811,-4.0627061637976734e-07,14,480.5,-0.07692307692307693,0.3504273504273504,0.42735042735042733
NSW1-QLD1,QNI,forward,Q-CPWO_813/1,-14.302624166666671,138.9491516666667,-123.33474000000004,89.84672129166667,178.99085835416665,,,7,762.0,0.041341653666146644,0.054602184087363496,0.01326053042121685
NSW1-QLD1,QNI,reverse,Q-CPWO_813/1,-26.40611416666664,-132.19775916666669,0.0009708333332980601,-177.93127666666663,-81.60168333333334,5.006331425073688,-3.676547511574334e-05,7,762.0,-0.07020280811232449,0.5553822152886115,0.625585023400936
NSW1-QLD1,QNI,forward,Q-LCCP_8859,-161.06151333333335,223.2238233333333,-391.57381833333335,-346.03591,547.1494833333334,-1.3859538428112783,2.431206625526553,9,135.5,0.2832369942196532,0.3352601156069364,0.05202312138728324
NSW1-QLD1,QNI,reverse,Q-LCCP_8859,-20.924999999999955,-222.95694000000003,174.35040833333335,-547.2199961666666,346.03591,,,9,135.5,0.05780346820809251,0.3236994219653179,0.2658959537572254
NSW1-QLD1,QNI,forward,Q-RGLC_8875,-21.86051333333333,36.77692749999994,-113.92402249999998,-48.94509833333336,93.10567833333329,,,12,183.5,0.002801120448179272,0.022408963585434174,0.0196078431372549
NSW1-QLD1,QNI,forward,Q-X_BRHA_TWO,-14.927091666666698,67.89047166666671,-43.654818333333395,-131.0334774999999,306.7016027916666,,,20,72.0,0.0625,0.06944444444444445,0.006944444444444444
NSW1-QLD1,QNI,reverse,Q-X_BRHA_TWO,-20.120649166666567,-86.6576733333334,0.00012166666667745574,-368.41467166666666,113.10887333333335,,,20,72.0,-0.125,0.3611111111111111,0.4861111111111111
NSW1-QLD1,QNI,reverse,Q-X_HACL_HATR,-1.2323416666666844,-18.57899166666664,2.826854999999796,-118.33089666666663,90.01137045833337,,,28,319.5,-0.03578528827037773,0.10536779324055666,0.1411530815109344
NSW1-QLD1,QNI,forward,Q-X_HATR_TWO,-68.62656499999997,-121.17643083333341,-2.1108533333333526,-345.51170666666667,-2.6392616666666413,1.7657365020868152,0.03075854566425339,33,374.0,-0.005016722408026756,0.020066889632107024,0.02508361204013378
NSW1-QLD1,QNI,reverse,Q-X_HATR_TWO,-12.707087500000057,95.76764958333337,-106.65512416666661,-35.00339029166662,334.29913000000005,,,33,374.0,0.0802675585284281,0.2608695652173913,0.1806020066889632
T-V-MNSP1,Basslink,forward,N-LDTW_84,-11.322283333333289,-28.964167499999974,10.522242083333353,-57.15139833333333,-1.0086166666666667,,,7,226.5,0.01970443349753695,0.09113300492610837,0.07142857142857142
T-V-MNSP1,Basslink,reverse,N-LDTW_84,22.561411666666665,28.49842666666669,0.0,0.6065616666666642,52.439675187499944,,,7,226.5,0.03448275862068961,0.4753694581280788,0.4408866995073892
T-V-MNSP1,Basslink,forward,N-TWUL_85,-43.88668333333331,-61.624591666666674,-6.9000399999999615,-103.5670821666667,0.7869944583333656,1.404175184499779,0.15722400226948036,5,343.0,0.027646129541864142,0.09004739336492891,0.06240126382306477
T-V-MNSP1,Basslink,reverse,N-TWUL_85,41.15816000000001,58.69960750000001,-0.7933100000000195,-5.59000999999995,97.43319449999994,1.4261961054624406,-0.01927467117091773,5,343.0,0.010268562401263837,0.4676145339652449,0.45734597156398105
T-V-MNSP1,Basslink,forward,Q-X_BRHA_TWO,20.15106416666667,29.487682499999977,-5.185750833333302,0.4426816666666582,95.26572166666666,,,20,72.0,0.08450704225352113,0.1056338028169014,0.02112676056338028
T-V-MNSP1,Basslink,reverse,Q-X_BRHA_TWO,-28.073334166666655,-29.487682499999977,0.0,-95.83333333333333,-2.475597291666714,1.0503804900741955,-0.0,20,72.0,-0.08098591549295775,0.2112676056338028,0.29225352112676056
T-V-MNSP1,Basslink,forward,S-TBSE,0.0,6.814011666666712,-6.704738333333367,0.0,28.515825000000063,,,48,1023.0,0.02130822596630327,0.044598612487611496,0.023290386521308225
T-V-MNSP1,Basslink,reverse,S-TBSE,-12.115159999999998,-7.149301666666673,0.0,-28.320470083333344,0.0,,,48,1023.0,0.03790882061446976,0.1798810703666997,0.14197224975222994
T-V-MNSP1,Basslink,forward,V-CRML,18.705180833333344,25.773403333333334,-1.060099166666646,0.0,116.33820000000006,,,12,150.5,0.027586206896551724,0.034482758620689655,0.006896551724137931
T-V-MNSP1,Basslink,reverse,V-CRML,-40.690614999999994,-24.64789833333334,0.0,-116.33820000000006,0.0,0.6057391448453985,-0.0,12,150.5,-0.015517241379310334,0.1,0.11551724137931034
T-V-MNSP1,Basslink,forward,V-DDMS,3.9666766666666717,16.166666666666668,-7.4058783333332485,-11.065913395833327,91.49739500000004,,,9,199.0,0.08082191780821918,0.136986301369863,0.056164383561643834
T-V-MNSP1,Basslink,reverse,V-DDMS,-30.045686666666654,-16.166666666666668,0.0004900000000134241,-91.56388287500003,10.91213472916671,0.5380694688732917,-1.6308497304441402e-05,9,199.0,-0.0465753424657534,0.3452054794520548,0.3917808219178082
T-V-MNSP1,Basslink,forward,V-HYMO,1.5,-3.3565766666666264,7.883835833333279,-48.06225500000001,111.39992789583297,,,7,67.5,-0.007407407407407408,0.022222222222222223,0.02962962962962963
T-V-MNSP1,Basslink,reverse,V-HYMO,9.771526666666688,4.04650833333333,9.610023333333345,-124.8135058333333,66.02917500000001,,,7,67.5,0.00740740740740739,0.2074074074074074,0.2
T-V-MNSP1,Basslink,forward,V-KG_WE_RC,18.268147500000026,25.622858333333355,-0.9658091666666877,-33.71312666666671,141.0195032499999,,,7,78.0,0.012820512820512822,0.019230769230769232,0.00641025641025641
T-V-MNSP1,Basslink,reverse,V-KG_WE_RC,-24.237416666666633,-25.622858333333355,-0.00021750000006193204,-156.94473416666665,33.71312666666671,,,7,78.0,-0.13782051282051277,0.46794871794871795,0.6057692307692307
T-V-MNSP1,Basslink,forward,V-MLSY_NOEMTT_R,0.7751799999999918,0.0,-0.3512633333333497,-12.70892704166664,22.492097249999997,,,11,861.0,-0.023309258043335522,0.061720288903479976,0.0850295469468155
T-V-MNSP1,Basslink,reverse,V-MLSY_NOEMTT_R,-5.4992599999999925,-0.2510983333333314,-0.0010949999999922966,-23.2076816666667,12.501050625000058,,,11,861.0,0.006565988181221283,0.40118187787261983,0.39461588969139855
V-S-MNSP1,Murraylink,forward,I-BURC,-0.11271833333330505,-2.2637683333333314,3.333333353339185e-06,-41.203424979166655,8.316219999999987,,,16,157.5,-0.15201465201465203,0.5311355311355311,0.6831501831501832
V-S-MNSP1,Murraylink,reverse,I-BURC,65.06269833333332,0.8616633333333539,33.333341666666655,-8.527805999999977,41.15720583333332,0.013243584348728145,0.5123264561806394,16,157.5,0.18864468864468864,0.2271062271062271,0.038461538461538464
V-S-MNSP1,Murraylink,forward,I-HYSE,-0.6621549999999843,-8.102679999999992,1.6666666624587378e-06,-33.13660666666666,12.006679999999994,,,15,423.0,0.052718286655683705,0.28500823723228996,0.23228995057660626
V-S-MNSP1,Murraylink,reverse,I-HYSE,23.24179833333335,5.542343333333332,3.081978333333339,-16.509583708333334,30.32367162499999,,,15,423.0,0.046128500823723245,0.1696869851729819,0.12355848434925865
V-S-MNSP1,Murraylink,forward,I-SVML_088,10.27697,10.944004999999999,1.6666666666666669e-06,0.0,30.105138333333333,,,9,31.0,0.17948717948717946,0.41025641025641024,0.23076923076923078
V-S-MNSP1,Murraylink,forward,I-SVML_132,82.61666083333333,26.805424999999993,14.057036249999985,-5.455220000000001,73.16666666666667,0.3244554394915077,0.17014771727893893,10,45.0,0.12068965517241381,0.39655172413793105,0.27586206896551724
V-S-MNSP1,Murraylink,reverse,I-SVML_132,-8.333333333609971e-06,-20.25,1.4166666655768267e-05,-73.16666666666667,9.445081666666667,,,10,45.0,0.05172413793103448,0.05172413793103448,0.0
V-S-MNSP1,Murraylink,forward,I-VSML_088,9.795199999999994,5.1943616666666665,1.6666666666666669e-06,-5.9377383333333285,15.760033333333332,,,9,31.0,0.11538461538461536,0.41025641025641024,0.2948717948717949
V-S-MNSP1,Murraylink,forward,I-VSML_132,82.61666083333333,20.25,14.057036666666654,-13.264473333333333,73.16666666666667,0.24510794548875953,0.17014772232231232,10,45.0,0.12068965517241381,0.39655172413793105,0.27586206896551724
V-S-MNSP1,Murraylink,reverse,I-VSML_132,-8.333333333609971e-06,-18.75,1.3333333299669903e-05,-73.16666666666667,13.264473333333333,,,10,45.0,0.05172413793103448,0.05172413793103448,0.0
V-S-MNSP1,Murraylink,forward,I-VSML_176,13.199149166666686,10.526126250000015,8.333333338939042e-07,-25.960199999999986,18.0,,,8,29.5,0.10576923076923073,0.5769230769230769,0.47115384615384615
V-S-MNSP1,Murraylink,reverse,I-VSML_176,46.03233916666666,-9.940605416666685,19.677845000000016,-18.0,25.960199999999986,-0.21594830062133716,0.4274787107549231,8,29.5,0.019230769230769232,0.019230769230769232,0.0
V-S-MNSP1,Murraylink,forward,I-X_BDBU+HYSE,-28.887078333333335,-43.286705000000005,24.545170000000013,-156.90110666666664,-19.525836666666667,1.498479856651016,-0.8496937529219384,5,42.5,-0.29850746268656714,0.1044776119402985,0.40298507462686567
V-S-MNSP1,Murraylink,reverse,I-X_BDBU+HYSE,42.64210999999999,36.65532833333333,2.1666666654596156e-05,12.978375,127.764505,0.8596040002085577,5.081049379262931e-07,5,42.5,-0.044776119402985065,0.19402985074626866,0.23880597014925373
V-S-MNSP1,Murraylink,forward,N-BABU,-73.85033000000001,-40.888481666666664,-1.6666666624587378e-06,-70.99781666666667,-17.400479875000002,0.553666878220675,2.2568168110538403e-08,21,514.5,-0.06327543424317617,0.3052109181141439,0.3684863523573201
V-S-MNSP1,Murraylink,reverse,N-BABU,50.854280833333334,42.263640833333326,1.1666666680731907e-05,19.420907958333334,72.62094208333333,0.8310734148782,2.294136597657829e-07,21,514.5,0.02915632754342433,0.13027295285359802,0.1011166253101737
V-S-MNSP1,Murraylink,forward,N-BADP,-14.821925833333339,-11.122969999999999,0.0,-27.651186666666675,0.0,,,14,91.0,0.053370786516853924,0.19101123595505617,0.13764044943820225
V-S-MNSP1,Murraylink,reverse,N-BADP,6.792256666666663,7.301641666666665,0.04867999999999739,0.0,22.969313333333332,,,14,91.0,-0.1797752808988764,0.06179775280898876,0.24157303370786518
V-S-MNSP1,Murraylink,forward,N-CLDE_99L_C,-3.3333333333333337e-06,0.0,-8.333333333333334e-06,-9.419910520833339,16.656478333333332,,,8,326.5,0.029940119760479056,0.3213572854291417,0.29141716566866266
V-S-MNSP1,Murraylink,reverse,N-CLDE_99L_C,-12.984585000000003,0.0,-1.6666666666666669e-06,-15.50522833333332,9.73295083333332,,,8,326.5,-0.17964071856287422,0.07784431137724551,0.25748502994011974
V-S-MNSP1,Murraylink,forward,N-CNLT_07,7.253271666666663,3.0,9.16666666483934e-06,-3.0,10.050045000000004,,,10,895.0,-0.046977421704297195,0.2578295702840495,0.3048069919883467
V-S-MNSP1,Murraylink,reverse,N-CNLT_07,-1.31688166666666,-4.166953333333311,2.49999999972772e-05,-11.121566541666688,2.3828116458333297,,,10,895.0,-0.052075746540422435,0.06482155863073562,0.11689730517115805
V-S-MNSP1,Murraylink,forward,N-CTMN_4_WG_CLOSE,-1.866074999999995,-8.113929999999982,2.916413333333338,-16.9767093125,-2.2419203750000127,,,12,1630.0,-0.09180166912125676,0.249386352479136,0.34118802160039274
V-S-MNSP1,Murraylink,reverse,N-CTMN_4_WG_CLOSE,14.25,8.450676666666673,1.083333332019265e-05,2.9170916250000003,17.511391124999996,,,12,1630.0,0.004909180166912129,0.059891998036327936,0.054982817869415807
V-S-MNSP1,Murraylink,forward,N-CTYS_3L_WG_CLOSE,3.0,-1.3424750000000074,0.0,-13.137633333333326,16.5,,,11,804.0,0.01381215469613259,0.2517758484609313,0.23796369376479873
V-S-MNSP1,Murraylink,reverse,N-CTYS_3L_WG_CLOSE,-12.833333333333329,-0.41618333333335045,0.0,-18.389091416666663,10.477912999999996,,,11,804.0,-0.07458563535911601,0.08602999210734018,0.1606156274664562
V-S-MNSP1,Murraylink,forward,N-DTKV_18_WG_CLOSE,0.0,0.0,0.0,0.0,16.65881333333333,,,5,59.5,0.07339449541284404,0.3211009174311927,0.24770642201834864
V-S-MNSP1,Murraylink,reverse,N-DTKV_18_WG_CLOSE,0.0,0.0,0.0,-21.683265833333337,0.0,,,5,59.5,0.03211009174311927,0.11009174311926606,0.0779816513761468
V-S-MNSP1,Murraylink,reverse,N-DTMN_8_15M,-3.6862366666666446,0.012126666666659958,0.0,-8.29898170833336,6.009892666666658,,,9,383.0,0.023172905525846707,0.06417112299465241,0.040998217468805706
V-S-MNSP1,Murraylink,forward,N-DTSS_11,10.499999999999986,8.591226666666667,0.0,1.0657262291666572,20.124101666666668,,,9,536.5,0.06046814044213267,0.38881664499349805,0.3283485045513654
V-S-MNSP1,Murraylink,reverse,N-DTSS_11,-12.0,-9.497983333333309,-1.3333333328091612e-05,-24.00751225,-1.5,,,9,536.5,-0.0377113133940182,0.0247074122236671,0.06241872561768531
V-S-MNSP1,Murraylink,forward,N-GFYC-99J-C,3.3333333333333286,8.428714999999997,0.0,-1.0186583333333203,38.3068118958333,,,7,354.0,0.0779436152570481,0.2902155887230514,0.21227197346600332
V-S-MNSP1,Murraylink,reverse,N-GFYC-99J-C,-9.0,-4.638206666666672,1.6666666908804473e-06,-38.266131666666666,2.3941648333333228,,,7,354.0,-0.07628524046434494,0.1011608623548922,0.17744610281923714
V-S-MNSP1,Murraylink,forward,N-KVCW_3W_WG_CLOSE,-10.17136166666667,-5.7224529166666676,-8.333333312293689e-07,-25.891476666666666,-0.009963333333331548,,,9,249.5,-0.12179487179487175,0.3055555555555556,0.42735042735042733
V-S-MNSP1,Murraylink,reverse,N-KVCW_3W_WG_CLOSE,-2.895256666666665,5.8490616666666675,-1.8333333315467826e-05,0.0,27.87388,,,9,249.5,-0.003205128205128206,0.014957264957264958,0.018162393162393164
V-S-MNSP1,Murraylink,forward,N-LTUT_64_15M,5.826681666666673,3.8697583333333334,1.6666666766695926e-06,-13.683524041666667,19.31577500000003,,,9,425.0,-0.042654028436018954,0.2480252764612954,0.29067930489731436
V-S-MNSP1,Murraylink,reverse,N-LTUT_64_15M,12.951436666666652,-4.917605,3.0009583333333296,-20.51650833333335,13.641821666666658,,,9,425.0,-0.034755134281200625,0.11216429699842022,0.14691943127962084
V-S-MNSP1,Murraylink,forward,S-BGDV,3.797506666666667,2.2877083333333275,0.0,-17.721909833333335,21.0,,,5,191.5,0.08425414364640882,0.39779005524861877,0.31353591160220995
V-S-MNSP1,Murraylink,reverse,S-BGDV,3.793065000000013,-3.805621666666667,0.0,-22.948544999999996,14.280371666666667,,,5,191.5,0.06767955801104972,0.17679558011049723,0.10911602209944751
V-S-MNSP1,Murraylink,forward,S-PA_VC1,-1.2499999999999999e-05,0.0,-8.333333312293689e-07,-4.679578333333332,1.9784216250000122,,,21,569.5,0.07193515704154002,0.3586626139817629,0.2867274569402229
V-S-MNSP1,Murraylink,reverse,S-PA_VC1,0.0,0.0,0.0,-1.6278083333333484,5.315204999999992,,,21,569.5,0.0476190476190476,0.1691995947315096,0.12158054711246201
V-S-MNSP1,Murraylink,forward,S-RBTU,-5.874647916666667,-4.4004295833333416,0.0,-18.969760333333365,3.8129516666666667,,,13,339.5,-0.085387323943662,0.16725352112676056,0.25264084507042256
V-S-MNSP1,Murraylink,reverse,S-RBTU,8.860152500000002,4.0123966666666675,1.5,-3.9981266666666784,19.729019166666667,,,13,339.5,-0.08010563380281689,0.051056338028169015,0.1311619718309859
V-S-MNSP1,Murraylink,forward,S-TBSE,0.0,1.22079041666667,-3.3333333249174757e-06,-7.490552500000007,19.406131875000007,,,48,1023.0,0.09218750000000003,0.326875,0.2346875
V-S-MNSP1,Murraylink,reverse,S-TBSE,-19.3709375,-3.294009166666666,0.0,-22.403896687499998,6.328926729166668,,,48,1023.0,-0.031250000000000014,0.119375,0.150625
V-S-MNSP1,Murraylink,forward,S-X_BRMN_RBTU,0.41433000000000675,3.0908150000000205,0.0,-10.9995101875,13.82807666666666,,,5,356.0,-0.02677029360967187,0.17443868739205526,0.20120898100172713
V-S-MNSP1,Murraylink,reverse,S-X_BRMN_RBTU,0.6666666666666643,-2.4910533333333404,1.4347166666666737,-12.741860041666664,9.004390354166663,,,5,356.0,-0.05526770293609672,0.04317789291882556,0.09844559585492228
V-S-MNSP1,Murraylink,forward,V-ARCW,-60.91586583333333,-90.15511666666666,43.548175416666666,-158.86626,-77.44953166666666,1.4799940119595827,-0.7148905268097985,5,29.0,-0.4519230769230769,0.019230769230769232,0.47115384615384615
V-S-MNSP1,Murraylink,reverse,V-ARCW,138.7784725,94.30106333333333,55.286085833333324,71.46567,140.16768333333331,0.6795078633923812,0.3983765265418477,5,29.0,0.23076923076923078,0.23076923076923078,0.0
V-S-MNSP1,Murraylink,forward,V-AR_WB_BA,-55.253805416666665,-32.56232,0.0,-76.77207666666666,1.3861606249999938,0.5893226675420614,-0.0,16,129.0,0.09490740740740744,0.5601851851851852,0.4652777777777778
V-S-MNSP1,Murraylink,reverse,V-AR_WB_BA,19.017499166666664,25.481482500000006,0.1262262500000091,-6.927537479166668,78.67677549999993,,,16,129.0,0.11574074074074073,0.16666666666666666,0.05092592592592592
V-S-MNSP1,Murraylink,reverse,V-BAML1_15M,0.2662549999999726,3.834495000000004,-1.6666666908804473e-06,-6.056041666666687,17.925058333333332,,,11,108.0,0.04066985645933015,0.1291866028708134,0.08851674641148326
V-S-MNSP1,Murraylink,forward,V-CRML,-3.5442583333333175,-7.333333333333333,0.0,-38.720436666666664,10.133725000000013,,,12,150.5,0.09107806691449813,0.21189591078066913,0.120817843866171
V-S-MNSP1,Murraylink,reverse,V-CRML,0.0,7.080046666666667,-0.5100283333333353,-10.133725000000013,38.720436666666664,,,12,150.5,0.15055762081784388,0.24535315985130113,0.09479553903345725
V-S-MNSP1,Murraylink,forward,V-DDMS,3.27026833333332,1.2454183333333475,0.0,-19.99549166666668,35.293113333333324,,,9,199.0,0.10339506172839508,0.39814814814814814,0.29475308641975306
V-S-MNSP1,Murraylink,reverse,V-DDMS,2.0034774999999883,-0.03357416666666779,0.0,-28.591911666666675,19.5,,,9,199.0,0.13117283950617284,0.1882716049382716,0.05709876543209876
V-S-MNSP1,Murraylink,forward,V-DDSM,-9.782168333333374,-14.687495833333337,0.0,-69.01746499999999,9.0,,,8,99.0,-0.08496732026143788,0.38562091503267976,0.47058823529411764
V-S-MNSP1,Murraylink,reverse,V-DDSM,0.0,13.5,-3.3333333346874383e-06,-9.005576666666656,58.24171333333334,,,8,99.0,0.1503267973856209,0.16339869281045752,0.013071895424836602
V-S-MNSP1,Murraylink,forward,V-HYMO,30.036642500000006,32.88630500000001,0.0,-12.949845999999987,131.63086583333333,1.0948728706945192,0.0,7,67.5,0.295,0.72,0.425
V-S-MNSP1,Murraylink,reverse,V-HYMO,-54.508530833333324,-23.26421500000002,-1.6666666624587378e-06,-131.63086583333333,14.623169999999988,0.4267995237503883,3.057625360615167e-08,7,67.5,0.1,0.19,0.09
V-S-MNSP1,Murraylink,forward,V-KG_WE_RC,-7.679114166666658,-3.700591666666682,0.0,-57.806063333333334,8.077860000000001,,,7,78.0,-0.024999999999999967,0.45,0.475
V-S-MNSP1,Murraylink,reverse,V-KG_WE_RC,3.2457595833333386,3.0813908333333586,0.03333208333332265,-8.684841666666667,41.39037333333333,,,7,78.0,0.075,0.07857142857142857,0.0035714285714285713
V-S-MNSP1,Murraylink,reverse,V-KMRC,21.000000000000004,15.106315833333333,7.50000000948603e-06,2.377628333333334,35.31214,,,20,174.5,0.09740259740259741,0.2012987012987013,0.1038961038961039
V-S-MNSP1,Murraylink,forward,V-MLSY_NOEMTT_R,4.141393333333355,2.756775833333336,0.0,-0.9311683750000036,10.311010499999979,,,11,861.0,0.07997118155619598,0.43011527377521613,0.35014409221902015
V-S-MNSP1,Murraylink,reverse,V-MLSY_NOEMTT_R,-4.200459999999983,-2.4421025000000043,0.0,-9.433425833333331,1.1533334583333255,,,11,861.0,0.006844380403458222,0.0936599423631124,0.08681556195965417
V-S-MNSP1,Murraylink,forward,V-MRKM,-51.72699583333334,-45.64110875,5.547610000000013,-70.76388833333334,-19.07815791666667,0.8823460170982608,-0.10724786759073844,11,97.5,-0.07022471910112363,0.23595505617977527,0.3061797752808989
V-S-MNSP1,Murraylink,reverse,V-MRKM,50.916669166666665,38.078565,9.369425000000014,13.958631666666669,62.95401,0.74786048701176,0.18401488458192083,11,97.5,0.016853932584269662,0.0898876404494382,0.07303370786516854
V-SA,Heywood,forward,I-X_BDBU+HYSE,93.0043425,88.799905,-0.0012199999999893407,-536.7294133333334,204.189145,0.9547931054939719,-1.3117667059356294e-05,5,42.5,0.3058823529411765,0.5294117647058824,0.2235294117647059
V-SA,Heywood,reverse,I-X_BDBU+HYSE,52.864003333333315,-109.68509666666668,117.3545566666667,-204.189145,536.7294133333334,-2.0748541493357715,2.219933211011073,5,42.5,0.017647058823529432,0.2235294117647059,0.20588235294117646
V-SA,Heywood,forward,N-BABU,16.863709166666723,-7.731325000000005,9.801889166666676,-103.87113856250004,52.486543874999846,,,21,514.5,-0.001210653753026647,0.28329297820823246,0.2845036319612591
V-SA,Heywood,forward,S-BGDV,-39.28463999999998,-54.755974166666675,-24.17059750000001,-205.26625833333333,82.4842325,1.393826548153851,0.6152683975212709,5,191.5,0.04483695652173912,0.14945652173913043,0.10461956521739131
V-SA,Heywood,reverse,S-BGDV,0.0,43.933122499999996,-11.378285833333297,-84.30202499999999,201.51843333333332,,,5,191.5,0.023097826086956527,0.12771739130434784,0.10461956521739131
V-SA,Heywood,forward,S-KNPW,-91.51341000000002,-57.651286666666664,1.6666666624587378e-06,-206.52993666666663,110.00975333333334,0.6299763790538092,-1.8212267059644454e-08,7,133.0,-0.09656652360515022,0.09871244635193133,0.19527896995708155
V-SA,Heywood,reverse,S-KNPW,42.82729166666664,95.22682833333337,-1.9999999995690132e-05,-67.71020833333333,198.89112691666648,2.223508062907708,-4.6699193942391047e-07,7,133.0,-0.027896995708154515,0.06437768240343347,0.09227467811158799
V-SA,Heywood,forward,S-PA_VC1,-10.369869999999992,16.931218333333348,-17.474746666666586,-57.190506666666685,88.94294166666674,,,21,569.5,0.09451219512195119,0.27540650406504064,0.18089430894308944
V-SA,Heywood,reverse,S-PA_VC1,-61.712803750000006,-19.154759166666672,-12.935933750000007,-85.6419664375,53.63107750000002,0.3103854954356481,0.20961507116746428,21,569.5,0.06046747967479675,0.15853658536585366,0.09806910569105691
V-SA,Heywood,forward,S-RBTU,4.733400000000003,30.475570000000005,-18.44278083333336,-123.49343749999991,195.20811358333316,,,13,339.5,-0.02741020793950849,0.14933837429111532,0.1767485822306238
V-SA,Heywood,reverse,S-RBTU,-3.8745016666666743,-36.727831666666674,55.44159833333333,-203.46714454166667,119.23031,,,13,339.5,-0.027410207939508505,0.04914933837429111,0.07655954631379962
V-SA,Heywood,forward,S-SECB6611_10,0.5806483333333254,-40.857789999999994,-1.6666666624587378e-06,-101.77446604166667,14.175989354166653,,,38,1434.5,0.03420826161790014,0.2870051635111876,0.25279690189328746
V-SA,Heywood,reverse,S-SECB6611_10,29.77552750000001,38.30081291666666,-2.5000000505315256e-06,-15.986945624999999,98.02550789583331,1.2863185351348232,-8.396157047197652e-08,38,1434.5,0.023450946643717732,0.12392426850258176,0.10047332185886403
V-SA,Heywood,forward,S-SE_1CP,-32.542709583333306,-45.005057499999936,-14.511171666666648,-124.68457833333335,14.041272083333194,1.3829536039325134,0.44591159901751143,20,307.5,-0.02224576271186441,0.059322033898305086,0.0815677966101695
V-SA,Heywood,reverse,S-SE_1CP,4.0759166666666715,39.96553833333333,-18.832147500000048,-17.275769541666662,130.56837029166664,,,20,307.5,0.003177966101694907,0.13983050847457626,0.13665254237288135
V-SA,Heywood,forward,S-SE_VC1,20.423742499999975,56.413118749999995,2.500000036320671e-06,6.094453208333351,99.93862095833327,,,14,850.0,0.021269633507853408,0.21858638743455497,0.19731675392670156
V-SA,Heywood,reverse,S-SE_VC1,-14.140962500000022,-50.99490249999994,-0.0005733333333637347,-95.46609499999997,-1.4446802500001321,,,14,850.0,-0.00163612565445026,0.10013089005235602,0.10176701570680628
V-SA,Heywood,forward,S-TB275_W_BUS,16.604886666666687,38.16013416666664,2.9450266666666565,-59.85251527083337,131.29409295833324,,,31,635.5,0.03006475485661425,0.24051803885291398,0.21045328399629973
V-SA,Heywood,reverse,S-TB275_W_BUS,-4.8350750000000176,-14.75900333333334,-28.346716666666666,-111.40704220833337,85.08442258333335,,,31,635.5,0.002775208140610552,0.1396854764107308,0.13691026827012026
V-SA,Heywood,forward,S-TB275_W_BUS_BC-2CP,-31.19772416666669,60.61787416666667,-11.632851666666625,-190.18360524999994,291.2109166666667,-1.943022312872233,0.3728750085910364,5,85.0,0.1930379746835443,0.34177215189873417,0.14873417721518986
V-SA,Heywood,reverse,S-TB275_W_BUS_BC-2CP,-98.14746416666665,-42.27478458333334,-160.617255,-295.24227,190.18360524999989,0.43072722196414037,1.636489096929207,5,85.0,0.015822784810126583,0.06329113924050633,0.04746835443037975
V-SA,Heywood,reverse,S-TBSE,-200.70085916666667,14.022036666666668,-167.64352083333333,-39.30641670833332,73.12177116666666,-0.06986535446279502,0.8352904991508693,48,1023.0,0.0729527104959631,0.1978085351787774,0.1248558246828143
V-SA,Heywood,forward,S-TBTU,-144.19810666666666,11.290101666666686,-72.82884999999999,-55.66308083333337,77.95037483333331,-0.07829576911689469,0.5050610696876463,22,1285.0,0.1657068062827225,0.3612565445026178,0.1955497382198953
V-SA,Heywood,reverse,S-TBTU,-143.2483525,-4.012871666666671,-148.67960833333333,-72.65350583333333,66.69092666666666,0.028013387914298495,1.0379149619422905,22,1285.0,0.08507853403141362,0.20628272251308902,0.1212041884816754
V-SA,Heywood,forward,S-TB_CB6536,-14.192633333333305,-24.465836666666704,-35.379160833333316,-104.12412645833332,88.6122440833332,,,24,187.5,0.09730538922155688,0.24850299401197604,0.15119760479041916
V-SA,Heywood,forward,S-TB_CB6596,81.51477333333334,39.88636,0.0014566666667121808,-17.47850833333331,119.913005,0.4893144931765334,1.7869971382433018e-05,13,438.0,0.0398230088495575,0.27307206068268014,0.23324905183312264
V-SA,Heywood,forward,S-WE_MWP4,25.234234999999984,53.80945916666667,-4.8516975000000215,-7.715618333333339,122.77383954166663,2.132399066849726,-0.19226647845674832,5,1168.5,0.10544611819235226,0.22885283893395134,0.12340672074159907
V-SA,Heywood,reverse,S-WE_MWP4,8.74108166666663,-44.52588166666668,81.74943416666662,-122.95403787500007,10.077910041666657,,,5,1168.5,-0.14716106604866744,0.12514484356894554,0.272305909617613
V-SA,Heywood,forward,S-X_BRMN_RBTU,5.566455000000019,179.49483666666666,-142.74895666666663,53.31626,280.593700625,,,5,356.0,0.033663366336633666,0.19801980198019803,0.16435643564356436
V-SA,Heywood,reverse,S-X_BRMN_RBTU,-12.147979999999961,-195.03378666666666,172.8516075,-283.8354385,-63.980065,,,5,356.0,-0.0009900990099009892,0.011881188118811881,0.01287128712871287
V-SA,Heywood,forward,S-X_MGTI+PATI,47.78857000000005,132.8877683333333,-43.304419999999936,21.580280791666564,291.8476091666667,2.7807437705989773,-0.9061668930457616,19,112.0,0.05797101449275362,0.12077294685990338,0.06280193236714976
V-SA,Heywood,reverse,S-X_MGTI+PATI,-56.78184833333336,-129.31694166666668,12.200839999999985,-248.19720999999998,-23.692715791666995,2.277434522869382,-0.21487218817492373,19,112.0,0.053140096618357474,0.15458937198067632,0.10144927536231885
V-SA,Heywood,forward,V-ARCW,-2.705498333333331,-29.28192,-89.70907500000001,-370.2302775,191.41029249999997,,,5,29.0,0.08035714285714285,0.125,0.044642857142857144
V-SA,Heywood,forward,V-AR_WB_BA,42.348665000000004,5.016064166666695,14.185224166666643,-61.83432045833334,132.03305666666668,0.11844680739444076,0.334962723539612,16,129.0,0.03958333333333333,0.125,0.08541666666666667
V-SA,Heywood,reverse,V-AR_WB_BA,18.075184166666673,-9.259519166666706,4.1666665140382975e-07,-145.71536500000002,61.81016166666667,,,16,129.0,0.14375,0.24583333333333332,0.10208333333333333
V-SA,Heywood,forward,V-BAML1_15M,18.81596249999999,67.62488333333333,-37.01547083333338,-25.67263583333329,210.15014333333335,,,11,108.0,0.05582524271844662,0.16019417475728157,0.10436893203883495
V-SA,Heywood,reverse,V-BAML1_15M,-38.83620124999999,-98.50093166666669,11.817385000000002,-226.45410500000003,14.771213333333378,2.53631736617563,-0.3042878711006784,11,108.0,-0.016990291262135915,0.13106796116504854,0.14805825242718446
V-SA,Heywood,forward,V-CRML,-197.32743166666666,-45.677614999999975,-123.58275166666671,-145.81329166666666,25.925998166666613,0.2314813232716697,0.6262826745519477,12,150.5,0.14541832669322707,0.26693227091633465,0.12151394422310757
V-SA,Heywood,reverse,V-CRML,-184.31565999999995,76.85598666666667,-220.89358333333334,-22.4308166666666,174.37390874999988,-0.41698023199258644,1.1984526075176325,12,150.5,0.32270916334661354,0.44621513944223107,0.12350597609561753
V-SA,Heywood,reverse,V-DDMS,-71.63376500000004,-4.187473333333173,-21.99065166666668,-90.50887999999998,93.93205499999999,0.05845669752711129,0.30698723802478717,9,199.0,0.01652892561983471,0.15702479338842976,0.14049586776859505
V-SA,Heywood,forward,V-HYMO,-125.4913683333333,16.97871666666667,-28.965858333333358,-103.62280666666669,81.06920666666669,-0.13529788456499559,0.23081952741477424,7,67.5,0.3007518796992481,0.47368421052631576,0.17293233082706766
V-SA,Heywood,reverse,V-HYMO,-159.599665,51.422538333333335,-138.1336833333334,-66.08459333333332,234.38728833333332,-0.3221970317627756,0.8655010856904581,7,67.5,0.19172932330827067,0.2631578947368421,0.07142857142857142
V-SA,Heywood,forward,V-KG_WE_RC,-15.115859999999998,0.6004033333333334,-0.6004033333332472,-119.84004725000007,111.83111929166658,,,7,78.0,-0.014184397163120567,0.014184397163120567,0.028368794326241134
V-SA,Heywood,reverse,V-KG_WE_RC,1.3790983333333315,-0.6004033333333334,12.016665000000046,-113.32823666666667,119.75640666666675,,,7,78.0,-0.06382978723404255,0.07092198581560284,0.1347517730496454
V-SA,Heywood,forward,V-KMRC,-19.161063333333345,-30.75559916666667,5.000000001587068e-06,-112.42622166666666,66.45036,,,20,174.5,-0.038216560509554146,0.08598726114649681,0.12420382165605096
V-SA,Heywood,reverse,V-KMRC,61.32939166666665,24.10594875000001,70.2862725,-75.64799916666668,107.67979000000001,0.3930570334207622,1.1460454863471528,20,174.5,-0.015923566878980902,0.09235668789808917,0.10828025477707007
V-SA,Heywood,forward,V-MLSY_NOEMTT_R,-131.33220708333332,-111.65903833333333,8.970995833333347,-183.64735891666666,-54.228995,0.8502030142726764,-0.06830766064596054,11,861.0,-0.03142857142857142,0.135,0.16642857142857143
V-SA,Heywood,reverse,V-MLSY_NOEMTT_R,0.0,114.03312083333334,-93.45302749999999,54.228995,186.13458333333332,,,11,861.0,0.09428571428571428,0.16642857142857143,0.07214285714285715
V-SA,Heywood,forward,V-MRKM,25.246429166666644,52.02376333333335,-1.0666849999999641,-21.116441666666674,128.8505383333333,2.0606384764314054,-0.04225092558468939,11,97.5,-0.07941176470588233,0.11176470588235295,0.19117647058823528
V-SA,Heywood,reverse,V-MRKM,-9.224905833333338,-48.42124249999999,0.002456666666653007,-168.41653010416667,21.116441666666674,,,11,97.5,0.0676470588235294,0.22941176470588234,0.16176470588235295
VIC1-NSW1,VNI,forward,I-BURC,365.01683,222.493295,1.6666666624587378e-06,44.209216666666634,377.78803406249983,0.6095425654756795,4.565999497773124e-09,16,157.5,0.13818181818181816,0.3418181818181818,0.20363636363636364
VIC1-NSW1,VNI,reverse,N-AVMA_17,-59.519815833333325,-174.56523666666664,123.59286999999983,-270.98397,-66.52374416666667,2.9328927555065376,-2.07649953665991,10,722.0,0.005331302361005347,0.13175932977913177,0.12642802741812642
VIC1-NSW1,VNI,forward,N-BADP,79.4695216666666,-121.20986666666667,234.67464499999997,-288.95438666666666,52.28037166666667,-1.5252371490931977,2.953014439728709,14,91.0,-0.13580246913580246,0.04938271604938271,0.18518518518518517
VIC1-NSW1,VNI,reverse,N-BADP,-130.39219666666665,112.59745500000002,-258.33907625000006,-55.93772666666666,288.4959833333334,-0.8635290905317216,1.9812464461383037,14,91.0,0.12345679012345678,0.13580246913580246,0.012345679012345678
VIC1-NSW1,VNI,reverse,N-CNLT_07,-54.50278666666668,44.78627166666667,-35.46014500000001,-25.19811075000002,130.3510630624999,-0.8217244365976148,0.6506115956395135,10,895.0,0.0019960079840319334,0.1483699268130406,0.14637391882900866
VIC1-NSW1,VNI,reverse,N-CTMN_4_WG_CLOSE,-63.61050999999999,74.56205999999997,-83.39092499999998,10.873564999999996,136.95037979166676,-1.1721657317320673,1.3109614276005646,12,1630.0,0.009889049686444773,0.17607332368547998,0.1661842739990352
VIC1-NSW1,VNI,forward,N-CTYS_3L_WG_CLOSE,-63.883002499999975,-45.61344416666665,-1.6666665771936096e-06,-115.70139666666667,21.321081666666686,0.714015346518296,2.6089358858698137e-08,11,804.0,0.0570113314447592,0.24220963172804533,0.18519830028328613
VIC1-NSW1,VNI,reverse,N-CTYS_3L_WG_CLOSE,-65.78127833333338,40.34474499999999,-97.29777208333331,-21.23986054166663,101.12712999999997,-0.61331652443057,1.4791103874615579,11,804.0,0.05099150141643061,0.17492917847025496,0.12393767705382436
VIC1-NSW1,VNI,forward,N-DTKV_18_WG_CLOSE,-290.65218166666665,-253.68626,-3.2425216666667893,-565.7408004166667,-31.681760000000168,0.8728173260056211,0.011156020395489283,5,59.5,0.008547008547008517,0.3333333333333333,0.3247863247863248
VIC1-NSW1,VNI,reverse,N-DTKV_18_WG_CLOSE,-20.51108333333343,286.2496500000001,-265.240565,59.644051666666655,565.7408004166664,,,5,59.5,0.07692307692307693,0.13675213675213677,0.05982905982905983
VIC1-NSW1,VNI,forward,N-DTMN_8_15M,-11.411193333333259,7.7905299999999755,-1.6666666624587378e-06,-68.15285306249999,77.42879900000007,,,9,383.0,0.11009174311926606,0.2400611620795107,0.12996941896024464
VIC1-NSW1,VNI,reverse,N-DTMN_8_15M,-76.48329833333335,11.18246,-53.75693333333338,-54.608728333333346,74.4655233333333,-0.1462078681709573,0.7028584606674154,9,383.0,0.11697247706422019,0.2324159021406728,0.1154434250764526
VIC1-NSW1,VNI,forward,N-DTSS_11,-21.574220000000082,-20.96786250000001,0.0,-92.70324999999991,35.08615666666668,,,9,536.5,0.021739130434782622,0.16304347826086957,0.14130434782608695
VIC1-NSW1,VNI,reverse,N-DTSS_11,-21.43283624999998,25.575585416666662,-0.6177541666666606,-37.024695375000015,105.56778254166662,,,9,536.5,0.09239130434782607,0.19456521739130433,0.10217391304347827
VIC1-NSW1,VNI,forward,N-KVCW_3W_WG_CLOSE,-34.44185166666671,-129.84494291666664,40.11652083333331,-254.23091666666667,-42.36289333333332,3.76997567300751,-1.1647608619184266,9,249.5,-0.04424778761061947,0.08185840707964602,0.1261061946902655
VIC1-NSW1,VNI,reverse,N-KVCW_3W_WG_CLOSE,12.99838583333326,126.93535916666663,-124.07908166666678,42.14250475,243.157665,,,9,249.5,0.07853982300884955,0.17699115044247787,0.09845132743362832
VIC1-NSW1,VNI,forward,N-LTUT_64_15M,15.025150000000053,39.656948333333304,-3.3333333249174757e-06,-65.88380999999993,181.336815,,,9,425.0,0.050505050505050525,0.23953823953823955,0.18903318903318903
VIC1-NSW1,VNI,forward,N-MNYS_5_WG_CLOSE,-45.10114999999996,-157.04529833333333,2.8333333332852817e-05,-230.26318049999995,-88.41069166666671,3.482068602094037,-6.28217536201468e-07,15,2324.0,-0.13378044475820683,0.18672785033533357,0.3205082950935404
VIC1-NSW1,VNI,reverse,N-WAGGA_330_BUSA,-24.792869166666634,-162.20160125,166.22143333333332,-323.2295583333334,-104.8943250000001,,,8,123.5,-0.046511627906976744,0.005813953488372093,0.05232558139534884
VIC1-NSW1,VNI,forward,N-X_AVMA_SSWW,147.50611166666667,43.22588833333336,14.19661166666657,-203.23337999999998,144.6541476666667,0.29304472773992535,0.09624422680700837,10,102.5,0.03282828282828283,0.15656565656565657,0.12373737373737374
VIC1-NSW1,VNI,reverse,N-X_AVMA_SSWW,25.027205833333426,-63.2953,13.798521666666687,-150.35824333333332,71.05140833333331,-2.5290597928314384,0.5513408791439517,10,102.5,0.058080808080808094,0.2676767676767677,0.20959595959595959
VIC1-NSW1,VNI,forward,N-X_LPSS_MPWW,-3.8421758333333287,-68.18890375000001,4.999999930532795e-06,-217.57705404166666,16.87574743750003,,,5,535.0,-0.10453216374269009,0.2909356725146199,0.39546783625730997
VIC1-NSW1,VNI,reverse,N-X_LPSS_MPWW,-79.7287916666667,46.14644666666672,-46.52618499999997,-57.55884666666674,175.56038845833325,-0.5787927510503059,0.5835556268621064,5,535.0,0.08333333333333334,0.13596491228070176,0.05263157894736842
VIC1-NSW1,VNI,reverse,S-TBSE,-8.959586666666667,-19.556068333333286,3.8190466666666225,-76.24532833333335,35.03541833333333,,,48,1023.0,-0.02471839799749688,0.1032540675844806,0.12797246558197747
VIC1-NSW1,VNI,forward,V-ARCW,254.1848591666666,22.656470833333323,30.192693333333324,-144.6868383333334,172.46248333333335,0.08913383317799307,0.11878242249486726,5,29.0,0.055555555555555525,0.3333333333333333,0.2777777777777778
VIC1-NSW1,VNI,reverse,V-ARCW,-118.42052750000005,-219.2306791666667,243.61628999999994,-284.0239266666667,454.2561466666667,1.8512895001811793,-2.057213349264973,5,29.0,-0.046296296296296294,0.05555555555555555,0.10185185185185185
VIC1-NSW1,VNI,forward,V-AR_WB_BA,-79.88317500000016,-60.03904666666668,-1.6666666744491465e-06,-184.27418749999998,72.83374895833325,0.7515856332283557,2.0863801100158364e-08,16,129.0,-0.01867219917012447,0.2033195020746888,0.22199170124481327
VIC1-NSW1,VNI,forward,V-BAML1_15M,-52.53349666666665,-63.16554000000002,-6.259244166666605,-268.24318,125.81478033333289,1.2023859824293701,0.11914767841140482,11,108.0,0.04188481675392672,0.16753926701570682,0.1256544502617801
VIC1-NSW1,VNI,forward,V-DDMS,-58.27631416666662,52.3053666666666,-10.751408333333373,-41.30798749999998,178.64991833333335,-0.8975407490095636,0.18449019103344483,9,199.0,0.14833333333333334,0.31333333333333335,0.165
VIC1-NSW1,VNI,reverse,V-DDMS,-90.83813999999995,-83.85048416666669,-8.333333330057258e-07,-217.90481583333337,27.39873324999995,0.9230757495328145,9.173826467667944e-09,9,199.0,-0.04833333333333334,0.06,0.10833333333333334
VIC1-NSW1,VNI,forward,V-DDSM,-117.684425,-41.517785,-28.91421666666662,-146.23419833333332,168.31895916666664,0.35278912226490466,0.24569280656014267,8,99.0,0.030534351145038163,0.16793893129770993,0.13740458015267176
VIC1-NSW1,VNI,reverse,V-DDSM,8.81439499999999,29.88893166666668,-23.27862583333342,-165.66374666666667,136.32785333333334,,,8,99.0,-0.0648854961832061,0.16793893129770993,0.23282442748091603
VIC1-NSW1,VNI,reverse,V-HYMO,148.7032933333333,3.5361133333333328,212.58432833333313,-229.5205583333333,236.99256133333324,0.02377965715531788,1.429587224116174,7,67.5,-0.07142857142857142,0.022556390977443608,0.09398496240601503
VIC1-NSW1,VNI,forward,V-KG_WE_RC,134.0636633333333,63.68741166666666,1.666666662458738e-05,-60.76691083333332,195.99254000000002,0.47505349386369905,1.2431904522217703e-07,7,78.0,0.060402684563758385,0.18791946308724833,0.12751677852348994
VIC1-NSW1,VNI,reverse,V-KG_WE_RC,-1.7480883333333281,-51.36755833333336,79.39162333333331,-195.99254000000002,60.76691083333332,,,7,78.0,0.023489932885906048,0.1476510067114094,0.12416107382550336
VIC1-NSW1,VNI,forward,V-KMRC,119.92435000000003,66.47466416666668,40.41353583333327,-57.04578833333335,204.4090083333333,0.5543049778186554,0.3369919105947479,20,174.5,0.1078125,0.2625,0.1546875
VIC1-NSW1,VNI,reverse,V-KMRC,-94.75094333333334,-56.00933416666664,-90.98367458333325,-203.48735058333324,69.60997000000003,0.5911216521573415,0.9602403035002316,20,174.5,0.0546875,0.178125,0.1234375
VIC1-NSW1,VNI,forward,V-MLSY_NOEMTT_R,-24.01727666666659,-4.690228333333266,0.0,-67.20266500000014,46.20429333333334,,,11,861.0,0.05037957211870253,0.3077984817115252,0.25741890959282265
VIC1-NSW1,VNI,reverse,V-MLSY_NOEMTT_R,16.801545000000147,13.526049999999941,-12.726271666666662,-52.373111666666674,75.10617233333332,,,11,861.0,0.011387163561076608,0.0862663906142167,0.0748792270531401
VIC1-NSW1,VNI,forward,V-MRKM,-6.2100783333333425,-30.44159833333333,3.3762649999999326,-233.3589045,144.87024285416658,,,11,97.5,-0.07602339181286549,0.08187134502923976,0.15789473684210525
VIC1-NSW1,VNI,reverse,V-MRKM,-17.991073333333247,26.440271666666675,0.0,-148.37778666666665,216.35395666666665,,,11,97.5,0.05263157894736842,0.22807017543859648,0.17543859649122806
