quarter,direction,state,hours,frequency_pct,spread_contribution,energy_contribution,scarcity_contribution
2024Q3,VIC to NSW,neither,718.8333333333334,99.83796296296296,36.05198824768519,36.05198824768519,0.0
2024Q3,VIC to NSW,destination_only,1.1666666666666667,0.16203703703703703,4.575165758101851,0.4774896504629629,4.09767610763889
2024Q3,VIC to NSW,origin_only,0.0,0.0,0.0,0.0,0.0
2024Q3,VIC to NSW,both,0.0,0.0,0.0,0.0,0.0
2024Q4,VIC to NSW,neither,2160.0833333333335,97.82986111111111,46.351785416666665,46.351785416666665,0.0
2024Q4,VIC to NSW,destination_only,43.416666666666664,1.966334541062802,51.60726772305253,4.3298242704559184,47.277443452596614
2024Q4,VIC to NSW,origin_only,3.6666666666666665,0.16606280193236714,-0.23702655268719805,-0.1382599082880435,-0.09876664439915457
2024Q4,VIC to NSW,both,0.8333333333333334,0.03774154589371981,0.027954645606884054,0.0,0.027954645606884054
2025Q1,VIC to NSW,neither,2136.75,98.92361111111111,18.493225253858025,18.493225253858025,0.0
2025Q1,VIC to NSW,destination_only,11.083333333333334,0.5131172839506173,12.319858357253084,1.2981472569444443,11.021711100308641
2025Q1,VIC to NSW,origin_only,11.583333333333334,0.5362654320987654,-2.2589791049382715,-0.5468243070987655,-1.7121547978395062
2025Q1,VIC to NSW,both,0.5833333333333334,0.02700617283950617,-0.008520040123456793,0.0,-0.008520040123456793
2025Q2,VIC to NSW,neither,2117.8333333333335,96.97039072039072,10.7827656116453,10.7827656116453,0.0
2025Q2,VIC to NSW,destination_only,16.25,0.744047619047619,13.396030146138582,0.8168223634004884,12.579207782738095
2025Q2,VIC to NSW,origin_only,20.916666666666668,0.9577228327228328,-1.4210180494505493,-0.7247322054334553,-0.6962858440170941
2025Q2,VIC to NSW,both,29.0,1.3278388278388278,-0.5448359004884006,0.0,-0.5448359004884006
2025Q3,VIC to NSW,neither,2177.9166666666665,98.63753019323671,12.799251471542874,12.799251471542874,0.0
2025Q3,VIC to NSW,destination_only,7.5,0.33967391304347827,0.2225691213768116,0.128377977807971,0.09419114356884058
2025Q3,VIC to NSW,origin_only,4.583333333333333,0.20757850241545894,-0.23316150286835752,-0.14680326879528985,-0.08635823407306766
2025Q3,VIC to NSW,both,18.0,0.8152173913043478,0.12688175196256038,0.0,0.12688175196256038
2025Q4,VIC to NSW,neither,2194.1666666666665,99.37349033816425,25.901385803517513,25.901385803517513,0.0
2025Q4,VIC to NSW,destination_only,12.583333333333334,0.5698973429951691,11.60511539137983,1.3582667946105071,10.246848596769324
2025Q4,VIC to NSW,origin_only,1.0,0.04528985507246377,-0.1521026396437198,-0.10557265625,-0.04652998339371982
2025Q4,VIC to NSW,both,0.25,0.011322463768115942,0.7436707170893719,0.0,0.7436707170893719
2026Q1,VIC to NSW,neither,2145.0833333333335,99.30941358024693,22.60500508024691,22.60500508024691,0.0
2026Q1,VIC to NSW,destination_only,8.0,0.3703703703703704,9.884832418209877,1.0653826450617283,8.819449773148147
2026Q1,VIC to NSW,origin_only,6.916666666666667,0.32021604938271603,-1.7505094097222222,-0.6066544976851851,-1.1438549120370372
2026Q1,VIC to NSW,both,0.0,0.0,0.0,0.0,0.0
2026Q2,VIC to NSW,neither,2180.8333333333335,99.85500610500611,19.339658869810744,19.339658869810744,0.0
2026Q2,VIC to NSW,destination_only,1.0833333333333333,0.0496031746031746,0.009788550061050057,0.0032229216269841258,0.006565628434065931
2026Q2,VIC to NSW,origin_only,2.0833333333333335,0.09539072039072038,-0.11010906250000001,-0.10166321237789988,-0.008445850122100125
2026Q2,VIC to NSW,both,0.0,0.0,0.0,0.0,0.0
2026Q3,VIC to NSW,neither,1480.25,99.47916666666666,16.568013713037633,16.568013713037633,0.0
2026Q3,VIC to NSW,destination_only,0.16666666666666666,0.011200716845878136,0.005662735215053767,0.004328729838709678,0.0013340053763440888
2026Q3,VIC to NSW,origin_only,6.416666666666667,0.4312275985663082,-3.3216591106630817,-0.5196889443324373,-2.8019701663306456
2026Q3,VIC to NSW,both,1.1666666666666667,0.07840501792114696,-0.019430508512544794,0.0,-0.019430508512544794
2024Q3,NSW to QLD,neither,718.4166666666666,99.7800925925926,-8.314142562499999,-8.314142562499999,0.0
2024Q3,NSW to QLD,destination_only,0.4166666666666667,0.057870370370370364,0.20733183101851854,0.04349464930555555,0.163837181712963
2024Q3,NSW to QLD,origin_only,0.75,0.10416666666666667,-0.3296733298611111,-0.26369328703703704,-0.06598004282407408
2024Q3,NSW to QLD,both,0.4166666666666667,0.057870370370370364,0.08306203819444433,0.0,0.08306203819444433
2024Q4,NSW to QLD,neither,2137.9166666666665,96.82593599033817,1.4479236662137682,1.4479236662137682,0.0
2024Q4,NSW to QLD,destination_only,25.833333333333332,1.169987922705314,2.4830495995621984,1.2654149822614733,1.2176346173007249
2024Q4,NSW to QLD,origin_only,19.5,0.8831521739130435,-18.211687045969203,-1.09618836352657,-17.115498682442635
2024Q4,NSW to QLD,both,24.75,1.1209239130434783,-1.7852732993659415,0.0,-1.7852732993659415
2025Q1,NSW to QLD,neither,2139.6666666666665,99.05864197530863,0.40775614853395015,0.40775614853395015,0.0
2025Q1,NSW to QLD,destination_only,8.666666666666666,0.4012345679012346,6.70001068287037,0.5020736971450618,6.197936985725308
2025Q1,NSW to QLD,origin_only,6.666666666666667,0.30864197530864196,-6.822686172453703,-0.3734904899691357,-6.449195682484567
2025Q1,NSW to QLD,both,5.0,0.23148148148148145,1.712885121527778,0.0,1.712885121527778
2025Q2,NSW to QLD,neither,2133.25,97.67628205128204,-9.561638402396214,-9.561638402396214,0.0
2025Q2,NSW to QLD,destination_only,5.5,0.2518315018315018,0.07968967605311354,0.026325179716117197,0.05336449633699634
2025Q2,NSW to QLD,origin_only,16.25,0.744047619047619,-19.538218806471306,-0.6012105544108669,-18.93700825206044
2025Q2,NSW to QLD,both,29.0,1.3278388278388278,-10.78199647245116,0.0,-10.78199647245116
2025Q3,NSW to QLD,neither,2179.8333333333335,98.72433574879227,-16.073521832729472,-16.073521832729472,0.0
2025Q3,NSW to QLD,destination_only,2.6666666666666665,0.12077294685990338,0.13379231204710146,0.08682071029589371,0.04697160175120774
2025Q3,NSW to QLD,origin_only,19.166666666666668,0.8680555555555556,-2.0203215315519323,-0.9208016157155796,-1.0995199158363527
2025Q3,NSW to QLD,both,6.333333333333333,0.28683574879227053,-0.30571277324879226,0.0,-0.30571277324879226
2025Q4,NSW to QLD,neither,2193.75,99.35461956521739,-5.502535114356885,-5.502535114356885,0.0
2025Q4,NSW to QLD,destination_only,1.4166666666666667,0.06416062801932368,0.12419605298913045,0.05111435424214976,0.07308169874698069
2025Q4,NSW to QLD,origin_only,10.916666666666666,0.49441425120772947,-11.303822927989131,-1.1405817897041062,-10.163241138285024
2025Q4,NSW to QLD,both,1.9166666666666667,0.08680555555555555,-0.7621413028381644,0.0,-0.7621413028381644
2026Q1,NSW to QLD,neither,2150.5833333333335,99.56404320987654,-0.3115519772376542,-0.3115519772376542,0.0
2026Q1,NSW to QLD,destination_only,1.4166666666666667,0.06558641975308642,1.6780622372685186,0.14363973070987657,1.534422506558642
2026Q1,NSW to QLD,origin_only,7.916666666666667,0.3665123456790123,-9.078739804398149,-0.6301012507716051,-8.448638553626544
2026Q1,NSW to QLD,both,0.08333333333333333,0.0038580246913580245,-0.3676422380401235,0.0,-0.3676422380401235
2026Q2,NSW to QLD,neither,2182.75,99.94276556776556,-7.98152120764652,-7.98152120764652,0.0
2026Q2,NSW to QLD,destination_only,0.16666666666666666,0.007631257631257631,0.027979808455433457,0.024286469780219783,0.003693338675213676
2026Q2,NSW to QLD,origin_only,0.75,0.034340659340659344,-0.01234263774420024,-0.01022242483211233,-0.002120212912087909
2026Q2,NSW to QLD,both,0.3333333333333333,0.015262515262515262,-0.00039238743894993815,0.0,-0.00039238743894993815
2026Q3,NSW to QLD,neither,1486.6666666666667,99.91039426523297,-15.47821044186828,-15.47821044186828,0.0
2026Q3,NSW to QLD,destination_only,0.0,0.0,0.0,0.0,0.0
2026Q3,NSW to QLD,origin_only,1.3333333333333333,0.08960573476702509,-0.2079461295922939,-0.13272094310035845,-0.07522518649193549
2026Q3,NSW to QLD,both,0.0,0.0,0.0,0.0,0.0
2024Q3,VIC to SA,neither,710.4166666666666,98.66898148148148,10.149849767361111,10.149849767361111,0.0
2024Q3,VIC to SA,destination_only,9.583333333333334,1.3310185185185186,52.75199635416666,2.2100076377314815,50.54198871643517
2024Q3,VIC to SA,origin_only,0.0,0.0,0.0,0.0,0.0
2024Q3,VIC to SA,both,0.0,0.0,0.0,0.0,0.0
2024Q4,VIC to SA,neither,2196.0,99.45652173913044,-0.059075313254831334,-0.059075313254831334,0.0
2024Q4,VIC to SA,destination_only,7.5,0.33967391304347827,6.975376626283214,0.47277594919987925,6.502600677083333
2024Q4,VIC to SA,origin_only,1.8333333333333333,0.08303140096618357,-0.23337343825483087,-0.1620463077445652,-0.07132713051026571
2024Q4,VIC to SA,both,2.6666666666666665,0.12077294685990338,0.39788112054649755,0.0,0.39788112054649755
2025Q1,VIC to SA,neither,2140.5,99.09722222222223,-2.4460898383487653,-2.4460898383487653,0.0
2025Q1,VIC to SA,destination_only,7.333333333333333,0.3395061728395062,3.7014898614969134,0.44272660570987654,3.258763255787037
2025Q1,VIC to SA,origin_only,4.5,0.20833333333333334,-0.2180616238425926,-0.16511065046296303,-0.05295097337962963
2025Q1,VIC to SA,both,7.666666666666667,0.3549382716049383,6.0252137654321,0.0,6.0252137654321
2025Q2,VIC to SA,neither,2119.6666666666665,97.05433455433456,4.24067780448718,4.24067780448718,0.0
2025Q2,VIC to SA,destination_only,14.416666666666666,0.6601037851037851,0.5784310451007326,0.3609939598595849,0.2174370852411477
2025Q2,VIC to SA,origin_only,6.833333333333333,0.3128815628815629,-0.11232503777472529,-0.06138738171550671,-0.05093765605921856
2025Q2,VIC to SA,both,43.083333333333336,1.9726800976800976,-2.9567258092948725,0.0,-2.9567258092948725
2025Q3,VIC to SA,neither,2136.8333333333335,96.77687198067633,1.1695955091334544,1.1695955091334544,0.0
2025Q3,VIC to SA,destination_only,48.583333333333336,2.2003321256038646,25.89481543780193,2.7779363417119565,23.116879096089974
2025Q3,VIC to SA,origin_only,6.583333333333333,0.29815821256038644,-0.36156181159420286,-0.21470579785628016,-0.1468560137379227
2025Q3,VIC to SA,both,16.0,0.7246376811594203,-0.16824961805555552,0.0,-0.16824961805555552
2025Q4,VIC to SA,neither,2199.1666666666665,99.59993961352657,-2.4506291530797095,-2.4506291530797095,0.0
2025Q4,VIC to SA,destination_only,7.583333333333333,0.34344806763285024,2.451011063179348,0.7612698301630435,1.6897412330163042
2025Q4,VIC to SA,origin_only,0.5,0.022644927536231884,-0.07416211881038647,-0.04766479996980676,-0.026497318840579712
2025Q4,VIC to SA,both,0.75,0.033967391304347824,-0.006230540081521736,0.0,-0.006230540081521736
2026Q1,VIC to SA,neither,2122.8333333333335,98.27932098765432,6.508492305941357,6.508492305941357,0.0
2026Q1,VIC to SA,destination_only,30.25,1.4004629629629628,39.23110135223766,2.9360722318672843,36.295029120370366
2026Q1,VIC to SA,origin_only,4.416666666666667,0.20447530864197533,-1.289333256558642,-0.49674008680555554,-0.7925931697530866
2026Q1,VIC to SA,both,2.5,0.11574074074074073,0.8964106307870368,0.0,0.8964106307870368
2026Q2,VIC to SA,neither,2134.75,97.74496336996337,13.06796267055861,13.06796267055861,0.0
2026Q2,VIC to SA,destination_only,47.166666666666664,2.1596459096459095,17.33048536019536,3.21046982257326,14.1200155376221
2026Q2,VIC to SA,origin_only,0.0,0.0,0.0,0.0,0.0
2026Q2,VIC to SA,both,2.0833333333333335,0.09539072039072038,0.11597803762210013,0.0,0.11597803762210013
2026Q3,VIC to SA,neither,1454.1666666666667,97.72625448028674,12.91732089549731,12.91732089549731,0.0
2026Q3,VIC to SA,destination_only,26.25,1.7641129032258067,5.783253073476702,2.764536419130825,3.018716654345878
2026Q3,VIC to SA,origin_only,0.5833333333333334,0.03920250896057348,-0.007340211693548387,-0.005270616039426523,-0.002069595654121864
2026Q3,VIC to SA,both,7.0,0.47043010752688175,-0.3200004771505377,0.0,-0.3200004771505377
