scope,DUID,contraction_contribution_rows,contraction_onsets,contraction_tightening_mw_observations,contraction_relief_mw_observations,contraction_abs_impact_mw_observations,contraction_mean_positive_tightening_mw,contraction_positive_share,contraction_rank
lower,TUMUT3,678,235,605466.6596138239,117263.84328546208,722730.502899286,893.0186719967903,0.30383480825958703,1
lower,NEWENSF2,7260,2895,331004.16256603505,29103.62825470257,360107.7908207376,45.592859857580585,0.759366391184573,2
lower,NEWENSF1,7260,2895,328478.6853641009,27583.239280840524,356061.92464494146,45.24499798403594,0.7578512396694215,3
lower,UPPTUMUT,678,235,180122.94822254148,40840.696450032694,220963.64467257418,265.66806522498746,0.3480825958702065,4
lower,METZSF1,7240,2879,120784.66789317635,32368.634877617384,153153.30277079373,16.682965178615518,0.592403314917127,5
lower,SAPHWF1,7510,2943,62017.212283166555,46125.782478764406,108142.99476193097,8.25795103637371,0.40972037283621837,6
lower,DARLSF1,678,235,58849.00970651567,67135.44633340924,125984.45603992493,86.79794941963964,0.3230088495575221,7
lower,RYEPARK1,678,235,56587.44884302741,72069.04695683291,128656.4957998603,83.46231392776903,0.4557522123893805,8
lower,SNOWYP,678,235,54997.94987417218,3488.0247386759584,58485.974612848135,81.11792016839556,0.084070796460177,9
lower,WRWF1,7240,2879,53792.20031422835,30074.386930844445,83866.58724507279,7.429861921854744,0.3850828729281768,10
lower,GNNDHSF1,5102,1992,52776.50958193907,17914.745645302395,70691.25522724146,10.344278632289116,0.518032144257154,11
lower,AVLSF1,678,235,50210.92250642637,60330.17230249356,110541.09480891992,74.05740782658756,0.308259587020649,12
lower,LIMOSF11,678,235,43022.03682524553,68665.52953366643,111687.56635891196,63.45433160065713,0.3112094395280236,13
lower,MP1,678,235,42644.870446620494,5461.364533346253,48106.23497996674,62.89803900681489,0.42035398230088494,14
lower,CUSF1,276,92,42482.434232219464,29298.68742826358,71781.12166048304,153.92186316021545,0.38405797101449274,15
lower,WELNSF1,969,327,38240.45032874717,47745.31979190306,85985.77012065022,39.46382902863485,0.42518059855521156,16
lower,MP2,678,235,36358.5973211461,4978.141520483529,41336.73884162963,53.62624973620369,0.40412979351032446,17
lower,MOREESF1,7240,2879,34592.588764389424,10493.401313872937,45085.99007826236,4.777981873534451,0.5798342541436464,18
lower,RIVNB2,678,235,33776.84638133689,20936.272060338433,54713.118441675324,49.81835749459718,0.25663716814159293,19
lower,URANQ13,678,235,33467.886482451395,6157.692041491158,39625.57852394255,49.36266442839439,0.18584070796460178,20
lower,COLWF01,678,235,32378.442072656962,54115.73705840454,86494.1791310615,47.755814266455694,0.3967551622418879,21
lower,URANQ12,678,235,32299.92217516422,5764.075492577112,38063.997667741336,47.640003208206814,0.18141592920353983,22
lower,URANQ14,678,235,31249.399126504548,6402.676303628077,37652.07543013263,46.09055918363503,0.19469026548672566,23
lower,WLWLSF2,567,200,30213.397191369655,48906.25429703646,79119.65148840612,53.28641479959375,0.3386243386243386,24
lower,CAPBES1,678,235,28983.00446861663,17328.04261392114,46311.04708253776,42.74779420149945,0.1902654867256637,25
lower,WLWLSF1,567,200,28317.682039479005,47975.72609749454,76293.40813697354,49.94300183329631,0.3298059964726631,26
lower,SUNRSF1,678,235,27986.697930361912,57503.093237987734,85489.79116834963,41.278315531507246,0.33185840707964603,27
lower,BANGOWF1,678,235,26991.44729515389,32033.210758992696,59024.65805414659,39.81039424063995,0.4056047197640118,28
lower,HILLSTN1,678,235,25666.22573838849,33400.10974845547,59066.335486843964,37.85579017461429,0.30383480825958703,29
lower,COLEASF1,678,235,24471.86629491083,34563.182148884116,59035.048443794956,36.09419807508972,0.27876106194690264,30
lower,RESS1,653,227,23276.34215405736,14859.469987961877,38135.81214201924,35.64524066471265,0.2572741194486983,31
lower,SUNTPSF1,969,327,22839.810000982765,22195.823061627503,45035.633062610264,23.570495357051357,0.47058823529411764,32
lower,BW03,1250,422,22410.694222729027,11357.341018549923,33768.03524127895,17.928555378183223,0.3288,33
lower,WOLARSF1,857,299,20800.362507919963,28643.86001888078,49444.222526800746,24.271134781703573,0.2718786464410735,34
lower,STWF1,678,235,20265.50956283479,21579.3480081487,41844.85757098349,29.890132098576387,0.2994100294985251,35
lower,GSTONE3,108,36,19790.94260621404,2533.3790315304955,22324.32163774453,183.24946857605593,0.5,36
lower,GULLRWF1,678,235,19758.31542269919,25662.6082246328,45420.92364733199,29.142058145574026,0.37168141592920356,37
lower,FINLYSF1,678,235,19660.817922605944,31326.178866720868,50986.99678932682,28.998256523017616,0.252212389380531,38
lower,URANQ11,678,235,19535.54229097326,4409.2997462753865,23944.842037248643,28.813484204975307,0.14454277286135694,39
lower,WELLSF1,969,327,19164.813163476003,24847.416558894194,44012.2297223702,19.777928961275546,0.44169246646026833,40
lower,SEBSF1,678,235,19049.979184401836,19323.522226491037,38373.50141089288,28.097314431271144,0.28023598820059,41
lower,GSTONE4,108,36,18801.069814499424,2085.3273772151892,20886.397191714612,174.08397976388355,0.4722222222222222,42
lower,TALWA1,670,231,18559.894040545085,10342.674598481273,28902.568639026358,27.70133438887326,0.1253731343283582,43
lower,WSTWYSF1,678,235,17561.931038407667,27083.357204994023,44645.28824340169,25.90255315399361,0.41297935103244837,44
lower,STUBSF1,704,247,17003.42092747051,22628.184042330377,39631.60496980089,24.15258654470243,0.296875,45
lower,BANGOWF2,678,235,16677.83943011955,18408.161621057363,35086.001051176914,24.598583230264826,0.3392330383480826,46
lower,BOCORWF1,678,235,16385.674272760356,16102.249186216133,32487.92345897649,24.167661169263063,0.4911504424778761,47
lower,GSTONE5,108,36,16119.440575834291,3333.2467212888373,19452.687297123128,149.25407940587306,0.46296296296296297,48
lower,GULLRWF2,678,235,15676.765048445657,18770.317023638083,34447.08207208374,23.1220723428402,0.4144542772861357,49
lower,STUBSF2,704,247,15194.348494615972,21024.60207526115,36218.950569877125,21.582881384397687,0.34375,50
lower,STAN-3,108,36,15104.84752589183,2183.8970195627157,17288.744545454545,139.85969931381325,0.6666666666666666,51
lower,STAN-4,108,36,14809.02842232451,2106.3898561565024,16915.418278481015,137.12063354004178,0.6759259259259259,52
lower,CROOKWF2,678,235,14788.57266753192,17441.561676639245,32230.13434417117,21.812054081905487,0.4026548672566372,53
lower,BW04,1250,422,14287.199260400566,7279.073913067201,21566.27317346777,11.429759408320454,0.2344,54
lower,CRURWF1,969,327,14081.102475081552,9796.02316100945,23877.125636091,14.531581501632148,0.5180598555211559,55
lower,TARALGA1,678,235,13934.647382767978,30027.67142009811,43962.31880286609,20.552577260719733,0.3805309734513274,56
lower,BOMENSF1,678,235,13673.966456484559,28359.38819010494,42033.3546465895,20.16809211870879,0.35398230088495575,57
lower,SHGEN,670,231,13436.385739162935,6529.21268929734,19965.598428460275,20.054307073377515,0.0880597014925373,58
lower,BW01,1388,465,13357.462172240079,9116.229359787296,22473.691532027377,9.62353182438046,0.27953890489913547,59
lower,STAN-1,108,36,13264.149841196779,2884.139972382048,16148.289813578824,122.8162022333035,0.6388888888888888,60
lower,CPP_3,108,36,13068.066450172613,5923.959930724972,18992.026380897583,121.00061527937605,0.4722222222222222,61
lower,WRSF1,7240,2879,12849.871326819211,6677.355464471149,19527.226791290363,1.7748441059142557,0.5008287292817679,62
lower,JEMALNG1,678,235,12836.96393203491,13671.564968983377,26508.528901018286,18.933575120995442,0.3702064896755162,63
lower,MSTUART1,108,36,12780.469344303796,0.0,12780.469344303796,118.33767911392404,0.21296296296296297,64
lower,MSTUART3,108,36,12580.459632911392,1436.736987341772,14017.196620253162,116.48573734177215,0.21296296296296297,65
lower,DPNTB1,678,235,12556.396084551252,8118.808009167441,20675.204093718694,18.519758236801255,0.22271386430678466,66
lower,STAN-2,108,36,11975.166360184121,4190.492388952819,16165.65874913694,110.88117000170483,0.5740740740740741,67
lower,WAGGNSF1,678,235,11332.379238293584,14308.724380298736,25641.10361859232,16.714423655300273,0.3805309734513274,68
lower,FLYCRKWF,964,324,11062.264900635462,6786.775163364038,17849.040063999502,11.475378527630147,0.4242738589211618,69
lower,NEVERSF1,969,327,10972.740613367236,13114.813963390332,24087.55457675757,11.323777722773205,0.4293085655314757,70
lower,MSTUART2,108,36,10835.852411392405,0.0,10835.852411392405,100.3319667721519,0.19444444444444445,71
lower,GOONSF1,678,235,10768.239346993401,9701.405033636995,20469.644380630394,15.882358918869324,0.37315634218289084,72
lower,WYASF1,678,235,10643.11801588939,17041.789334348854,27684.907350238245,15.697814182727713,0.37168141592920356,73
lower,NESBESS1,1481,604,10235.210921264266,1582.5686621979648,11817.77958346223,6.911013451225028,0.08980418636056718,74
lower,TALWB1,670,231,10221.116076374185,6148.076519783039,16369.192596157223,15.255397128916693,0.050746268656716415,75
lower,BW02,1388,465,10002.05420317318,7636.089223664969,17638.14342683815,7.206090924476355,0.19020172910662825,76
lower,YABULU,108,36,9881.267103797469,164.05063291139237,10045.317736708861,91.49321392405064,0.18518518518518517,77
lower,LDBESS1,403,135,9249.857899076274,311.33482713971193,9561.192726215986,22.952500990263708,0.17121588089330025,78
lower,CROOKWF3,678,235,9025.392616515403,16347.459593992833,25372.852210508234,13.311788519934222,0.3554572271386431,79
lower,BHB1,678,235,8707.752861087418,5122.576542931168,13830.329404018585,12.843293305438669,0.20501474926253688,80
lower,CALL_B_2,108,36,8684.412666283086,2843.8312094361336,11528.243875719218,80.41122839151005,0.2222222222222222,81
lower,NYNGAN1,969,327,8446.186710442991,11793.102866294323,20239.289576737312,8.716394954017535,0.3973168214654283,82
lower,JUNEESF1,678,235,8413.955533051248,8912.395480451323,17326.35101350257,12.40996391305494,0.39823008849557523,83
lower,BROKENH1,678,235,8053.351731102586,13648.104040381948,21701.455771484532,11.878099898381395,0.21386430678466076,84
lower,BODWF1,969,327,7912.560955980655,6059.379274382252,13971.940230362909,8.165697580991388,0.44272445820433437,85
lower,PARSF1,678,235,7562.07220570847,8096.942332230169,15659.01453793864,11.15349882847857,0.3480825958702065,86
lower,YABULU2,108,36,7187.46835443038,0.0,7187.46835443038,66.55063291139241,0.3055555555555556,87
lower,WDGPH1,135,47,7090.728049499605,2538.2559599999995,9628.984009499605,52.52391147777485,0.6518518518518519,88
lower,WOODLWN1,675,234,6705.5544718398705,3763.606600668029,10469.1610725079,9.934154773096104,0.48,89
lower,LIMOSF21,678,235,6550.328757026136,9832.508756909565,16382.837513935701,9.66125185402085,0.3274336283185841,90
lower,GUTHEGA,678,235,6252.596278616118,2299.4958591159966,8552.092137732114,9.222118405038522,0.11356932153392331,91
lower,BERYLSF1,969,327,6082.820462924985,11089.71853159472,17172.538994519706,6.277420498374598,0.3302373581011352,92
lower,CRWASF1,678,235,6051.171521242799,10123.829556518162,16175.00107776096,8.925031742246016,0.2920353982300885,93
lower,BBATTERY1,108,36,6049.7422082853855,5104.135115074798,11153.877323360184,56.01613155819801,0.3888888888888889,94
lower,GSTONE1,108,36,6038.901772612197,1862.5735733026472,7901.475345914844,55.91575715381664,0.28703703703703703,95
lower,MANSLR1,969,327,6032.645016840593,4359.434846342395,10392.079863182986,6.225639852260674,0.3281733746130031,96
lower,DAYDSF1,108,36,5910.501831990794,6134.042882853855,12044.54471484465,54.72686881472958,0.32407407407407407,97
lower,SMCSF1,108,36,5892.667272266973,10519.004434982739,16411.671707249712,54.56173400247197,0.3425925925925926,98
lower,GESF1,264,90,5567.449798009393,7292.188254188123,12859.638052197515,21.08882499245982,0.24242424242424243,99
lower,GUNNING1,678,235,5272.097679257818,9307.720144406094,14579.81782366391,7.775955279141324,0.4026548672566372,100
lower,SHPUMP,670,231,5182.29825715745,4075.8776601850004,9258.17591734245,7.734773518145448,0.050746268656716415,101
lower,WHITSF1,108,36,5149.972059378596,2410.964217721519,7560.936277100115,47.68492647572774,0.4351851851851852,102
lower,HAYMSF1,108,36,4906.556447871117,2013.2301426927502,6919.786590563867,45.431078221028855,0.4074074074074074,103
lower,MOLNGSF1,969,327,4903.319602864876,4573.193391008061,9476.512993872939,5.060185348673763,0.37254901960784315,104
lower,LILYSF1,108,36,4888.55303429229,4463.547470655925,9352.100504948217,45.264379947150836,0.5092592592592593,105
lower,CPP_4,108,36,4771.161758112774,1451.5745937859604,6222.736351898734,44.17742368622939,0.16666666666666666,106
lower,MOUSF1,108,36,4731.079474798619,7203.368946835442,11934.448421634062,43.806291433320546,0.3425925925925926,107
lower,ER01,609,190,4480.089051203456,1427.6875179476463,5907.776569151101,7.35646806437349,0.46469622331691296,108
lower,MEWF1,108,36,4478.0965141542,1148.5185680092059,5626.6150821634055,41.46385661253889,0.6944444444444444,109
lower,KSP1,108,36,4330.569055005753,3738.109532336018,8068.678587341772,40.09786162042364,0.32407407407407407,110
lower,HAUGHT11,108,36,4147.127253394706,9124.684027157653,13271.811280552358,38.39932642032135,0.3333333333333333,111
lower,ER02,609,190,4070.2692608956972,1897.6347017425871,5967.903962638285,6.683529164032343,0.3497536945812808,112
lower,GSTONE6,108,36,3995.20189689298,1513.617136018412,5508.819032911391,36.99261015641648,0.21296296296296297,113
lower,VP6,609,190,3723.4304315920535,532.0705008366056,4255.500932428658,6.114007276834243,0.32676518883415434,114
lower,KABANWF1,108,36,3712.471255696202,6759.2661095512085,10471.737365247409,34.37473384903891,0.37962962962962965,115
lower,KAREEYA1,108,36,3507.3510607594935,3113.18916835443,6620.5402291139235,32.47547278481012,0.2962962962962963,116
lower,KAREEYA3,108,36,3507.3510607594935,3242.762202531645,6750.113263291139,32.47547278481012,0.2962962962962963,116
lower,ER03,351,110,3444.2842209925125,1583.0173098363964,5027.301530828909,9.812775558383226,0.33618233618233617,118
lower,COLUMSF1,135,47,3421.5396768989795,847.2122438556784,4268.7519207546575,25.344738347399847,0.7481481481481481,119
lower,WOOLGSF1,108,36,3421.08268,1002.7542100000001,4423.8368900000005,31.67669148148148,0.7129629629629629,120
lower,RRSF1,108,36,3239.4717808975834,9495.294835443037,12734.76661634062,29.99510908238503,0.2777777777777778,121
lower,WDBESSL1,95,30,2911.3005,2321.14721,5232.44771,30.64526842105263,0.2631578947368421,122
lower,GSTONE2,108,36,2845.497210126582,310.93210586881474,3156.429315995397,26.347196390060944,0.05555555555555555,123
lower,KAREEYA2,108,36,2730.667181012658,2203.0276443037974,4933.6948253164555,25.283955379746835,0.23148148148148148,124
lower,CLARESF1,108,36,2670.0967871116222,9095.675140161105,11765.771927272726,24.723118399181686,0.3611111111111111,125
lower,EDENVSF1,135,47,2647.9978038986087,823.173235656637,3471.171039555246,19.6147985473971,0.6296296296296297,126
lower,NESBESS2,1481,604,2643.96260237113,933.6927973303893,3577.6553997015194,1.7852549644639635,0.04186360567184335,127
lower,BLUEGSF1,135,47,2625.0054865256448,823.863,3448.868486525645,19.444485085375145,0.6592592592592592,128
lower,GULLRSF1,678,235,2380.0690795175005,2799.882421804826,5179.951501322327,3.510426370969765,0.2669616519174041,129
lower,KAREEYA4,108,36,2371.857687341772,1532.5988468354428,3904.456534177215,21.961645253164555,0.23148148148148148,130
lower,VP5,609,190,2350.618128798226,901.9653614321202,3252.5834902303463,3.8597998830841145,0.2857142857142857,131
lower,CLERMSF1,108,36,2337.3159143843495,6175.216330034522,8512.532244418871,21.64181402207731,0.37037037037037035,132
lower,ER04,351,110,2325.7030084803337,472.69334651248175,2798.3963549928158,6.625934497094968,0.27635327635327633,133
lower,WANDSF1,135,47,2205.7122502371813,1011.0181237931035,3216.730374030285,16.338609261016156,0.6296296296296297,134
lower,EMERASF1,108,36,2162.6393215189873,5985.429831990794,8148.06915350978,20.024438162212846,0.32407407407407407,135
lower,HAMISF1,108,36,2129.6066830840045,2573.650236593786,4703.256919677791,19.71858039892597,0.3888888888888889,136
lower,ORABESS1,236,80,2093.0628571428574,957.9195458845791,3050.9824030274367,8.868910411622277,0.06779661016949153,137
lower,CG4,609,190,2063.6998661041853,327.6982863028111,2391.398152406997,3.3886697308771514,0.07717569786535304,138
lower,CSPVPS1,108,36,1937.0263466052932,1948.6950204833142,3885.7213670886076,17.935429135234195,0.4074074074074074,139
lower,ERB01,103,29,1917.9844105298014,578.7767401324504,2496.761150662252,18.621207869221372,0.1262135922330097,140
lower,GANGARR1,135,47,1896.0334376929522,715.2145765024629,2611.248014195415,14.044692131058905,0.5925925925925926,141
lower,CG2,609,190,1851.0163531434782,548.403913090986,2399.420266234464,3.039435719447419,0.0755336617405583,142
lower,YARANSF1,135,47,1747.3758166169619,1062.0336762162162,2809.409492833178,12.94352456753305,0.42962962962962964,143
lower,CG3,609,190,1688.861081591071,1018.5771853978985,2707.4382669889696,2.773170905732465,0.06732348111658457,144
lower,WTAHB1,609,190,1625.0554996387423,1335.4962128794473,2960.5517125181896,2.6683998352031892,0.10344827586206896,145
lower,MIDDLSF1,108,36,1574.3235443037972,5274.898763636364,6849.222307940161,14.577069854664789,0.2222222222222222,146
lower,LIMBESS1,273,92,1335.579550635936,2892.692332300172,4228.271882936107,4.89223278621222,0.03296703296703297,147
lower,OAKEY2SF,135,47,1334.2067527068798,449.07948,1783.2862327068797,9.883012983013925,0.6074074074074074,148
lower,CHBESS1,135,47,1303.2616018719211,2051.875831330449,3355.1374332023697,9.653789643495712,0.1259259259259259,149
lower,DDSF1,135,47,1156.8945497137531,462.9474045945946,1619.8419543083478,8.569589257138912,0.6962962962962963,150
lower,BARCALDN,108,36,1126.8227848101264,0.0,1126.8227848101264,10.433544303797467,0.037037037037037035,151
lower,KEPSF1,108,36,1035.99949136939,1900.370586881473,2936.370078250863,9.592587883049907,0.3055555555555556,152
lower,COOPGWF1,134,47,1032.098083144721,816.2890928837704,1848.3871760284912,7.702224501080007,0.5149253731343284,153
lower,KEPWF1,108,36,1029.002577675489,1504.7597592635211,2533.76233693901,9.527801645143416,0.2777777777777778,154
lower,RUGBYR1,108,36,958.879983889528,4148.278231070195,5107.158214959723,8.878518369347482,0.3333333333333333,155
lower,QBYNB1,678,235,949.8906919735416,701.4129624344835,1651.3036544080248,1.4010187197249877,0.061946902654867256,156
lower,CG1,609,190,949.5518391360705,101.02956587098193,1050.5814050070524,1.5591984222267168,0.041050903119868636,157
lower,CLRKCWF1,108,36,927.7927502876867,308.1867663981585,1235.9795166858453,8.590673613774877,0.06481481481481481,158
lower,WDBESS1,134,47,925.7728328681358,749.9351085075223,1675.7079413756583,6.908752484090566,0.13432835820895522,159
lower,SRSF1,108,36,848.3582799999999,506.05202999999995,1354.4103100000002,7.855169259259259,0.6296296296296297,160
lower,WARWSF1,135,47,833.5617350029673,256.00441445945944,1089.5661494624267,6.174531370392351,0.6666666666666666,161
lower,WDBESS2,14,4,760.0,412.8162162162162,1172.8162162162162,54.285714285714285,0.14285714285714285,162
lower,WARWSF2,135,47,757.0148683023112,293.88091094594597,1050.8957792482572,5.607517542980084,0.6296296296296297,163
lower,CHILDSF1,108,36,727.8183399999999,382.8418,1110.6601399999997,6.739058703703703,0.6851851851851852,164
lower,RESS1L,25,8,712.0457142857143,128.73142857142858,840.7771428571428,28.481828571428572,0.2,165
lower,WANDB1,135,47,666.3236474144587,407.7382348781787,1074.0618822926374,4.935730721588583,0.18518518518518517,166
lower,MARYRSF1,135,47,583.463106089735,263.39255486486485,846.8556609545999,4.321948933998037,0.5111111111111111,167
lower,DULAWF1,135,47,570.9163321921183,499.7809839352114,1070.6973161273297,4.229009868089765,0.4444444444444444,168
lower,BLOWERNG,678,235,567.5235723746453,221.7343849261307,789.257957300776,0.8370554164817776,0.016224188790560472,169
lower,TARONG#4,134,47,550.24023908867,3109.536685076927,3659.776924165597,4.106270440960224,0.20149253731343283,170
lower,BRAEMAR1,135,47,523.8262714285714,1467.7287942857142,1991.5550657142858,3.880194603174603,0.1111111111111111,171
lower,OAKEY1SF,135,47,509.36709980542264,187.50471000000002,696.8718098054226,3.7730896281883157,0.6296296296296297,172
lower,TARONG#3,134,47,472.486665,2939.3738037422845,3411.8604687422844,3.5260198880597016,0.15671641791044777,173
lower,RESS1G,25,8,450.56000000000006,0.0,450.56000000000006,18.0224,0.08,174
lower,MCINTYR1,135,47,408.18792106348593,754.8224125282918,1163.0103335917777,3.023614230099896,0.2962962962962963,175
lower,GREENB1,40,17,367.7086939155904,629.1462022236719,996.8548961392623,9.19271734788976,0.05,176
lower,MPP_1,135,47,356.63587147783255,1613.2081473569099,1969.8440188347424,2.641747196132093,0.2074074074074074,177
lower,HUMENSW,678,235,295.9060473034964,641.1879456530296,937.093992956526,0.43643959779276753,0.11356932153392331,178
lower,KINGASF1,134,47,270.0381991557449,144.1154853497537,414.15368450549863,2.0152104414607828,0.4925373134328358,179
lower,BRAEMAR5,135,47,254.64499,1027.0951614285714,1281.7401514285714,1.8862591851851853,0.014814814814814815,180
lower,OAKEY2,135,47,225.8234238423645,819.3947240886699,1045.2181479310343,1.6727661025360332,0.05185185185185185,181
lower,MPP_2,135,47,187.80673483660132,1468.5961618170682,1656.4028966536694,1.3911609987896394,0.16296296296296298,182
lower,SWAN_E,135,47,147.6847290640394,995.5672755075823,1143.2520045716217,1.0939609560299215,0.037037037037037035,183
lower,WDBESSG1,95,30,129.68422,386.08993,515.77415,1.365097052631579,0.031578947368421054,184
lower,BRAEMAR6,135,47,110.32111,1579.1816047258687,1689.5027147258686,0.8171934074074074,0.022222222222222223,185
lower,ULPBESS1,24,10,103.91133004926107,41.38556433497536,145.29689438423642,4.329638752052545,0.125,186
lower,OAKEY1,135,47,93.07105,814.2580300000001,907.32908,0.6894151851851852,0.022222222222222223,187
lower,CPSA,135,47,79.63,976.3762690297499,1056.0062690297498,0.5898518518518518,0.05925925925925926,188
lower,MUCRKSF1,5,2,75.74040000000001,0.0,75.74040000000001,15.148080000000002,1.0,189
lower,DDPS1,135,47,66.84248342364532,4582.568316288243,4649.410799711889,0.49512950684181717,0.02962962962962963,190
lower,BRAEMAR2,135,47,34.0,1655.3319385714285,1689.3319385714285,0.2518518518518518,0.037037037037037035,191
lower,TARONG#2,134,47,28.315368412887743,87.2129406161896,115.52830902907733,0.21130871949916227,0.03731343283582089,192
lower,HEZ1,3469,1340,23.98764533854011,86.98285741205672,110.97050275059684,0.006914858846509111,0.0017296050735082155,193
lower,W/HOE#1,134,47,20.985221674876843,1481.0477008374385,1502.0329225123153,0.156606131902066,0.014925373134328358,194
lower,W/HOE#2,134,47,20.797789426361334,1950.8116575337506,1971.6094469601119,0.15520738377881593,0.029850746268656716,195
lower,ROMA_8,135,47,17.0,71.71511000000001,88.71511000000001,0.1259259259259259,0.022222222222222223,196
lower,TARONG#1,134,47,15.034477108374372,298.2758613891626,313.31033849753703,0.11219759036100277,0.022388059701492536,197
lower,BRAEMAR7,135,47,10.0,1748.52475,1758.52475,0.07407407407407407,0.007407407407407408,198
lower,CLRKCWF2,5,2,9.282623705408506,61.77640966628305,71.05903337169156,1.8565247410817012,0.2,199
lower,ROMA_7,135,47,9.0,61.43416,70.43415999999999,0.06666666666666667,0.014814814814814815,200
lower,QPSFB1,5,3,0.9046027941176471,0.0,0.9046027941176471,0.18092055882352942,0.6,201
lower,WAMBOWF1,14,4,0.16300000000000026,20.458486486486485,20.621486486486486,0.011642857142857161,0.07142857142857142,202
lower,ALDGASF1,5,2,0.0,6712.126904487916,6712.126904487916,0.0,0.0,203
lower,BARRON-1,108,36,0.0,0.0,0.0,0.0,0.0,203
lower,BARRON-2,108,36,0.0,0.0,0.0,0.0,0.0,203
lower,BRAEMAR3,135,47,0.0,381.42857142857144,381.42857142857144,0.0,0.0,203
lower,CALL_B_1,108,36,0.0,0.0,0.0,0.0,0.0,203
lower,CAPBES1G,25,8,0.0,0.0,0.0,0.0,0.0,203
lower,CAPBES1L,25,8,0.0,0.0,0.0,0.0,0.0,203
lower,CHBESSG1,95,30,0.0,0.0,0.0,0.0,0.0,203
lower,CHBESSL1,95,30,0.0,0.0,0.0,0.0,0.0,203
lower,GUSF1,9,2,0.0,0.0,0.0,0.0,0.0,203
lower,HUNTER1,275,86,0.0,0.0,0.0,0.0,0.0,203
lower,HUNTER2,275,86,0.0,0.0,0.0,0.0,0.0,203
lower,KPP_1,135,47,0.0,361.4890716025829,361.4890716025829,0.0,0.0,203
lower,MULWASF1,2,2,0.0,0.0,0.0,0.0,0.0,203
lower,PUMP1,26,11,0.0,0.0,0.0,0.0,0.0,203
lower,PUMP2,26,11,0.0,126.78571428571426,126.78571428571426,0.0,0.0,203
lower,QPSFB2,5,3,0.0,0.0,0.0,0.0,0.0,203
lower,SWANBBF1,9,2,0.0,0.0,0.0,0.0,0.0,203
lower,TARBESS1,24,10,0.0,0.0,0.0,0.0,0.0,203
lower,TNPS1,134,47,0.0,1484.9946886386633,1484.9946886386633,0.0,0.0,203
lower,WILLBES1,2,2,0.0,0.0,0.0,0.0,0.0,203
overall,TUMUT3,3716,1163,627932.9787614658,121190.74183932814,749123.720600794,168.98088771837075,0.26264800861141013,1
overall,NEWENSF2,13143,4731,489567.7345652797,51804.42069698139,541372.155262261,37.24931405046638,0.6976337213725938,2
overall,NEWENSF1,13143,4731,487138.80791522935,49096.51503706115,536235.3229522905,37.064506422828075,0.6965685155596135,3
overall,METZSF1,13906,4957,205486.56384003555,50407.163494311644,255893.72733434718,14.776827544947185,0.5839925212138645,4
overall,UPPTUMUT,3716,1163,193078.72932888084,44335.27085837816,237414.000187259,51.95875385599592,0.3129709364908504,5
overall,LDBESS1,2540,823,189408.27000715624,2326.669138149317,191734.93914530557,74.5701850421875,0.1984251968503937,6
overall,STAN-2,2109,756,183766.03728466283,81925.29465915076,265691.3319438136,87.13420449723226,0.38264580369843526,7
overall,STAN-1,2109,756,168336.2044749015,67711.96193031331,236048.16640521478,79.81802013983001,0.3911806543385491,8
overall,STAN-4,2109,756,162594.10310929685,65290.35164831825,227884.4547576151,77.09535472228394,0.3627311522048364,9
overall,STAN-3,2109,756,141086.76758226083,62237.18457515241,203323.95215741324,66.89747158950253,0.35988620199146515,10
overall,CPP_3,2149,771,139986.1675740622,86519.87779179223,226506.0453658544,65.14014312427277,0.3140995812005584,11
overall,GNNDHSF1,11265,3918,124470.87204986918,36777.111864738494,161247.98391460767,11.049345055469967,0.5097203728362184,12
overall,ALDGASF1,1305,464,120716.71371643772,163792.89043302464,284509.6041494623,92.50322890148485,0.3739463601532567,13
overall,BW01,6658,2108,117926.35604878937,17428.33609788419,135354.69214667357,17.711978979992395,0.5419044758185642,14
overall,KPP_1,3217,1080,117397.26609659653,10380.395319732595,127777.66141632912,36.49277777326594,0.3341622629779297,15
overall,CPP_4,2138,766,117278.60653983522,84804.72238887126,202083.32892870647,54.85435291853846,0.29466791393826003,16
overall,SAPHWF1,14625,5135,110939.31343557905,78905.92895388424,189845.2423894633,7.585594081065234,0.4358974358974359,17
overall,BW03,6520,2065,103241.0309218888,17826.570588017188,121067.60150990599,15.834513945074969,0.5185582822085889,18
overall,DAYDSF1,2109,756,101238.68297380926,84181.10797101147,185419.79094482074,48.00316878796077,0.41014698909435754,19
overall,BBATTERY1,2109,756,97410.14090184163,70739.60097100405,168149.74187284568,46.187833523869905,0.29871977240398295,20
overall,BW02,6658,2108,93874.86413697075,14390.363067078264,108265.227204049,14.099559047307112,0.406878942625413,21
overall,CLARESF1,2109,756,91917.87720613832,56509.878418219974,148427.7556243583,43.58363072837284,0.43053579895685157,22
overall,WDGPH1,2177,780,90882.63291180358,59639.89259554849,150522.52550735205,41.746730781719606,0.4547542489664676,23
overall,BW04,6520,2065,90728.31905716183,14162.273189854974,104890.59224701682,13.915386358460404,0.4647239263803681,24
overall,CLRKCWF1,1678,592,89487.08352155657,54766.82351680298,144253.90703835958,53.32960877327567,0.3951132300357569,25
overall,RRSF1,2109,756,89361.43863859544,94615.99619802226,183977.4348366177,42.3714739870059,0.42769084874348035,26
overall,SMCSF1,2109,756,88452.42848750352,73279.3621340227,161731.7906215262,41.94045921645497,0.4139402560455192,27
overall,WRWF1,13906,4957,85222.09926736284,56447.882809749666,141669.9820771125,6.128440908051405,0.42204803681863945,28
overall,MP1,5795,1824,84093.35613981662,9913.697954097672,94007.05409391428,14.51136430367845,0.49715271786022436,29
overall,LILYSF1,2109,756,78544.77941610511,63871.85623597303,142416.63565207814,37.242664493174544,0.43859649122807015,30
overall,GSTONE5,2109,756,77908.74189430618,53142.124624289725,131050.8665185959,36.94108197928221,0.22807017543859648,31
overall,MP2,5795,1824,73522.41028386372,8681.92222402391,82204.33250788762,12.687214889363887,0.4643658326143227,32
overall,HAUGHT11,2109,756,72687.80159990596,71337.81831107785,144025.6199109838,34.465529445190114,0.39876718824087243,33
overall,MOUSF1,2109,756,69129.00400539713,72640.61825399127,141769.62225938844,32.77809578254961,0.4063537221431958,34
overall,MOREESF1,13041,4681,68448.05806781442,17984.306387380053,86432.36445519447,5.248681701389036,0.5944329422590292,35
overall,GSTONE2,2109,756,66718.42307368919,50120.3094649305,116838.73253861969,31.635098659881077,0.22095779990516834,36
overall,SNOWYP,3716,1163,65984.34407682103,4255.643389395756,70239.98746621679,17.756820257486822,0.13885898815931108,37
overall,WDBESS1,2146,764,65917.99607072561,33048.14877786853,98966.14484859414,30.71668036846487,0.36067101584342964,38
overall,GSTONE4,2109,756,64528.215651495,73414.065120799,137942.28077229398,30.59659348103129,0.18349928876244664,39
overall,GSTONE3,2109,756,63829.72341608625,63222.62918815204,127052.35260423829,30.26539754200391,0.1768610715979137,40
overall,YABULU,2109,756,62580.20635877769,1859.5502134983305,64439.75657227602,29.67292857220374,0.05737316263632053,41
overall,DARLSF1,3753,1175,61176.13730326626,73865.8084967327,135041.94579999897,16.3005961372945,0.21183053557154277,42
overall,RYEPARK1,3754,1175,59749.646298168154,75769.67968077384,135519.32597894198,15.916261667066637,0.43953116675546083,43
overall,WHITSF1,2109,756,57443.902107125185,33878.86380461067,91322.76591173586,27.237506926090653,0.42057847321005215,44
overall,KSP1,2109,756,57099.16720479415,41019.38219332378,98118.54939811793,27.074047987100116,0.4091986723565671,45
overall,WOOLGSF1,2066,749,56542.69490388138,41089.669276881716,97632.36418076309,27.368196952507926,0.44966118102613745,46
overall,DDPS1,2177,780,56479.443553227924,13835.164692814365,70314.60824604229,25.94370397484057,0.3716123105190629,47
overall,RUGBYR1,2109,756,55726.24326184788,40700.760366301285,96427.00362814915,26.423064609695533,0.42294926505452823,48
overall,MEWF1,2109,756,55240.34040695899,49041.72656851736,104282.06697547634,26.19266970457989,0.47605500237079185,49
overall,CALL_B_2,2133,764,55170.885109959294,45164.96794352023,100335.85305347951,25.865393863084527,0.19596812001875294,50
overall,AVLSF1,3753,1175,53026.384975266374,66244.99071379301,119271.37568905938,14.129066073878597,0.2224886757260858,51
overall,WELNSF1,6239,1970,52806.98063210753,90116.58056252329,142923.56119463083,8.464013565011625,0.2516428914890207,52
overall,EMERASF1,2109,756,49999.4943475916,56248.38410563354,106247.87845322513,23.707678685439355,0.4049312470365102,53
overall,CALL_B_1,2133,764,47672.76047259098,33198.70725257252,80871.4677251635,22.3500986744449,0.18330989217065166,54
overall,LIMOSF11,3716,1163,46161.88798329421,73412.10509244604,119573.99307574025,12.422467164503287,0.22066738428417654,55
overall,HAMISF1,2109,756,43531.16146252831,28761.395147562256,72292.55661009057,20.64066451518649,0.4485538169748696,56
overall,GSTONE6,2109,756,42668.49233542864,50227.90215815106,92896.39449357969,20.231622728984654,0.1555239449976292,57
overall,CUSF1,327,110,42531.56312737504,29374.901169552115,71906.46429692715,130.0659422855506,0.3547400611620795,58
overall,CLERMSF1,2109,756,41297.63233055455,45089.100311679904,86386.73264223446,19.581617985089878,0.41299193930772876,59
overall,HAYMSF1,2109,756,40723.629791885774,31697.682335901958,72421.31212778774,19.30944987761298,0.42105263157894735,60
overall,KABANWF1,2109,756,38638.9377226106,49553.104498815075,88192.04222142568,18.320975686396682,0.37316263632053104,61
overall,RIVNB2,3753,1175,35954.95104789583,22189.419722519397,58144.370770415226,9.58032268795519,0.17799094058086865,62
overall,URANQ13,3753,1175,35744.33403343884,6360.636917668824,42104.970951107665,9.52420304647984,0.12816413535837995,63
overall,COLWF01,3753,1175,34291.745934549566,56868.33211396285,91160.07804851243,9.137155857860263,0.4180655475619504,64
overall,URANQ12,3753,1175,34145.48885059062,5920.3798744806645,40065.86872507128,9.098185145374533,0.10631494804156674,65
overall,URANQ14,3753,1175,33653.7156839878,6591.042652267672,40244.75833625547,8.967150462027124,0.13296029842792434,66
overall,EDENVSF1,2177,780,32100.852081260222,23217.57232409185,55318.42440535207,14.745453413532486,0.42903077629765735,67
overall,SRSF1,2109,756,31923.426387993248,27549.751518830137,59473.17790682338,15.136759785677215,0.4348032242769085,68
overall,CAPBES1,3704,1154,31323.43252919864,18368.374643566407,49691.80717276504,8.456650250863563,0.18520518358531318,69
overall,WLWLSF2,2783,855,31235.126325788075,51664.69767720452,82899.8240029926,11.223545212284613,0.21703197987782968,70
overall,COOPGWF1,2152,772,31110.46773872732,24817.296673362725,55927.764412090044,14.456537053311951,0.42657992565055763,71
overall,SUNTPSF1,6239,1970,30244.32842036546,37854.31837282923,68098.64679319468,4.847624366142885,0.2939573649623337,72
overall,SUNRSF1,3716,1163,30172.363050232987,61700.75380984507,91873.11686007805,8.119581014594452,0.2516146393972013,73
overall,ERB01,2311,742,29946.615816154168,32212.96019400668,62159.57601016084,12.958293299936896,0.2505408913890091,74
overall,WOLARSF1,5357,1697,29350.338701761928,52333.27204725699,81683.61074901893,5.478875994355409,0.18853836102296062,75
overall,WLWLSF1,2783,855,29313.842718425007,50738.11801707663,80051.96073550163,10.533180998356093,0.21595400646784046,76
overall,BANGOWF1,3825,1197,29025.722118650312,34028.25340769972,63053.975526350034,7.588424083307271,0.4269281045751634,77
overall,CSPVPS1,2109,756,28668.394337173875,25435.233085310334,54103.627422484205,13.593359097759068,0.3959222380275012,78
overall,HILLSTN1,3753,1175,27614.118836126116,36370.33987705307,63984.45871317919,7.357878719990971,0.21982414068745004,79
overall,COLUMSF1,2177,780,27602.06334053335,24450.14546961448,52052.20881014783,12.678945034696072,0.41341295360587965,80
overall,WANDSF1,2177,780,27411.187368190724,20409.359071028302,47820.54643921903,12.591266590808784,0.42994947175011483,81
overall,WELLSF1,6239,1970,26850.062868385317,45501.241432415045,72351.30430080036,4.303584367428325,0.2599775605064914,82
overall,GSTONE1,2109,756,26505.954485012022,19499.65571909832,46005.61020411034,12.568020144624002,0.09672830725462304,83
overall,STUBSF1,5101,1600,25922.47230230741,42597.49843005609,68519.97073236351,5.081841266870694,0.23956087041756519,84
overall,COLEASF1,3753,1175,25867.492525787795,38160.82025370842,64028.31277949623,6.892484019661016,0.19424460431654678,85
overall,CHILDSF1,2109,756,25444.116179274602,21421.500443086003,46865.616622360605,12.064540625545094,0.404457088667615,86
overall,RESS1,3373,1076,25188.150088129863,15435.947969725788,40624.09805785565,7.467580814743512,0.21464571597983992,87
overall,BLUEGSF1,2177,780,24223.504684707295,22517.06755336035,46740.572238067645,11.127011798211894,0.4212218649517685,88
overall,STUBSF2,5101,1600,23566.373930620448,40222.28414486384,63788.65807548429,4.619951760560762,0.26994706920211725,89
overall,TARONG#4,2159,775,23552.82461276949,12498.044476926927,36050.86908969641,10.909135994798282,0.3663733209819361,90
overall,MSTUART1,2109,756,22256.062179699613,8.396222568134169,22264.458402267745,10.552898141156764,0.025604551920341393,91
overall,KAREEYA2,2109,756,22232.495673187223,24269.081164164403,46501.576837351626,10.54172388486829,0.16263632053105737,92
overall,STWF1,3716,1163,21924.49682250875,22991.06306492065,44915.559887429394,5.9000260555728605,0.3732508073196986,93
overall,WRSF1,13906,4957,21755.12159673568,9039.034803000608,30794.156399736286,1.5644413632054999,0.49762692363008776,94
overall,GANGARR1,2177,780,21630.84759747278,18108.94698845194,39739.79458592472,9.936080660299853,0.41662838768948096,95
overall,TARONG#3,2159,775,21237.984454381745,10941.822885078014,32179.807339459756,9.836954355897056,0.333487725798981,96
overall,GULLRWF1,3825,1197,21130.25376099723,27629.705037034837,48759.958798032065,5.524249349280322,0.4047058823529412,97
overall,URANQ11,3753,1175,21029.592388023004,4626.940764168788,25656.533152191794,5.603408576611512,0.08792965627498002,98
overall,MSTUART3,2109,756,20964.365051334113,2838.8246952070813,23803.189746541197,9.94042913766435,0.022285443338074917,99
overall,FINLYSF1,3753,1175,20851.05840248496,34412.40409611714,55263.46249860211,5.555837570606171,0.22088995470290435,100
overall,MIDDLSF1,2109,756,20505.15217837057,25870.855815773306,46376.007994143874,9.72268951084427,0.3399715504978663,101
overall,SEBSF1,3753,1175,20179.94256463719,22007.228715979574,42187.17128061676,5.377016404113293,0.24940047961630696,102
overall,NESBESS1,3251,1187,19848.38301681397,6743.497546623408,26591.88056343738,6.105316215568738,0.08551215010765918,103
overall,MSTUART2,2109,756,19441.82566785097,4828.9446114023585,24270.77027925333,9.218504347013264,0.021811284969179705,104
overall,KAREEYA4,2109,756,19099.681941278825,20001.726403537283,39101.40834481611,9.056274035694084,0.16263632053105737,105
overall,BANGOWF2,3825,1197,18754.821671838134,19820.839635860495,38575.66130769863,4.903221352114545,0.41333333333333333,106
overall,KAREEYA3,2109,756,18654.730208770827,19868.203516998412,38522.933725769246,8.845296447970995,0.16737790422000948,107
overall,CHBESS1,2177,780,18637.9104435298,15576.433056042068,34214.34349957186,8.561281783890584,0.19614147909967847,108
overall,TALWA1,680,235,18559.894040545085,10342.674598481273,28902.568639026358,27.293961824331006,0.12352941176470589,109
overall,WSTWYSF1,3753,1175,18528.018829415705,29705.983749224943,48234.00257864065,4.936855536748123,0.2709832134292566,110
overall,MPP_1,2133,758,18496.98931295512,7651.912217762215,26148.901530717336,8.671818712121482,0.26441631504922647,111
overall,CRURWF1,6165,1948,18452.64638206096,14463.002781552987,32915.64916361395,2.99312998897988,0.44266017842660177,112
overall,TARONG#2,2159,775,18157.88612797181,7934.472510322881,26092.358638294692,8.410322430741923,0.27188513200555814,113
overall,KAREEYA1,2109,756,17950.878377729918,20837.833208013828,38788.711585743746,8.51155921182073,0.14604077761972498,114
overall,BOCORWF1,3704,1154,17684.78236566273,17400.369218875392,35085.15158453812,4.774509277986698,0.45950323974082075,115
overall,GULLRWF2,3825,1197,17162.272832341376,20493.28093246681,37655.55376480819,4.486868714337614,0.41908496732026146,116
overall,WTAHB1,5879,1833,16802.25296425618,18944.826588315034,35747.07955257122,2.8580120708039085,0.1336962068378976,117
overall,BRAEMAR1,2170,778,16693.139466987195,3398.1096777259554,20091.249144713154,7.692690998611611,0.09308755760368663,118
overall,CROOKWF2,3825,1197,15688.677027202792,18765.86873160196,34454.54575880476,4.101614909072625,0.3877124183006536,119
overall,DDSF1,2177,780,15490.741740689238,15192.040933514887,30682.782674204125,7.11563699618247,0.4455672944418925,120
overall,JEMALNG1,5795,1824,15352.93546520154,18358.129204227564,33711.0646694291,2.649341754133139,0.2540120793787748,121
overall,NEVERSF1,6239,1970,15346.145043903663,25554.59336480589,40900.738408709556,2.459712300673772,0.2511620451995512,122
overall,FLYCRKWF,6160,1945,15197.34270675267,10956.604804438666,26153.947511191334,2.4671010887585503,0.4262987012987013,123
overall,ORABESS1,2412,781,15175.997895194363,3570.401562184031,18746.399457378397,6.291873090876601,0.15754560530679934,124
overall,WANDB1,2177,780,15011.465780476414,10900.678950852496,25912.14473132891,6.895482673622606,0.20349104271933854,125
overall,W/HOE#2,893,329,14871.924791397505,5394.7349464650615,20266.659737862567,16.6538911437822,0.14109742441209405,126
overall,BARRON-1,2109,756,14823.229323619806,6911.740150758174,21734.96947437798,7.028558237847228,0.10004741583688952,127
overall,TARALGA1,3754,1175,14784.748515473837,31183.602258281633,45968.35077375547,3.938398645571081,0.43180607352157696,128
overall,GOONSF1,5795,1824,14654.733500190816,15316.801581350455,29971.53508154127,2.528858239894878,0.3080241587575496,129
overall,BOMENSF1,3753,1175,14430.235989241542,30829.499792098202,45259.73578133975,3.844986940911682,0.2214228617106315,130
overall,DULAWF1,2177,780,14125.763071603104,12514.82218012419,26640.585251727294,6.488637148187002,0.44281120808451996,131
overall,ER01,5879,1833,14063.77443510097,39280.613190074815,53344.38762517578,2.3922052109373992,0.2229971083517605,132
overall,ER02,5879,1833,13941.40672920625,42973.29705410413,56914.70378331038,2.3713908367420053,0.18659635992515733,133
overall,SWAN_E,1048,385,13797.854934562978,4318.032485722266,18115.887420285246,13.165892113132612,0.16412213740458015,134
overall,MCINTYR1,2121,751,13572.598623524098,10623.785512950104,24196.384136474204,6.399150694730833,0.34842055634134844,135
overall,KEPWF1,2109,756,13539.452482851035,18416.731225590047,31956.18370844108,6.419844705002862,0.3148411569464201,136
overall,SHGEN,680,235,13454.43045461009,6529.21268929734,19983.64314390743,19.785927139132486,0.08970588235294118,137
overall,DPNTB1,3753,1175,13409.260441517064,8580.410309025692,21989.670750542755,3.5729444288614616,0.1630695443645084,138
overall,YABULU2,2109,756,13098.287800653208,0.0,13098.287800653208,6.210662778877766,0.02702702702702703,139
overall,PUMP2,526,188,13024.565607966457,2476.8905360886492,15501.456144055106,24.761531574080717,0.12167300380228137,140
overall,WDBESS2,382,134,12401.047684325555,5387.95426399983,17789.00194832538,32.463475613417685,0.2696335078534031,141
overall,BODWF1,6239,1970,12062.8814466129,9499.050834123142,21561.932280736044,1.9334639279712935,0.42635037666292674,142
overall,TARONG#1,2159,775,11990.568765099606,6647.3555499456625,18637.924315045268,5.553760428485227,0.23761000463177398,143
overall,WAGGNSF1,3753,1175,11836.818096691519,15664.069881409883,27500.8879781014,3.1539616564592374,0.23394617639221957,144
overall,NYNGAN1,6239,1970,11778.294682366624,21378.849085349768,33157.14376771639,1.8878497647646457,0.2372175028049367,145
overall,BRAEMAR5,2170,778,11350.339308076736,2516.7294679910947,13867.06877606783,5.230571109712781,0.05806451612903226,146
overall,WYASF1,3753,1175,11313.616149860409,18593.869808666732,29907.48595852714,3.014552664497844,0.2840394351185718,147
overall,TALWB1,680,235,10221.116076374185,6148.076519783039,16369.192596157223,15.031053053491448,0.05,148
overall,PARSF1,5795,1824,10118.357056750574,12382.125236014588,22500.482292765162,1.7460495352460006,0.2911130284728214,149
overall,WDBESSL1,353,128,9850.093295241444,6410.711949192162,16260.805244433608,27.903947012015422,0.3059490084985836,150
overall,CROOKWF3,3825,1197,9620.054699312868,17121.697799745405,26741.752499058275,2.5150469802125146,0.40522875816993464,151
overall,BHB1,3716,1163,9557.748317694806,5212.292296083451,14770.040613778257,2.5720528303807337,0.18783638320775026,152
overall,YARANSF1,1244,438,9509.881457242323,6370.25632321168,15880.137780454004,7.644599242156208,0.3963022508038585,153
overall,MPP_2,2125,755,9480.739932189728,6177.344925763066,15658.084857952794,4.4615246739716365,0.18541176470588236,154
overall,MANSLR1,6165,1948,9242.532267513667,7356.3786916329545,16598.91095914662,1.4991942039762638,0.2773722627737226,155
overall,BERYLSF1,6239,1970,9163.909346001736,20787.788908031827,29951.698254033563,1.4688106020198326,0.22215098573489342,156
overall,VP6,5879,1833,8901.849542207587,30954.906273187218,39856.755815394805,1.5141775033522005,0.1122639904745705,157
overall,KEPSF1,2109,756,8858.2817426645,13291.59769082835,22149.87943349285,4.200228422316027,0.24940730203888098,158
overall,JUNEESF1,3753,1175,8818.289862921274,9762.869067891452,18581.158930812722,2.349664232060025,0.27364774846789236,159
overall,GREENB1,886,327,8753.056571353827,6332.288756210559,15085.345327564384,9.879296355929828,0.14446952595936793,160
overall,PUMP1,526,188,8725.108920335431,80.3633857442348,8805.472306079664,16.587659544363937,0.07984790874524715,161
overall,BROKENH1,3716,1163,8561.003617027696,15020.998756045117,23582.002373072813,2.3038222866059463,0.1566200215285253,162
overall,TARBESS1,1295,467,8337.180065266723,4307.253464416714,12644.433529683436,6.437976884375847,0.07181467181467181,163
overall,BARRON-2,2109,756,8200.476621583268,8595.438214413543,16795.91483599681,3.8883246190532326,0.08677098150782361,164
overall,ER04,5468,1699,8162.420061752307,20404.016130272375,28566.43619202468,1.4927615328735018,0.18928310168251647,165
overall,VP5,5879,1833,7754.546545123247,31279.125887853632,39033.67243297688,1.319024756782318,0.11464534784827352,166
overall,GUTHEGA,3716,1163,7504.807257605711,2383.4815144987506,9888.28877210446,2.0195929110887274,0.14343379978471474,167
overall,W/HOE#1,893,329,7452.977175748252,3616.944913356368,11069.92208910462,8.345999076985725,0.07390817469204927,168
overall,ER03,5468,1699,7404.437595978263,20160.252593247686,27564.690189225945,1.3541400138950737,0.20702267739575714,169
overall,CLRKCWF2,1229,427,7275.7928185733235,5138.94281943869,12414.735638012016,5.920091797049084,0.3287225386493084,170
overall,WOODLWN1,3701,1153,7217.868328604454,4131.554155781694,11349.422484386148,1.950248129857999,0.4288030262091327,171
overall,MOLNGSF1,6165,1948,7065.99144178299,6805.566087510948,13871.557529293937,1.1461462192673137,0.28905109489051095,172
overall,LIMOSF21,3716,1163,7059.469494978991,10631.660440403672,17691.129935382665,1.8997495949889642,0.24031216361679225,173
overall,NESBESS2,3251,1187,6947.150924807018,3631.38384062743,10578.534765434448,2.136927383822522,0.048600430636727164,174
overall,ULPBESS1,1256,435,6678.982458387121,6423.048121976146,13102.030580363267,5.317661192983377,0.11624203821656051,175
overall,BRAEMAR7,2170,778,6642.672781120087,3056.2232720803618,9698.89605320045,3.0611395304700864,0.04331797235023042,176
overall,TNPS1,2161,777,6588.288668307938,4771.7862488856845,11360.074917193622,3.0487221972734555,0.07866728366496992,177
overall,CRWASF1,3730,1168,6468.216240899613,11110.656989188274,17578.873230087887,1.7341062308041857,0.23994638069705093,178
overall,BRAEMAR6,2170,778,6015.875410305742,4172.270636738149,10188.14604704389,2.7722928158090974,0.034101382488479264,179
overall,GUNNING1,3825,1197,5811.82340797316,9984.778438643521,15796.60184661668,1.5194309563328523,0.4211764705882353,180
overall,KINGASF1,2159,775,5605.549659149933,4957.067373431151,10562.617032581085,2.5963638995599507,0.32468735525706344,181
overall,GESF1,315,108,5569.053541951982,7297.163179938874,12866.216721890856,17.679535053815815,0.2222222222222222,182
overall,OAKEY2SF,1244,438,5365.67809114679,3297.1639833595596,8662.84207450635,4.31324605397652,0.454983922829582,183
overall,SHPUMP,680,235,5182.29825715745,4075.8776601850004,9258.17591734245,7.621026848760956,0.05,184
overall,CPSA,2177,780,5010.451102711677,1108.1070458154643,6118.5581485271405,2.3015393214109676,0.07808911345888837,185
overall,BRAEMAR3,2170,778,4616.163004823779,663.376809612658,5279.539814436437,2.127264057522479,0.02119815668202765,186
overall,OAKEY2,1244,438,3780.715606675196,2367.083961840198,6147.799568515394,3.0391604555266847,0.04823151125401929,187
overall,WARWSF1,1244,438,3593.8441191433512,2190.526018503043,5784.370137646393,2.8889422179608935,0.42765273311897106,188
overall,WARWSF2,1244,438,3481.696729806352,2134.118230449867,5615.814960256219,2.7987915834456203,0.43488745980707394,189
overall,MUCRKSF1,356,125,3422.6544518117685,2798.6399312424032,6221.294383054172,9.614197898347664,0.39325842696629215,190
overall,CG3,5879,1833,2926.7126535400744,2246.6229380193636,5173.335591559438,0.49782491130125434,0.019220955944888585,191
overall,WAMBOWF1,1232,425,2887.297616161722,3073.3646220817245,5960.662238243447,2.3435857274039953,0.26785714285714285,192
overall,OAKEY1SF,1244,438,2759.9545452760494,1506.7065742859736,4266.6611195620235,2.2186129785177244,0.48633440514469456,193
overall,CG2,5879,1833,2738.3384336621757,1468.2075952791865,4206.546028941362,0.4657830300496982,0.015138629018540567,194
overall,CG4,5879,1833,2715.013069898572,1024.6797567275028,3739.6928266260747,0.46181545669307233,0.015138629018540567,195
overall,MARYRSF1,1244,438,2627.592577754697,2008.0438505902412,4635.6364283449375,2.1122126830825536,0.4252411575562701,196
overall,OAKEY1,1244,438,2601.3059759020057,977.0416371037082,3578.347613005714,2.0910819741977535,0.04180064308681672,197
overall,GULLRSF1,3825,1197,2466.034483711808,3091.1040321669043,5557.1385158787125,0.6447148977024335,0.19032679738562092,198
overall,SWANBBF1,230,77,2135.8687999388335,1308.5272490540142,3444.3960489928477,9.28638608669058,0.06956521739130435,199
overall,BRAEMAR2,2170,778,2120.713637973692,1712.1807147841207,3832.8943527578126,0.9772873907712867,0.014285714285714285,200
overall,BARCALDN,2109,756,1747.4271240136613,599.2786240786241,2346.7057480922854,0.8285571948855672,0.009009009009009009,201
overall,LIMBESS1,322,114,1343.4047538879684,2925.793104530465,4269.197858418433,4.1720644530682245,0.031055900621118012,202
overall,GUSF1,290,103,1208.9593549698998,1294.8020969959416,2503.7614519658414,4.168825361965172,0.296551724137931,203
overall,QBYNB1,3704,1154,1208.652853895889,885.9054241951017,2094.5582780909904,0.3263101657386309,0.16630669546436286,204
overall,WDBESSG1,353,128,1204.5209734174614,838.1581992081312,2042.6791726255922,3.4122407178964913,0.0453257790368272,205
overall,CG1,5879,1833,1088.1763224888678,823.7138524023555,1911.890174891223,0.1850954792462779,0.00663378125531553,206
overall,ROMA_8,2177,780,1062.8090882885529,339.3277503285652,1402.136838617118,0.48819893812060305,0.028938906752411574,207
overall,RESS1L,697,211,890.7408799354605,235.0622918252357,1125.8031717606962,1.2779639597352375,0.14347202295552366,208
overall,BRDDSF01,194,72,807.1473103451426,2409.1693858152125,3216.3166961603556,4.160553146108983,0.14432989690721648,209
overall,ROMA_7,2177,780,737.9610518019379,200.355365079125,938.316416881063,0.33898073119060074,0.02388608176389527,210
overall,BLOWERNG,3754,1175,697.2921580706545,238.1372275657246,935.429385636379,0.1857464459431685,0.02184336707511987,211
overall,RESS1G,697,211,652.6624061157361,19.58498719390863,672.2473933096447,0.936387957124442,0.08177905308464849,212
overall,HUNTER2,2412,774,484.4227557411274,262.71711899791234,747.1398747390398,0.20083862178322032,0.002902155887230514,213
overall,QPSFB1,1291,422,318.8524515455438,533.0224574530272,851.8749089985711,0.2469809849307078,0.1402013942680093,214
overall,HUMENSW,3730,1168,309.35751798566855,659.0149465449474,968.3724645306161,0.08293767238221678,0.025737265415549597,215
overall,QPSFB2,1291,422,291.2837030480167,131.0337579640622,422.3174610120789,0.2256264159938162,0.09372579395817196,216
overall,BUSF1,144,53,259.47354468591925,136.6234845227242,396.0970292086435,1.8018996158744391,0.5,217
overall,HEZ1,8739,2983,67.95458153175143,184.4343490704186,252.38893060217,0.007776013449107613,0.001830873097608422,218
overall,WANDSF2,56,19,57.25806421383648,2.751622515723271,60.009686729559746,1.0224654323899371,0.017857142857142856,219
overall,CHBESSL1,353,128,49.47737155741665,0.0,49.47737155741665,0.14016252565840412,0.0056657223796034,220
overall,WAMBOWF2,76,28,5.775972248979218,25.159247402534955,30.935219651514174,0.07599963485498971,0.17105263157894737,221
overall,CAPBES1L,697,211,5.634517766497462,5.446700507614213,11.081218274111675,0.008083956623382299,0.00430416068866571,222
overall,WOOLES1,76,28,0.04258389937106917,0.009016981132075476,0.05160088050314465,0.0005603144654088048,0.06578947368421052,223
overall,HUNTER1,2412,774,0.0,0.0,0.0,0.0,0.0,224
overall,CHBESSG1,353,128,0.0,0.0,0.0,0.0,0.0,224
overall,BRDDBES1,49,16,0.0,33.27044025157233,33.27044025157233,0.0,0.0,224
overall,CAPBES1G,697,211,0.0,0.0,0.0,0.0,0.0,224
overall,MULWASF1,21,8,0.0,0.17035235109717872,0.17035235109717872,0.0,0.0,224
overall,ERB02,344,111,0.0,0.0,0.0,0.0,0.0,224
overall,BBATTERY,0,0,0.0,0.0,0.0,,,224
overall,BBATRYL1,0,0,0.0,0.0,0.0,,,224
overall,KIDSPHG1,179,67,0.0,0.0,0.0,0.0,0.0,224
overall,KIDSPHG2,179,67,0.0,0.0,0.0,0.0,0.0,224
overall,KIDSPHL2,179,67,0.0,0.0,0.0,0.0,0.0,224
overall,KIDSPHL1,179,67,0.0,0.0,0.0,0.0,0.0,224
overall,STABESS1,35,13,0.0,0.0,0.0,0.0,0.0,224
overall,SNB01,10,3,0.0,0.0,0.0,0.0,0.0,224
overall,WILLBES1,7,3,0.0,0.0,0.0,0.0,0.0,224
upper,LDBESS1,2137,688,180158.41210807997,2015.334311009605,182173.74641908958,84.30435756110434,0.20355638745905474,1
upper,STAN-2,2001,720,171790.8709244787,77734.80227019795,249525.67319467664,85.85250920763552,0.37231384307846077,2
upper,NEWENSF1,5883,1836,158660.12255112847,21513.275756220628,180173.3983073491,26.96925421572811,0.6209416964133945,3
upper,NEWENSF2,5883,1836,158563.57199924462,22700.792442278816,181264.36444152344,26.952842427204594,0.6214516403195649,4
upper,STAN-1,2001,720,155072.0546337047,64827.821957931264,219899.87659163596,77.4972786775136,0.3778110944527736,5
upper,STAN-4,2001,720,147785.07468697234,63183.96179216175,210969.0364791341,73.8556095387168,0.3458270864567716,6
upper,CPP_3,2041,735,126918.10112388956,80595.91786106725,207514.01898495684,62.184272966138934,0.3057324840764331,7
upper,STAN-3,2001,720,125981.92005636898,60053.2875555897,186035.20761195867,62.95948028804047,0.34332833583208394,8
upper,ALDGASF1,1300,462,120716.71371643772,157080.7635285367,277797.4772449744,92.85901055110594,0.37538461538461537,9
upper,KPP_1,3082,1033,117397.26609659653,10018.906248130013,127416.17234472654,38.09126090090738,0.34879948085658663,10
upper,CPP_4,2030,730,112507.44478172244,83353.1477950853,195860.59257680774,55.4223865919815,0.30147783251231525,11
upper,BW01,5270,1643,104568.8938765493,8312.10673809689,112881.00061464618,19.84229485323516,0.6110056925996205,12
upper,DAYDSF1,2001,720,95328.18114181847,78047.06508815761,173375.24622997607,47.640270435691384,0.4147926036981509,13
upper,BBATTERY1,2001,720,91360.39869355624,65635.46585592924,156995.8645494855,45.657370661447395,0.2938530734632684,14
upper,CLARESF1,2001,720,89247.7804190267,47414.20327805888,136661.98369708558,44.60158941480595,0.43428285857071464,15
upper,CLRKCWF1,1570,556,88559.29077126889,54458.636750404825,143017.92752167373,56.40719157405662,0.4178343949044586,16
upper,RRSF1,2001,720,86121.96685769786,85120.70136257922,171242.66822027706,43.03946369700043,0.4357821089455272,17
upper,METZSF1,6666,2078,84701.8959468592,18038.528616694264,102740.42456355345,12.706555047533632,0.5748574857485749,18
upper,BW02,5270,1643,83872.80993379756,6754.273843413295,90627.08377721086,15.915144199961587,0.4639468690702087,19
upper,WDGPH1,2042,733,83791.90486230397,57101.636635548486,140893.54149785245,41.03423352708324,0.44172380019588636,20
upper,SMCSF1,2001,720,82559.76121523655,62760.35769903996,145320.11891427648,41.25925098212721,0.4177911044477761,21
upper,BW03,5270,1643,80830.33669915977,6469.229569467263,87299.56626862704,15.337824800599577,0.5635673624288425,22
upper,BW04,5270,1643,76441.11979676127,6883.199276787771,83324.31907354904,14.504956318171018,0.5193548387096775,23
upper,LILYSF1,2001,720,73656.22638181283,59408.3087653171,133064.53514712994,36.80970833673805,0.43478260869565216,24
upper,GNNDHSF1,6163,1926,71694.36246793011,18862.366219436095,90556.72868736621,11.633029769256874,0.5028395262047705,25
upper,HAUGHT11,2001,720,68540.67434651125,62213.134283920204,130753.80863043145,34.25321056797164,0.40229885057471265,26
upper,WDBESS1,2012,717,64992.22323785747,32298.213669361012,97290.43690721848,32.30229783193711,0.3757455268389662,27
upper,MOUSF1,2001,720,64397.92453059852,65437.24930715584,129835.17383775435,32.182870829884315,0.4097951024487756,28
upper,GSTONE2,2001,720,63872.9258635626,49809.377359061684,113682.3032226243,31.920502680441082,0.22988505747126436,29
upper,GSTONE5,2001,720,61789.30131847189,49808.87790300089,111598.17922147276,30.87921105370909,0.21539230384807595,30
upper,DDPS1,2042,733,56412.60106980428,9252.596376526122,65665.19744633039,27.626151356417374,0.3942213516160627,31
upper,RUGBYR1,2001,720,54767.36327795835,36552.48213523108,91319.84541318944,27.369996640658844,0.42778610694652675,32
upper,WOOLGSF1,1958,713,53121.612223881384,40086.91506688172,93208.52729076309,27.130547611788245,0.4351378958120531,33
upper,KSP1,2001,720,52768.59814978839,37281.272660987765,90049.87081077616,26.37111351813513,0.41379310344827586,34
upper,YABULU,2001,720,52698.939254980214,1695.4995805869382,54394.438835567154,26.336301476751732,0.050474762618690654,35
upper,WHITSF1,2001,720,52293.93004774659,31467.89958688915,83761.82963463574,26.133898074835876,0.4197901049475262,36
upper,MEWF1,2001,720,50762.243892804785,47893.20800050815,98655.45189331293,25.368437727538623,0.4642678660669665,37
upper,SAPHWF1,7115,2192,48922.101152412506,32780.14647511984,81702.24762753234,6.87591021116128,0.4635277582572031,38
upper,EMERASF1,2001,720,47836.85502607261,50262.95427364275,98099.80929971534,23.906474275898358,0.40929535232383807,39
upper,CALL_B_1,2025,728,47672.76047259098,33198.70725257252,80871.4677251635,23.542103937081965,0.1930864197530864,40
upper,CALL_B_2,2025,728,46486.472443676204,42321.136734084095,88807.6091777603,22.956282688235163,0.1945679012345679,41
upper,GSTONE4,2001,720,45727.14583699557,71328.73774358381,117055.88358057938,22.85214684507525,0.1679160419790105,42
upper,GSTONE3,2001,720,44038.780809872216,60689.250156621536,104728.03096649375,22.008386211830192,0.15942028985507245,43
upper,MP1,5117,1589,41448.485693196126,4452.333420751419,45900.81911394754,8.100153545670535,0.507328512800469,44
upper,HAMISF1,2001,720,41401.554779444305,26187.74491096847,67589.29969041278,20.690432173635333,0.45177411294352826,45
upper,CLERMSF1,2001,720,38960.3164161702,38913.883981645384,77874.20039781558,19.470422996586805,0.41529235382308843,46
upper,GSTONE6,2001,720,38673.29043853565,48714.28502213265,87387.5754606683,19.326981728403624,0.15242378810594703,47
upper,MP2,5117,1589,37163.81296271762,3703.7807035403807,40867.593666258,7.26281277364034,0.4723470783662302,48
upper,HAYMSF1,2001,720,35817.07334401466,29684.452193209207,65501.52553722386,17.899586878568044,0.4217891054472764,49
upper,KABANWF1,2001,720,34926.4664669144,42793.83838926387,77720.30485617826,17.454505980466966,0.3728135932033983,50
upper,MOREESF1,5801,1802,33855.46930342501,7490.905073507117,41346.37437693212,5.836143648237375,0.6126529908636442,51
upper,WRWF1,6666,2078,31429.898953134492,26373.495878905218,57803.39483203972,4.7149563386040345,0.4621962196219622,52
upper,SRSF1,2001,720,31075.068107993247,27043.699488830134,58118.76759682338,15.529769169411917,0.424287856071964,53
upper,COOPGWF1,2018,725,30078.3696555826,24001.007580478952,54079.377236061555,14.905039472538453,0.4207135777998018,54
upper,EDENVSF1,2042,733,29452.854277361614,22394.39908843521,51847.25336579682,14.423532946798048,0.41576885406464253,55
upper,ERB01,2208,713,28028.631405624365,31634.18345387423,59662.81485949859,12.694126542402339,0.2563405797101449,56
upper,CSPVPS1,2001,720,26731.367990568582,23486.53806482702,50217.9060553956,13.359004493037773,0.3953023488255872,57
upper,WANDSF1,2042,733,25205.475117953545,19398.3409472352,44603.816065188745,12.343523564130042,0.4167482859941234,58
upper,CHILDSF1,2001,720,24716.2978392746,21038.658643086004,45754.956482360605,12.351972933170716,0.3893053473263368,59
upper,COLUMSF1,2042,733,24180.523663634372,23602.933225758803,47783.45688939317,11.841588473866,0.39128305582761996,60
upper,TARONG#4,2025,728,23002.58437368082,9388.50779185,32391.092165530816,11.359300925274479,0.3772839506172839,61
upper,TUMUT3,3038,928,22466.31914764191,3926.8985538660622,26393.21770150797,7.3951017602507925,0.2534562211981567,62
upper,BLUEGSF1,2042,733,21598.499198181653,21693.204553360352,43291.70375154201,10.577129871783375,0.4054848188050931,63
upper,TARONG#3,2025,728,20765.497789381745,8002.449081335729,28767.946870717475,10.254566809571232,0.3451851851851852,64
upper,GSTONE1,2001,720,20467.052712399825,17637.08214579567,38104.134858195495,10.22841215012485,0.0864567716141929,65
upper,GANGARR1,2042,733,19734.81415977983,17393.732411949473,37128.546571729305,9.664453555230084,0.4049951028403526,66
upper,KAREEYA2,2001,720,19501.828492174565,22066.053519860605,41567.882012035174,9.746041225474546,0.15892053973013492,67
upper,MIDDLSF1,2001,720,18930.82863406677,20595.95705213694,39526.785686203715,9.460683975045862,0.34632683658170915,68
upper,MPP_1,1998,711,18140.353441477288,6038.704070405305,24179.057511882595,9.079255976715359,0.2682682682682683,69
upper,TARONG#2,2025,728,18129.570759558927,7847.259569706692,25976.830329265616,8.952874449164902,0.2874074074074074,70
upper,CHBESS1,2042,733,17334.648841657876,13524.557224711618,30859.206066369494,8.48905428092942,0.2007835455435847,71
upper,KAREEYA4,2001,720,16727.824253937055,18469.12755670184,35196.95181063889,8.359732260838108,0.15892053973013492,72
upper,BRAEMAR1,2035,731,16169.313195558625,1930.3808834402407,18099.694078998866,7.945608449905958,0.0918918918918919,73
upper,WTAHB1,5270,1643,15177.197464617439,17609.330375435587,32786.52784005302,2.8799236175744665,0.13719165085388993,74
upper,KAREEYA3,2001,720,15147.379148011334,16625.441314466767,31772.820462478103,7.569904621694819,0.16041979010494753,75
upper,W/HOE#2,759,282,14851.127001971143,3443.9232889313107,18295.050290902458,19.56670224238622,0.16073781291172595,76
upper,BARRON-1,2001,720,14823.229323619806,6911.740150758174,21734.96947437798,7.407910706456675,0.1054472763618191,77
upper,WELNSF1,5270,1643,14566.530303360369,42371.260770620225,56937.791073980596,2.764047495893808,0.21973434535104364,78
upper,KAREEYA1,2001,720,14443.527316970423,17724.644039659397,32168.17135662982,7.218154581194614,0.13793103448275862,79
upper,WANDB1,2042,733,14345.142133061956,10492.940715974319,24838.082849036273,7.02504511903132,0.20470127326150833,80
upper,DDSF1,2042,733,14333.847190975484,14729.093528920293,29062.940719895778,7.019513805570757,0.4289911851126347,81
upper,SWAN_E,913,338,13650.170205498938,3322.465210214684,16972.635415713623,14.950898363087555,0.1829134720700986,82
upper,DULAWF1,2042,733,13554.846739410987,12015.041196188979,25569.887935599967,6.638024847899602,0.4427032321253673,83
upper,MCINTYR1,1986,704,13164.410702460613,9868.963100421814,23033.373802882423,6.628605590362846,0.35196374622356497,84
upper,ORABESS1,2176,701,13082.935038051506,2612.4820162994515,15695.417054350959,6.01237823439867,0.16727941176470587,85
upper,PUMP2,500,177,13024.565607966457,2350.104821802935,15374.670429769392,26.049131215932913,0.128,86
upper,UPPTUMUT,3038,928,12955.781106339342,3494.574408345463,16450.355514684805,4.264575742705511,0.30513495720868994,87
upper,KEPWF1,2001,720,12510.449905175547,16911.971466326526,29422.42137150207,6.252098903136205,0.3168415792103948,88
upper,TARONG#1,2025,728,11975.534287991231,6349.0796885565,18324.61397654773,5.913844092835176,0.2518518518518518,89
upper,WDBESS2,368,130,11641.047684325555,4975.138047783614,16616.185732109167,31.63328175088466,0.27445652173913043,90
upper,BRAEMAR5,2035,731,11095.694318076736,1489.6343065625233,12585.32862463926,5.452429640332548,0.060933660933660934,91
upper,SNOWYP,3038,928,10986.394202648851,767.618650719797,11754.01285336865,3.6163246223333942,0.1510862409479921,92
upper,ER02,5270,1643,9871.137468310551,41075.66235236155,50946.799820672095,1.8730811135314138,0.16774193548387098,93
upper,NESBESS1,1770,583,9613.172095549704,5160.928884425443,14774.100979975148,5.43117067545181,0.08192090395480225,94
upper,ER01,5270,1643,9583.685383897515,37852.92567212717,47436.61105602468,1.818536125976758,0.1950664136622391,95
upper,MSTUART1,2001,720,9475.592835395815,8.396222568134169,9483.98905796395,4.735428703346234,0.015492253873063468,96
upper,MPP_2,1990,708,9292.933197353126,4708.748763945998,14001.681961299124,4.669815677061872,0.18693467336683417,97
upper,STUBSF1,4397,1353,8919.051374836901,19969.314387725717,28888.36576256262,2.028440158025222,0.2303843529679327,98
upper,WRSF1,6666,2078,8905.250269916465,2361.6793385294586,11266.929608445926,1.3359211326007299,0.49414941494149417,99
upper,PUMP1,500,177,8725.108920335431,80.3633857442348,8805.472306079664,17.450217840670863,0.084,100
upper,MSTUART2,2001,720,8605.973256458567,4828.9446114023585,13434.917867860926,4.3008362101242215,0.01249375312343828,101
upper,WOLARSF1,4500,1398,8549.976193841965,23689.412028376217,32239.38822221818,1.8999947097426588,0.17266666666666666,102
upper,GREENB1,846,310,8385.347877438237,5703.142553986887,14088.490431425122,9.911758720376167,0.14893617021276595,103
upper,MSTUART3,2001,720,8383.905418422723,1402.087707865309,9785.99312628803,4.1898577803212005,0.01199400299850075,104
upper,STUBSF2,4397,1353,8372.025436004476,19197.682069602688,27569.707505607163,1.9040312567669948,0.2581305435524221,105
upper,TARBESS1,1271,457,8337.180065266723,4307.253464416714,12644.433529683436,6.559543717755092,0.07317073170731707,106
upper,BARRON-2,2001,720,8200.476621583268,8595.438214413543,16795.91483599681,4.098189216183542,0.09145427286356822,107
upper,KEPSF1,2001,720,7822.282251295111,11391.227103946876,19213.509355241986,3.909186532381365,0.2463768115942029,108
upper,YARANSF1,1109,391,7762.505640625362,5308.222646995464,13070.728287620826,6.999554229599064,0.39224526600541026,109
upper,WELLSF1,5270,1643,7685.2497049093145,20653.824873520847,28339.074578430165,1.4583016517854486,0.22656546489563567,110
upper,W/HOE#1,759,282,7431.991954073375,2135.8972125189293,9567.889166592306,9.791820756354909,0.08432147562582346,111
upper,SUNTPSF1,5270,1643,7404.518419382696,15658.495311201721,23063.01373058442,1.405031958137134,0.26148007590132827,112
upper,CLRKCWF2,1224,425,7266.510194867915,5077.166409772407,12343.676604640325,5.936691335676401,0.3292483660130719,113
upper,WDBESSL1,258,98,6938.792795241445,4089.5647391921625,11028.357534433608,26.894545717990095,0.32170542635658916,114
upper,BRAEMAR7,2035,731,6632.672781120087,1307.6985220803617,7940.371303200449,3.259298663941075,0.0457002457002457,115
upper,TNPS1,2027,730,6588.288668307938,3286.7915602470216,9875.080228554958,3.2502657465752036,0.08386778490379872,116
upper,ULPBESS1,1232,425,6575.0711283378605,6381.66255764117,12956.73368597903,5.336908383391121,0.11607142857142858,117
upper,YABULU2,2001,720,5910.819446222829,0.0,5910.819446222829,2.9539327567330482,0.01199400299850075,118
upper,BRAEMAR6,2035,731,5905.554300305742,2593.0890320122803,8498.64333231802,2.901992285162527,0.03488943488943489,119
upper,ER04,5117,1589,5836.717053271974,19931.322783759893,25768.03983703187,1.1406521503365201,0.18331053351573187,120
upper,VP5,5270,1643,5403.928416325021,30377.16052642151,35781.08894274653,1.025413361731503,0.09487666034155598,121
upper,KINGASF1,2025,728,5335.511459994188,4812.951888081398,10148.463348075587,2.634820474071204,0.3135802469135803,122
upper,VP6,5270,1643,5178.419110615534,30422.835772350612,35601.25488296615,0.9826222221281848,0.08747628083491461,123
upper,CPSA,2042,733,4930.821102711676,131.73077678571428,5062.5518794973905,2.4147018132770204,0.07933398628795299,124
upper,BRAEMAR3,2035,731,4616.163004823779,281.9482381840865,4898.1112430078665,2.268384768955174,0.022604422604422605,125
upper,NEVERSF1,5270,1643,4373.404430536427,12439.779401415555,16813.18383195198,0.8298680133845212,0.21840607210626187,126
upper,CRURWF1,5196,1621,4371.543906979407,4666.979620543536,9038.523527522942,0.8413286964933424,0.428598922247883,127
upper,NESBESS2,1770,583,4303.188322435888,2697.691043297041,7000.879365732929,2.4311798431841174,0.05423728813559322,128
upper,BODWF1,5270,1643,4150.320490632245,3439.6715597408897,7589.9920503731355,0.7875370949966309,0.42333965844402277,129
upper,FLYCRKWF,5196,1621,4135.077806117208,4169.829641074628,8304.907447191836,0.795819439206545,0.4266743648960739,130
upper,OAKEY2SF,1109,391,4031.471338439911,2848.0845033595597,6879.555841799471,3.635231143769081,0.436429215509468,131
upper,ER03,5117,1589,3960.15337498575,18577.23528341129,22537.388658397038,0.7739209253440981,0.19816298612468244,132
upper,GOONSF1,5117,1589,3886.4941531974155,5615.39654771346,9501.890700910875,0.7595259240174742,0.29939417627516124,133
upper,OAKEY2,1109,391,3554.892182832831,1547.6892377515283,5102.58142058436,3.2054934020133734,0.047790802524797116,134
upper,MUCRKSF1,351,123,3346.9140518117683,2798.6399312424032,6145.553983054171,9.535367668979397,0.38461538461538464,135
upper,NYNGAN1,5270,1643,3332.107971923633,9585.746219055443,12917.854190979077,0.632278552547179,0.2077798861480076,136
upper,MANSLR1,5196,1621,3209.887250673074,2996.9438452905597,6206.831095963634,0.6177612106761112,0.2678983833718245,137
upper,RYEPARK1,3076,940,3162.1974551407484,3700.6327239409293,6862.830179081678,1.0280225796946516,0.4359557867360208,138
upper,LIMOSF11,3038,928,3139.851158048682,4746.575558779611,7886.426716828294,1.0335257268099678,0.20046082949308755,139
upper,BERYLSF1,5270,1643,3081.088883076751,9698.070376437108,12779.159259513859,0.5846468468836339,0.20227703984819734,140
upper,WAMBOWF1,1218,421,2887.134616161722,3052.906135595238,5940.04075175696,2.3703896684414794,0.27011494252873564,141
upper,AVLSF1,3075,940,2815.462468840013,5914.818411299446,8730.280880139459,0.9155975508422807,0.20357723577235773,142
upper,WARWSF1,1109,391,2760.2823841403833,1934.5216040435835,4694.803988183967,2.488983213832627,0.3985572587917042,143
upper,WARWSF2,1109,391,2724.6818615040406,1840.2373195039213,4564.919181007962,2.4568817506799285,0.41118124436429215,144
upper,PARSF1,5117,1589,2556.2848510421036,4285.182903784419,6841.467754826522,0.4995671000668563,0.28356458862614814,145
upper,JEMALNG1,5117,1589,2515.97153316663,4686.5642352441855,7202.535768410817,0.4916887889713953,0.23861637678327144,146
upper,OAKEY1,1109,391,2508.2349259020057,162.7836071037082,2671.018533005714,2.261708679803432,0.04418394950405771,147
upper,URANQ14,3075,940,2404.3165574832487,188.36634863959392,2592.6829061228427,0.7818915634091865,0.11934959349593496,148
upper,CAPBES1,3026,919,2340.42806058201,1040.3320296452653,3380.760090227275,0.7734395441447488,0.18407138136153336,149
upper,DARLSF1,3075,940,2327.127596750582,6730.362163323458,9057.48976007404,0.7567894623579129,0.1873170731707317,150
upper,URANQ13,3075,940,2276.447550987444,202.94487617766498,2479.3924271651094,0.7403081466625835,0.11544715447154472,151
upper,OAKEY1SF,1109,391,2250.587445470627,1319.2018642859734,3569.7893097566002,2.0293845315334775,0.4688908926961226,152
upper,SUNRSF1,3038,928,2185.665119871078,4197.660571857334,6383.325691728411,0.7194421066066747,0.2337063857801185,153
upper,RIVNB2,3075,940,2178.104666558943,1253.1476621809602,3431.252328739903,0.7083267208321765,0.16065040650406504,154
upper,MOLNGSF1,5196,1621,2162.671838918113,2232.372696502887,4395.044535421,0.4162185987140325,0.2734795996920708,155
upper,SWANBBF1,221,75,2135.8687999388335,1308.5272490540142,3444.3960489928477,9.664564705605581,0.07239819004524888,156
upper,BRAEMAR2,2035,731,2086.713637973692,56.84877621269209,2143.562414186384,1.0254121071123794,0.012776412776412777,157
upper,BANGOWF2,3147,962,2076.982241718581,1412.6780148031335,3489.660256521714,0.6599880018171531,0.42929774388306324,158
upper,MARYRSF1,1109,391,2044.1294716649618,1744.6512957253763,3788.780767390338,1.8432186399143027,0.4147880973850316,159
upper,BANGOWF1,3147,962,2034.2748234964224,1995.042648707019,4029.317472203441,0.6464171666655298,0.4315220845249444,160
upper,HILLSTN1,3075,940,1947.8930977376258,2970.2301285975964,4918.123226335222,0.6334611699959759,0.20130081300813008,161
upper,COLWF01,3075,940,1913.303861892605,2752.595055558313,4665.898917450918,0.6222126380138553,0.42276422764227645,162
upper,RESS1,2720,849,1911.8079340725021,576.4779817639111,2488.285915836413,0.7028705639972435,0.20441176470588235,163
upper,URANQ12,3075,940,1845.5666754263962,156.30438190355332,2001.8710573299493,0.600184284691511,0.0897560975609756,164
upper,STWF1,3038,928,1658.9872596739554,1411.7150567719486,3070.7023164459038,0.5460787556530465,0.3897300855826201,165
upper,URANQ11,3075,940,1494.0500970497462,217.64101789340103,1711.6911149431473,0.48586995026008006,0.07544715447154472,166
upper,GULLRWF2,3147,962,1485.5077838957188,1722.963908828727,3208.4716927244463,0.47203933393572256,0.42008261836669847,167
upper,COLEASF1,3075,940,1395.6262308769658,3597.6381048243084,4993.264335701274,0.45386218890307833,0.17560975609756097,168
upper,GULLRWF1,3147,962,1371.9383382980407,1967.0968124020337,3339.035150700074,0.4359511720044616,0.41182078169685415,169
upper,BOCORWF1,3026,919,1299.1080929023713,1298.1200326592577,2597.228125561629,0.42931529838148424,0.4524124256444151,170
upper,GUTHEGA,3038,928,1252.210978989593,83.98565538275385,1336.1966343723468,0.4121826790617489,0.15009874917709018,171
upper,CG3,5270,1643,1237.8515719490033,1228.045752621465,2465.8973245704683,0.23488644629013344,0.01366223908918406,172
upper,GUSF1,281,101,1208.9593549698998,1294.8020969959416,2503.7614519658414,4.302346458967615,0.30604982206405695,173
upper,FINLYSF1,3075,940,1190.2404798790153,3086.2252293962733,4276.46570927529,0.38707007475740335,0.21398373983739838,174
upper,SEBSF1,3075,940,1129.9633802353517,2683.706489488538,3813.6698697238894,0.36746776593019564,0.24260162601626017,175
upper,WDBESSG1,258,98,1074.8367534174613,452.0682692081312,1526.9050226255922,4.166033927974656,0.050387596899224806,176
upper,ROMA_8,2042,733,1045.8090882885529,267.6126403285652,1313.4217286171179,0.5121494066055596,0.029382957884427033,177
upper,WLWLSF2,2216,655,1021.7291344184202,2758.4433801680575,3780.172514586478,0.4610691039794315,0.18592057761732853,178
upper,WLWLSF1,2216,655,996.160678946,2762.391919582098,3758.552598528098,0.4495309923041516,0.18682310469314078,179
upper,WSTWYSF1,3075,940,966.0877910080394,2622.6265442309195,3588.714335238959,0.31417489138472826,0.2396747967479675,180
upper,CROOKWF2,3147,962,900.1043596708732,1324.3070549627146,2224.411414633588,0.2860198155929054,0.38449316809659995,181
upper,CG2,5270,1643,887.3220805186975,919.8036821882006,1807.125762706898,0.16837231129387048,0.008159392789373814,182
upper,DPNTB1,3075,940,852.8643569658125,461.602299858251,1314.4666568240634,0.2773542624279065,0.14991869918699188,183
upper,TARALGA1,3076,940,850.1011327058584,1155.930838183522,2006.0319708893803,0.2763657778627628,0.4431079323797139,184
upper,BHB1,3038,928,849.9954566073885,89.71575315228426,939.7112097596728,0.2797878395679357,0.18400263331138908,185
upper,BRDDSF01,194,72,807.1473103451426,2409.1693858152125,3216.3166961603556,4.160553146108983,0.14432989690721648,186
upper,BOMENSF1,3075,940,756.2695327569818,2470.111601993264,3226.381134750246,0.24594131146568513,0.19219512195121952,187
upper,ROMA_7,2042,733,728.9610518019379,138.921205079125,867.882256881063,0.35698386474139954,0.024485798237022526,188
upper,WYASF1,3075,940,670.4981339710193,1552.0804743178787,2222.5786082888976,0.21804817364911197,0.26471544715447154,189
upper,CG4,5270,1643,651.3132037943869,696.9814704246917,1348.2946742190786,0.12358884322474135,0.007969639468690701,190
upper,BARCALDN,2001,720,620.6043392035351,599.2786240786241,1219.8829632821592,0.3101470960537407,0.0074962518740629685,191
upper,CROOKWF3,3147,962,594.6620827974672,774.238205752572,1368.9002885500392,0.18896157699315766,0.4159517000317763,192
upper,GUNNING1,3147,962,539.7257287153421,677.0582942374275,1216.7840229527696,0.17150483912149417,0.4251668255481411,193
upper,WOODLWN1,3026,919,512.3138567645825,367.9475551136651,880.2614118782477,0.16930398439014624,0.4173826834104428,194
upper,LIMOSF21,3038,928,509.1407379528551,799.1516834941066,1308.2924214469617,0.1675907629864566,0.22086899275839367,195
upper,BROKENH1,3038,928,507.6518859251104,1372.8947156631693,1880.5466015882796,0.16710068661129374,0.14384463462804475,196
upper,WAGGNSF1,3075,940,504.4388583979336,1355.3455011111469,1859.7843595090803,0.16404515720258003,0.2016260162601626,197
upper,HUNTER2,2137,688,484.4227557411274,262.71711899791234,747.1398747390398,0.22668355439453786,0.003275620028076743,198
upper,CRWASF1,3052,933,417.0447196568139,986.8274326701115,1403.8721523269253,0.13664636948126274,0.2283748361730013,199
upper,JUNEESF1,3075,940,404.33432987002413,850.4735874401281,1254.8079173101523,0.13149083898212166,0.2461788617886179,200
upper,QPSFB1,1286,419,317.94784875142614,533.0224574530272,850.9703062044534,0.24723782951121784,0.13841368584758942,201
upper,QPSFB2,1286,419,291.2837030480167,131.0337579640622,422.3174610120789,0.22650365711354334,0.09409020217729394,202
upper,BUSF1,144,53,259.47354468591925,136.6234845227242,396.0970292086435,1.8018996158744391,0.5,203
upper,QBYNB1,3026,919,258.7621619223474,184.49246176061826,443.25462368296564,0.08551294181174732,0.18968935888962327,204
upper,RESS1G,672,203,202.10240611573604,19.58498719390863,221.68739330964468,0.3007476281484167,0.0818452380952381,205
upper,RESS1L,672,203,178.6951656497462,106.33086325380711,285.0260289035533,0.2659154250740271,0.14136904761904762,206
upper,CG1,5270,1643,138.62448335279717,722.6842865313736,861.3087698841707,0.026304456044174036,0.0026565464895635673,207
upper,BLOWERNG,3076,940,129.76858569600924,16.402842639593906,146.17142833560317,0.042187446585178555,0.023081924577373212,208
upper,GULLRSF1,3147,962,85.96540419430738,291.2216103620782,377.1870145563856,0.027316620335019824,0.1738163330155704,209
upper,WANDSF2,56,19,57.25806421383648,2.751622515723271,60.009686729559746,1.0224654323899371,0.017857142857142856,210
upper,CHBESSL1,258,98,49.47737155741665,0.0,49.47737155741665,0.19177275797448315,0.007751937984496124,211
upper,CUSF1,51,18,49.128895155574895,76.21374128853542,125.34263644411033,0.9633116697171548,0.19607843137254902,212
upper,HEZ1,5270,1643,43.966936193211325,97.45149165836187,141.41842785157317,0.00834287214292435,0.0018975332068311196,213
upper,SHGEN,10,4,18.04471544715447,0.0,18.04471544715447,1.804471544715447,0.2,214
upper,HUMENSW,3052,933,13.451470682172182,17.827000891917827,31.27847157409001,0.0044074281396370195,0.006225425950196592,215
upper,LIMBESS1,49,22,7.825203252032519,33.10077223029283,40.925975482325356,0.15969802555168408,0.02040816326530612,216
upper,WAMBOWF2,76,28,5.775972248979218,25.159247402534955,30.935219651514174,0.07599963485498971,0.17105263157894737,217
upper,CAPBES1L,672,203,5.634517766497462,5.446700507614213,11.081218274111675,0.008384699057287889,0.004464285714285714,218
upper,GESF1,51,18,1.6037439425887265,4.974925750750977,6.5786696933397035,0.03144595965860248,0.11764705882352941,219
upper,WOOLES1,76,28,0.04258389937106917,0.009016981132075476,0.05160088050314465,0.0005603144654088048,0.06578947368421052,220
upper,BBATRYL1,0,0,0.0,0.0,0.0,,,221
upper,BBATTERY,0,0,0.0,0.0,0.0,,,221
upper,BRDDBES1,49,16,0.0,33.27044025157233,33.27044025157233,0.0,0.0,221
upper,CAPBES1G,672,203,0.0,0.0,0.0,0.0,0.0,221
upper,CHBESSG1,258,98,0.0,0.0,0.0,0.0,0.0,221
upper,ERB02,344,111,0.0,0.0,0.0,0.0,0.0,221
upper,HUNTER1,2137,688,0.0,0.0,0.0,0.0,0.0,221
upper,KIDSPHG1,179,67,0.0,0.0,0.0,0.0,0.0,221
upper,KIDSPHG2,179,67,0.0,0.0,0.0,0.0,0.0,221
upper,KIDSPHL1,179,67,0.0,0.0,0.0,0.0,0.0,221
upper,KIDSPHL2,179,67,0.0,0.0,0.0,0.0,0.0,221
upper,MULWASF1,19,6,0.0,0.17035235109717872,0.17035235109717872,0.0,0.0,221
upper,SHPUMP,10,4,0.0,0.0,0.0,0.0,0.0,221
upper,SNB01,10,3,0.0,0.0,0.0,0.0,0.0,221
upper,STABESS1,35,13,0.0,0.0,0.0,0.0,0.0,221
upper,TALWA1,10,4,0.0,0.0,0.0,0.0,0.0,221
upper,TALWB1,10,4,0.0,0.0,0.0,0.0,0.0,221
upper,WILLBES1,5,1,0.0,0.0,0.0,0.0,0.0,221
