event_id,steps,exact_step_share,equation_count,evidence_tier,limitation,observed_tightening_mw,generator_tightening_mw,rhs_tightening_mw,other_lhs_tightening_mw,switch_composite_mw,unresolved_mw,complete_terms_share,reconciliation_error_mw
QNI-lower-20240919T1735,5,0.0,3,C-partial,Other LHS terms are an aggregate residual; switch composite is not causal attribution.,1246.7938800000002,0.0,0.0,0.0,0.0,1246.7938800000002,0.0,0.0
QNI-lower-20241024T0505,14,0.0,3,C-partial,Other LHS terms are an aggregate residual; switch composite is not causal attribution.,703.2011399999999,0.0,0.0,0.0,0.0,703.2011399999999,0.0,0.0
QNI-lower-20241107T1655,11,1.0,1,C-partial,Other LHS terms are an aggregate residual; switch composite is not causal attribution.,654.91068,2107.698891300345,-1469.03808975834,16.249758308398256,0.0,0.00012014959673933845,0.0,-2.2737367544323206e-13
QNI-lower-20241108T1510,5,0.8,2,C-partial,Other LHS terms are an aggregate residual; switch composite is not causal attribution.,1318.30554,826.7100139470662,259.201035673188,-3.9999199884908045,0.0,236.39441036823666,0.0,-2.2737367544323206e-13
QNI-lower-20241111T1800,12,0.0,2,C-partial,Other LHS terms are an aggregate residual; switch composite is not causal attribution.,660.8843499999999,0.0,0.0,0.0,0.0,660.8843499999999,0.0,0.0
QNI-lower-20241124T1055,23,1.0,1,C-partial,Other LHS terms are an aggregate residual; switch composite is not causal attribution.,469.38632999999993,380.56096112600545,94.8575335120644,-6.032175415549622,0.0,1.0777479815260449e-05,1.0,-1.7053025658242404e-13
QNI-lower-20241202T1605,1,1.0,2,C-partial,Other LHS terms are an aggregate residual; switch composite is not causal attribution.,483.87506999999994,0.0,0.0,0.0,483.8750656128658,4.387134140415583e-06,0.0,0.0
QNI-lower-20241209T1440,3,1.0,2,C-partial,Other LHS terms are an aggregate residual; switch composite is not causal attribution.,1264.68777,147.68241083309562,-45.949443651925804,3.3052689814551552,1159.6495608273892,-2.6990014362127113e-05,0.0,0.0
QNI-lower-20250115T1350,4,1.0,2,C-partial,Other LHS terms are an aggregate residual; switch composite is not causal attribution.,469.27572999999995,45.3805804289544,400.09506702412864,1.2064331367292565,22.593647587131386,1.8230562091048341e-06,0.5,5.684341886080802e-14
QNI-lower-20250122T1430,6,0.16666666666666666,2,C-partial,Other LHS terms are an aggregate residual; switch composite is not causal attribution.,1057.72928,71.7457505070994,9.270862068965416,1.6910109533468571,0.0,975.0216564705883,0.16666666666666666,0.0
QNI-lower-20250127T1055,4,1.0,2,C-partial,Other LHS terms are an aggregate residual; switch composite is not causal attribution.,214.01272999999992,-22.580077079107507,19.831389452332694,181.62153342799175,35.13988030980647,3.888976380039821e-06,0.75,1.4210854715202004e-13
QNI-lower-20250201T0635,30,0.13333333333333333,5,C-partial,Other LHS terms are an aggregate residual; switch composite is not causal attribution.,868.8303699999999,-1.6847999999999899,0.0,-1.2779707847521138e-14,0.0,870.5151699999999,0.13333333333333333,0.0
QNI-lower-20250205T1710,14,0.0,2,C-partial,Other LHS terms are an aggregate residual; switch composite is not causal attribution.,226.53888000000006,0.0,0.0,0.0,0.0,226.53888000000006,0.0,0.0
QNI-lower-20250304T0845,7,1.0,2,C-partial,Other LHS terms are an aggregate residual; switch composite is not causal attribution.,713.4682399999999,-581.218066138293,-252.96862246732363,631.4811721032893,916.1737138917706,4.261055661913815e-05,0.5714285714285714,0.0
QNI-lower-20250421T1130,19,0.3157894736842105,2,C-partial,Other LHS terms are an aggregate residual; switch composite is not causal attribution.,433.50191000000007,328.19644421906696,3.0970892494929885,-3.0123036105476526,0.0,105.22068014198783,0.3157894736842105,-5.684341886080802e-14
QNI-lower-20250513T1715,5,0.0,3,C-partial,Other LHS terms are an aggregate residual; switch composite is not causal attribution.,172.72097000000002,0.0,0.0,0.0,0.0,172.72097000000002,0.0,0.0
QNI-lower-20250517T1210,20,0.9,2,C-partial,Other LHS terms are an aggregate residual; switch composite is not causal attribution.,332.33486000000005,254.72496044624754,47.00960446247448,1.359026186015233e-06,0.0,30.60029373225177,0.9,5.684341886080802e-14
QNI-lower-20250519T0640,4,0.0,3,C-partial,Other LHS terms are an aggregate residual; switch composite is not causal attribution.,964.4092200000001,0.0,0.0,0.0,0.0,964.4092200000001,0.0,0.0
QNI-lower-20250603T0040,8,0.0,2,C-partial,Other LHS terms are an aggregate residual; switch composite is not causal attribution.,354.70517000000007,0.0,0.0,0.0,0.0,354.70517000000007,0.0,0.0
QNI-lower-20250612T1910,14,0.5714285714285714,2,C-partial,Other LHS terms are an aggregate residual; switch composite is not causal attribution.,165.93534,0.0,27.660000000000082,0.0,0.0,138.27533999999991,0.5714285714285714,0.0
QNI-lower-20250612T1925,11,0.7272727272727273,2,C-partial,Other LHS terms are an aggregate residual; switch composite is not causal attribution.,123.33620000000019,0.0,27.660000000000082,0.0,0.0,95.67620000000011,0.7272727272727273,0.0
QNI-lower-20250612T1950,2,1.0,1,C-partial,Other LHS terms are an aggregate residual; switch composite is not causal attribution.,104.99000999999998,0.0,104.99000999999998,0.0,0.0,0.0,1.0,0.0
QNI-lower-20250614T1035,23,1.0,4,C-partial,Other LHS terms are an aggregate residual; switch composite is not causal attribution.,197.27016000000003,-33.81850873527163,206.55631741584634,56.07840130941527,-31.54605998999,9.999999974752427e-06,0.6086956521739131,5.684341886080802e-14
QNI-lower-20250626T1950,18,1.0,1,C-partial,Other LHS terms are an aggregate residual; switch composite is not causal attribution.,201.51999999999998,0.0,201.51999999999998,0.0,0.0,0.0,1.0,0.0
QNI-lower-20250626T2005,16,1.0,1,C-partial,Other LHS terms are an aggregate residual; switch composite is not causal attribution.,177.0,0.0,177.0,0.0,0.0,0.0,1.0,0.0
QNI-lower-20250626T2030,11,1.0,1,C-partial,Other LHS terms are an aggregate residual; switch composite is not causal attribution.,141.0,0.0,141.0,0.0,0.0,0.0,1.0,0.0
QNI-lower-20250722T1910,13,0.0,2,C-partial,Other LHS terms are an aggregate residual; switch composite is not causal attribution.,1070.43823,0.0,0.0,0.0,0.0,1070.43823,0.0,0.0
QNI-lower-20250828T1250,12,1.0,2,C-partial,Other LHS terms are an aggregate residual; switch composite is not causal attribution.,428.60804999999993,404.19635644644654,-25.598465795795782,2.53243934934936,47.47772999999995,-1.0000000088439265e-05,0.8333333333333334,-5.684341886080802e-14
QNI-lower-20250928T0715,19,0.9473684210526315,5,C-partial,Other LHS terms are an aggregate residual; switch composite is not causal attribution.,1020.41656,42.15599999999999,67.83383,158.0630000000001,689.13104,63.23268999999995,0.7368421052631579,0.0
QNI-lower-20251010T1700,6,0.5,2,C-partial,Other LHS terms are an aggregate residual; switch composite is not causal attribution.,167.107,12.351340057142977,-134.79725714285712,118.67959422857245,0.0,170.87332285714172,0.5,-2.842170943040401e-14
QNI-lower-20251017T1505,8,0.875,3,C-partial,Other LHS terms are an aggregate residual; switch composite is not causal attribution.,810.58826,-1680.1898337599996,-1872.797965714284,4222.851032331431,27.926837142855703,112.79818999999628,0.625,4.547473508864641e-13
QNI-lower-20251027T1655,6,0.3333333333333333,2,C-partial,Other LHS terms are an aggregate residual; switch composite is not causal attribution.,913.0847200000001,-79.74131658227853,-72.6254315304948,4.999942508626219,0.0,1060.4515256041473,0.3333333333333333,-1.1368683772161603e-13
QNI-lower-20251126T1750,6,0.6666666666666666,2,C-partial,Other LHS terms are an aggregate residual; switch composite is not causal attribution.,997.70445,579.8364465714282,29.693542857143523,-438.45570657142866,0.0,826.6301671428572,0.6666666666666666,-2.2737367544323206e-13
QNI-lower-20251211T1340,2,0.5,2,C-partial,Other LHS terms are an aggregate residual; switch composite is not causal attribution.,952.51351,371.6683180571428,128.17205714285592,434.44037337142834,0.0,18.232761428572985,0.0,0.0
QNI-lower-20260110T1540,6,1.0,1,C-partial,Other LHS terms are an aggregate residual; switch composite is not causal attribution.,860.95903,-361.6910173142858,-206.57902857142676,1429.2290358857126,0.0,3.99999999487477e-05,0.0,0.0
QNI-lower-20260205T1420,7,1.0,2,C-partial,Other LHS terms are an aggregate residual; switch composite is not causal attribution.,333.36105,-3383.6978827428566,84.64725714285515,3431.993192742857,200.41846285714422,2.0000000006348273e-05,0.0,0.0
QNI-lower-20260206T1305,5,1.0,2,C-partial,Other LHS terms are an aggregate residual; switch composite is not causal attribution.,354.68062000000003,6609.797635542856,122.3204571428583,-6414.7030426857145,37.26558,-1.0000000031595846e-05,0.0,-4.547473508864641e-13
QNI-lower-20260211T1320,4,1.0,3,C-partial,Other LHS terms are an aggregate residual; switch composite is not causal attribution.,843.57118,192.97884194285754,-114.33605714285608,632.3468094857135,132.58158900421222,-3.289927235528012e-06,0.0,1.1368683772161603e-13
QNI-lower-20260219T0815,28,1.0,2,C-partial,Other LHS terms are an aggregate residual; switch composite is not causal attribution.,270.12443999999994,58.684750210724985,186.5114782559043,11.661985065392662,13.266219068514033,7.399463925139571e-06,0.7857142857142857,0.0
QNI-lower-20260321T0630,25,0.24,10,C-partial,Other LHS terms are an aggregate residual; switch composite is not causal attribution.,781.17992,0.0,0.0,0.0,165.0,616.17992,0.2,0.0
QNI-lower-20260414T0630,4,0.75,2,C-partial,Other LHS terms are an aggregate residual; switch composite is not causal attribution.,1002.3707300000001,-8.194000000000003,0.0,85.70855,0.0,924.85618,0.75,1.1368683772161603e-13
QNI-lower-20260507T0830,21,0.6666666666666666,5,C-partial,Other LHS terms are an aggregate residual; switch composite is not causal attribution.,1039.3869,11.10140140140139,1.542642642642785,98.01242162162164,797.1145725425424,131.6158617917921,0.6190476190476191,-4.547473508864641e-13
QNI-lower-20260512T2040,19,0.0,3,C-partial,Other LHS terms are an aggregate residual; switch composite is not causal attribution.,319.87,0.0,0.0,0.0,0.0,319.87,0.0,0.0
QNI-lower-20260616T0705,1,0.0,2,C-partial,Other LHS terms are an aggregate residual; switch composite is not causal attribution.,500.37703999999997,0.0,0.0,0.0,0.0,500.37703999999997,0.0,0.0
QNI-lower-20260716T0700,8,0.75,3,C-partial,Other LHS terms are an aggregate residual; switch composite is not causal attribution.,717.7745400000001,0.0,0.0,0.0,0.0,717.7745400000001,0.75,0.0
QNI-lower-20260729T1440,2,1.0,1,C-partial,Other LHS terms are an aggregate residual; switch composite is not causal attribution.,124.02867000000003,63.67931501340484,56.86410187667558,3.485249705093885,0.0,3.404825747566065e-06,1.0,-2.842170943040401e-14
QNI-lower-20260805T1625,1,0.0,2,C-partial,Other LHS terms are an aggregate residual; switch composite is not causal attribution.,1486.68192,0.0,0.0,0.0,0.0,1486.68192,0.0,0.0
QNI-upper-20240908T1710,21,0.0,1,C-partial,Other LHS terms are an aggregate residual; switch composite is not causal attribution.,195.48281,0.0,0.0,0.0,0.0,195.48281,0.0,0.0
QNI-upper-20240926T1315,3,0.0,3,C-partial,Other LHS terms are an aggregate residual; switch composite is not causal attribution.,1268.6697900000001,0.0,0.0,0.0,0.0,1268.6697900000001,0.0,0.0
QNI-upper-20241019T1530,2,0.5,2,C-partial,Other LHS terms are an aggregate residual; switch composite is not causal attribution.,1438.7218699999999,315.7730400259742,493.12493506493576,-2.6649354330780247e-05,0.0,629.8239215584441,0.0,0.0
QNI-upper-20241022T1615,28,0.0,2,C-partial,Other LHS terms are an aggregate residual; switch composite is not causal attribution.,258.01242999999994,0.0,0.0,0.0,0.0,258.01242999999994,0.0,0.0
QNI-upper-20241105T1120,2,0.5,2,C-partial,Other LHS terms are an aggregate residual; switch composite is not causal attribution.,1576.79156,-389.2245972467535,402.09246753246674,-5.028571318651113e-05,0.0,1563.9237399999997,0.0,0.0
QNI-upper-20241107T1645,5,1.0,1,C-partial,Other LHS terms are an aggregate residual; switch composite is not causal attribution.,192.54715,91.8178764598985,100.72927918781738,-7.069035468099116e-06,0.0,1.4213194390322315e-06,0.0,1.1368683772161603e-13
QNI-upper-20241128T1305,9,0.5555555555555556,3,C-partial,Other LHS terms are an aggregate residual; switch composite is not causal attribution.,2056.5779299999995,1171.4590326493496,-1003.5727272727253,-1.1090904817921926e-05,0.0,1888.69163571428,0.0,0.0
QNI-upper-20241128T1330,7,0.5714285714285714,2,C-partial,Other LHS terms are an aggregate residual; switch composite is not causal attribution.,2027.23473,2183.166679324674,-1064.0238961038935,-6.555843597858675e-05,0.0,908.0920123376549,0.0,6.821210263296962e-13
QNI-upper-20241128T1520,2,0.0,2,C-partial,Other LHS terms are an aggregate residual; switch composite is not causal attribution.,1890.6503099999998,0.0,0.0,0.0,0.0,1890.6503099999998,0.0,0.0
QNI-upper-20241208T1710,15,1.0,1,C-partial,Other LHS terms are an aggregate residual; switch composite is not causal attribution.,450.46727999999996,446.30828546294424,7.017370558375616,-2.8583758690356724,0.0,-1.5228422967084043e-07,0.0,0.0
QNI-upper-20241208T1725,12,1.0,1,C-partial,Other LHS terms are an aggregate residual; switch composite is not causal attribution.,420.35748,382.2668803959393,1.0772284263959069,37.0133814822334,0.0,-1.0304568519359236e-05,0.0,-1.1368683772161603e-13
QNI-upper-20241209T0915,11,0.2727272727272727,2,C-partial,Other LHS terms are an aggregate residual; switch composite is not causal attribution.,1190.98731,-1528.5534251168829,3354.0157142857165,-1.6831169981555506e-05,0.0,-634.4749623376639,0.0,0.0
QNI-upper-20241218T0840,9,1.0,1,C-partial,Other LHS terms are an aggregate residual; switch composite is not causal attribution.,847.07141,2831.467268461539,-1984.395897435898,3.504272245599622e-06,0.0,3.547008728332912e-05,0.0,-4.547473508864641e-13
QNI-upper-20250115T1345,6,0.6666666666666666,4,C-partial,Other LHS terms are an aggregate residual; switch composite is not causal attribution.,1397.03715,1024.8097172307696,-490.2536752136755,3.6615386612542606e-05,15.418879235204372,847.0621921323147,0.0,2.2737367544323206e-13
QNI-upper-20250122T1635,28,0.0,3,C-partial,Other LHS terms are an aggregate residual; switch composite is not causal attribution.,306.14324999999997,0.0,0.0,0.0,0.0,306.14324999999997,0.0,0.0
QNI-upper-20250213T1640,6,0.0,4,C-partial,Other LHS terms are an aggregate residual; switch composite is not causal attribution.,1009.62377,0.0,0.0,0.0,0.0,1009.62377,0.0,0.0
QNI-upper-20250225T1540,18,1.0,1,C-partial,Other LHS terms are an aggregate residual; switch composite is not causal attribution.,551.05339,703.0561591493386,-152.0027788279774,7.107750916295748e-06,0.0,2.5708880571073678e-06,0.0,0.0
QNI-upper-20250321T1335,2,0.5,2,C-partial,Other LHS terms are an aggregate residual; switch composite is not causal attribution.,1005.9952900000001,403.32626325490196,-242.44466666666673,27.44370223529354,0.0,817.6699911764713,0.0,0.0
QNI-upper-20250322T1445,29,0.034482758620689655,2,C-partial,Other LHS terms are an aggregate residual; switch composite is not causal attribution.,276.54143999999997,-0.923447301522796,42.57914720812186,-6.646556454822429,0.0,241.53229654822337,0.034482758620689655,-5.684341886080802e-14
QNI-upper-20250430T1125,1,0.0,2,C-partial,Other LHS terms are an aggregate residual; switch composite is not causal attribution.,827.8466099999999,0.0,0.0,0.0,0.0,827.8466099999999,0.0,0.0
QNI-upper-20250529T0630,9,0.6666666666666666,3,C-partial,Other LHS terms are an aggregate residual; switch composite is not causal attribution.,962.01972,26.972844969199173,-22.78520533880904,6.098562671752461e-06,0.0,957.8320742710472,0.6666666666666666,0.0
QNI-upper-20250610T1800,10,1.0,1,C-partial,Other LHS terms are an aggregate residual; switch composite is not causal attribution.,283.2521699999999,381.2167770125786,-89.72981132075488,-8.234805104821607,0.0,9.412997769686626e-06,0.0,5.684341886080802e-14
QNI-upper-20250612T1935,6,1.0,1,C-partial,Other LHS terms are an aggregate residual; switch composite is not causal attribution.,244.88047000000006,138.70129493710695,122.64877358490615,-16.469605754716866,0.0,7.232703865156509e-06,0.0,-2.842170943040401e-14
QNI-upper-20250626T0730,4,0.25,2,C-partial,Other LHS terms are an aggregate residual; switch composite is not causal attribution.,1771.04325,142.16931164031638,0.0,-1.3339921420461014e-05,0.0,1628.873951699605,0.25,0.0
QNI-upper-20250627T0730,2,0.5,2,C-partial,Other LHS terms are an aggregate residual; switch composite is not causal attribution.,1874.16272,208.64301076167152,0.0,5.1326782256548284e-05,0.0,1665.5196579115463,0.5,0.0
QNI-upper-20250701T0910,15,0.8,2,C-partial,Other LHS terms are an aggregate residual; switch composite is not causal attribution.,1957.3606399999994,-3127.675594534729,3432.109436435122,0.0001030537353981262,0.0,1652.9266950458718,0.8,-9.094947017729282e-13
QNI-upper-20250704T1615,7,0.5714285714285714,2,C-partial,Other LHS terms are an aggregate residual; switch composite is not causal attribution.,2023.7628399999999,1804.0327523766239,-1226.3571428571393,0.00011736363428579725,0.0,1446.087113116881,0.5714285714285714,0.0
QNI-upper-20250712T1610,12,0.5833333333333334,3,C-partial,Other LHS terms are an aggregate residual; switch composite is not causal attribution.,1953.59035,1553.4098044115115,-1367.0678625396101,-0.00019606465678432888,-254.5531895076715,2021.8017937004267,0.4166666666666667,2.2737367544323206e-13
QNI-upper-20250826T0730,7,0.8571428571428571,3,C-partial,Other LHS terms are an aggregate residual; switch composite is not causal attribution.,1385.1195699999998,-1132.5418123955767,1259.095823095825,-3.7469327504202546e-06,-72.78415582309424,1331.3497188697788,0.7142857142857143,-2.2737367544323206e-13
QNI-upper-20250902T0605,9,1.0,1,C-partial,Other LHS terms are an aggregate residual; switch composite is not causal attribution.,261.62994000000003,86.57242854720812,144.21725888324883,30.840243838578598,0.0,8.730964466963087e-06,1.0,5.684341886080802e-14
QNI-upper-20250929T0930,8,0.25,2,C-partial,Other LHS terms are an aggregate residual; switch composite is not causal attribution.,2022.83719,-3039.888716153846,3299.849316239317,4.19658102760162e-05,0.0,1762.8765479487186,0.25,2.2737367544323206e-13
QNI-upper-20251012T1230,2,1.0,2,C-partial,Other LHS terms are an aggregate residual; switch composite is not causal attribution.,1222.09161,-324.50511327272767,426.5999999999988,-3.0233763244761765e-05,1119.996754545454,-1.038961897847912e-06,0.5,0.0
QNI-upper-20251122T1630,17,0.6470588235294118,2,C-partial,Other LHS terms are an aggregate residual; switch composite is not causal attribution.,1738.2604500000002,2627.317222537314,-2445.9823383084545,1.4925241805316273e-07,0.0,1556.925565621888,0.0,2.2737367544323206e-13
QNI-upper-20251206T0630,8,0.25,2,C-partial,Other LHS terms are an aggregate residual; switch composite is not causal attribution.,1634.64003,72.63369639215661,91.29282352941135,4.976793411764444,0.0,1465.7367166666677,0.25,0.0
QNI-upper-20260110T1605,30,1.0,2,C-partial,Other LHS terms are an aggregate residual; switch composite is not causal attribution.,619.7740899999999,178.4474245093946,346.58829853862227,-31.947806847599278,126.68618062630463,-6.826722341202185e-06,0.2,1.1368683772161603e-13
QNI-upper-20260124T1845,6,1.0,1,C-partial,Other LHS terms are an aggregate residual; switch composite is not causal attribution.,162.52651000000003,175.7526883820459,-21.02576200417529,7.799583121085644,0.0,5.010438144381624e-07,0.0,-2.842170943040401e-14
QNI-upper-20260205T1550,8,0.75,2,C-partial,Other LHS terms are an aggregate residual; switch composite is not causal attribution.,659.0749900000001,440.17270122129435,96.83908141962411,3.5025524321503028,0.0,118.56065492693173,0.0,-4.547473508864641e-13
QNI-upper-20260303T0600,17,0.35294117647058826,5,C-partial,Other LHS terms are an aggregate residual; switch composite is not causal attribution.,838.4620400000001,-0.9769199199199203,2.0,-60.6997438438437,38.263744274274245,859.8749594894894,0.29411764705882354,1.1368683772161603e-13
QNI-upper-20260413T1350,22,0.9090909090909091,3,C-partial,Other LHS terms are an aggregate residual; switch composite is not causal attribution.,1984.0832699999999,373.3779283450988,481.34372549019395,-75.52542324705745,1415.61626,-210.72922058823553,0.8636363636363636,2.2737367544323206e-13
QNI-upper-20260511T1040,1,0.0,2,C-partial,Other LHS terms are an aggregate residual; switch composite is not causal attribution.,731.04565,0.0,0.0,0.0,0.0,731.04565,0.0,0.0
QNI-upper-20260528T0645,8,0.0,1,C-partial,Other LHS terms are an aggregate residual; switch composite is not causal attribution.,160.94841,0.0,0.0,0.0,0.0,160.94841,0.0,0.0
QNI-upper-20260630T0730,15,1.0,2,C-partial,Other LHS terms are an aggregate residual; switch composite is not causal attribution.,1348.88641,808.3486704779807,-77.26268557861489,-66.70122750733087,684.5016558954524,-3.287487061243155e-06,0.6,-2.2737367544323206e-13
QNI-upper-20260702T0700,8,0.875,3,C-partial,Other LHS terms are an aggregate residual; switch composite is not causal attribution.,847.56746,0.0,-3.0,-24.00000000000003,169.47294393393383,705.0945160660661,0.75,0.0
QNI-upper-20260721T0440,16,0.625,2,C-partial,Other LHS terms are an aggregate residual; switch composite is not causal attribution.,430.81348,426.14266648225464,-2.821586638830656,15.599167338204763,0.0,-8.106767181628584,0.0,-1.7053025658242404e-13
QNI-upper-20260815T1130,12,0.75,2,C-partial,Other LHS terms are an aggregate residual; switch composite is not causal attribution.,1116.65494,252.15003658280915,-155.14712788259934,-32.0733279874213,0.0,1051.7253592872114,0.75,0.0
