direction,constraint,episodes,median_drop_mw,p90_drop_mw,max_drop_mw
lower,N>>NIL_964_84_S,1098,176.40107999999998,253.70408100000012,672.5148899999999
lower,N>>NIL_85_86_S,531,180.5362100000001,268.9040600000001,1057.72928
lower,QN+RAISE_NIL,480,139.068305,210.58060399999997,822.7292299999999
lower,N>>NIL_964_88_S,398,144.00888499999996,224.339889,474.23998
lower,N>>NIL_86_85_S,299,148.67863999999997,219.08338799999999,423.52243
lower,Q:N_760,281,188.92248,268.32876,440.98645
lower,QN_590,245,177.39516,275.931946,373.99952999999994
lower,N>>16_8_39,108,300.34035,741.0095709999998,997.70445
lower,QNI_SOUTH_590_DYN,104,189.30351,266.412781,417.27545
lower,N>>LDTM_964_81_OPEN,102,164.37656999999996,223.98022200000005,338.4786999999999
lower,N>>NIL_8U_86_S,53,176.67633,255.69079800000006,1012.49908
lower,F_Q++NIL_R5,48,176.84499999999997,249.76823800000008,294.29804
lower,N>>81_964_82,44,211.68121500000007,310.69702400000006,402.61584999999997
lower,Q^^NIL_CS,36,418.13992500000006,871.874875,1293.08435
lower,F_Q++NIL_R6,34,138.38992500000006,189.14901800000004,231.06015999999988
lower,N>>LDTM_964_81_CL,28,148.59973000000002,238.34073000000015,318.88537999999994
lower,N>>NIL_39,28,312.88515,481.944136,825.15475
lower,N>>17_39_11,26,286.36844500000007,446.631305,702.7235499999999
lower,N>>81_964_84,24,181.74373499999996,303.14991000000003,526.49815
lower,N>>X-17+76_39_11,19,330.16435,437.629014,564.40149
lower,N>>9W7_9W2_965,16,129.29689999999994,259.7383850000001,287.83913000000007
lower,Q:N_AR330BS1_SVC_OSC,16,192.48467999999997,247.7384,266.07911
lower,F_NVS+85_L5,13,186.40974999999997,274.383864,353.84267
lower,N>>LDTM_964_84_OPEN,13,168.16607000000002,290.96746600000006,339.46247000000005
lower,Q>>BKBM_BKGO_BKBS,11,199.71873000000005,253.25779,290.7884
lower,F_NVS++85_L5,10,149.26668999999998,195.68632699999995,219.88090999999997
lower,N>>16_8_18,10,228.593595,265.43237700000003,296.73237
lower,N>>BYSW_8_16,10,374.84845500000006,719.4053999999998,1245.7846200000001
lower,F_Q++NIL_R60,8,136.18937500000004,217.00489199999993,306.31994999999995
lower,N>>X_17+KCTX_39_11,6,312.224865,442.39229,469.89032999999995
lower,N>>NIL_39_11,5,681.52362,738.227046,769.64823
lower,N>>NIL_39_17,5,375.92345,435.67544799999996,448.40788
lower,CA_SYDS_59839EB2_2,4,350.168865,442.370734,469.74199
lower,N>>12_39_14,4,323.46372,447.25319800000005,478.00525000000005
lower,QN_890,4,274.528395,411.20962800000007,466.20609
lower,Q^^N_8U+DMTWLS_SRAR,4,458.891365,659.74374,674.64885
lower,#R035898_020_RAMP_F,3,151.12299000000007,399.8789340000001,462.06792
lower,N>>965_9W2_9W8,3,208.27384000000006,229.73269599999998,235.09740999999997
lower,N>>MPWW_71_NIL,3,243.19378999999998,361.57080600000006,391.16506000000004
lower,N>>NIL_86_8U_S,3,278.14652,1158.194136,1378.20604
lower,QNI_SOUTH_890_DYN,3,173.63025000000005,223.23844199999996,235.64048999999994
lower,#R031091_023_RAMP_F,2,426.68882500000007,604.2760850000001,648.6729
lower,#R031311_023_RAMP_F,2,461.898835,577.017903,605.79767
lower,#R031321_001_RAMP_F,2,404.41783,470.04015000000004,486.44573
lower,#R031333_023_RAMP_F,2,550.39611,799.7486620000001,862.0868
lower,#R031340_023_RAMP_V,2,483.416715,743.3449430000001,808.327
lower,#R032191_018_RAMP_V,2,391.52475000000004,570.8248780000001,615.6499100000001
lower,#R032207_018_RAMP_V,2,434.77725499999997,648.079299,701.40481
lower,#R032220_018_RAMP_V,2,268.339835,325.4185269999999,339.68819999999994
lower,#R032743_017_RAMP_F,2,380.736175,430.093947,442.43339
lower,#R032872_018_RAMP_V,2,231.31217500000002,283.30194700000004,296.29939
lower,#R032886_018_RAMP_F,2,267.870515,334.99847100000005,351.78046000000006
lower,#R033023_001_RAMP_F,2,104.86299000000008,110.10275800000008,111.41270000000009
lower,#R033123_001_RAMP_F,2,119.97499500000004,121.810999,122.26999999999998
lower,#R033185_001_RAMP_F,2,111.66116,117.52672800000008,118.99312000000009
lower,#R033288_020_RAMP_F,2,108.86778000000004,110.098268,110.40589
lower,#R033906_011_RAMP_F,2,473.64453,610.9245619999999,645.24457
lower,#R034157_011_RAMP_F,2,499.43339000000003,738.007774,797.65137
lower,#R034228_011_RAMP_F,2,525.45088,613.77972,635.86193
lower,#R034318_011_RAMP_V,2,481.11984,582.36312,607.67394
lower,#R034339_011_RAMP_F,2,478.93913499999996,641.569171,682.22668
lower,#R034885_002_RAMP_F,2,142.25865,142.36946599999996,142.39716999999996
lower,#R035497_001_RAMP_F,2,166.978005,167.407609,167.51501000000002
lower,#R035674_001_RAMP_F,2,307.551155,394.39275100000003,416.10315
lower,#R035804_013_RAMP_F,2,472.66639,502.533278,510.0
lower,#R035915_007_RAMP_V,2,156.67851000000002,168.179574,171.05484
lower,CA_SYDS_59839EB2_1,2,196.03638,210.8772039999999,214.58740999999986
lower,N>>8_39_16,2,145.503955,160.65386300000003,164.44134000000003
lower,N>>MA_CB172A_17_11,2,299.52811999999994,406.08372799999995,432.72263
lower,N>>NIL_9W2_9W8,2,182.39936499999993,222.39677699999996,232.39612999999997
lower,#R030716_018_RAMP_V,1,517.4025,517.4025,517.4025
lower,#R030722_018_RAMP_V,1,463.41097,463.41097,463.41097
lower,#R030827_001_RAMP_V,1,295.5802000000001,295.5802000000001,295.5802000000001
lower,#R030896_006_RAMP_F,1,223.21420999999998,223.21420999999998,223.21420999999998
lower,#R030934_020_RAMP_F,1,171.16821000000004,171.16821000000004,171.16821000000004
lower,#R030960_010_RAMP_V,1,348.99889,348.99889,348.99889
lower,#R030986_010_RAMP_F,1,155.6648,155.6648,155.6648
lower,#R030986_010_RAMP_V,1,178.11478,178.11478,178.11478
lower,#R031254_024_RAMP_F,1,454.89834,454.89834,454.89834
lower,#R031262_024_RAMP_V,1,466.73943999999995,466.73943999999995,466.73943999999995
lower,#R031448_001_RAMP_F,1,328.0352899999999,328.0352899999999,328.0352899999999
lower,#R031462_024_RAMP_F,1,434.49856,434.49856,434.49856
lower,#R031468_024_RAMP_F,1,451.05909,451.05909,451.05909
lower,#R031480_024_RAMP_V,1,341.65741,341.65741,341.65741
lower,#R031524_015_RAMP_F,1,455.10342,455.10342,455.10342
lower,#R031538_020_RAMP_F,1,427.7387100000001,427.7387100000001,427.7387100000001
lower,#R031538_020_RAMP_V,1,196.45671,196.45671,196.45671
lower,#R031640_021_RAMP_F,1,167.4607000000001,167.4607000000001,167.4607000000001
lower,#R031668_021_RAMP_F,1,189.3473899999999,189.3473899999999,189.3473899999999
lower,#R031676_001_RAMP_F,1,684.8161600000001,684.8161600000001,684.8161600000001
lower,#R031685_001_RAMP_V,1,185.70563000000004,185.70563000000004,185.70563000000004
lower,#R031687_021_RAMP_F,1,354.88042999999993,354.88042999999993,354.88042999999993
lower,#R031687_021_RAMP_V,1,716.22637,716.22637,716.22637
lower,#R031699_001_RAMP_V,1,218.50339999999994,218.50339999999994,218.50339999999994
lower,#R031881_023_RAMP_F,1,638.83794,638.83794,638.83794
lower,#R031890_013_RAMP_V,1,751.21847,751.21847,751.21847
lower,#R032006_015_RAMP_V,1,255.95767999999998,255.95767999999998,255.95767999999998
lower,#R032117_020_RAMP_F,1,208.44433000000004,208.44433000000004,208.44433000000004
lower,#R032117_020_RAMP_V,1,124.63230999999996,124.63230999999996,124.63230999999996
lower,#R032548_009_RAMP_F,1,115.80521999999996,115.80521999999996,115.80521999999996
lower,#R032724_015_RAMP_F,1,141.62197000000003,141.62197000000003,141.62197000000003
lower,#R032732_017_RAMP_V,1,243.50323000000003,243.50323000000003,243.50323000000003
lower,#R032762_001_RAMP_F,1,349.4320799999999,349.4320799999999,349.4320799999999
lower,#R032888_001_RAMP_F,1,139.24136999999996,139.24136999999996,139.24136999999996
lower,#R032894_018_RAMP_F,1,192.07197999999994,192.07197999999994,192.07197999999994
lower,#R032903_020_RAMP_F,1,132.42782999999997,132.42782999999997,132.42782999999997
lower,#R032903_020_RAMP_V,1,118.92073000000005,118.92073000000005,118.92073000000005
lower,#R032926_001_RAMP_F,1,110.76973999999996,110.76973999999996,110.76973999999996
lower,#R033042_001_RAMP_F,1,98.10501,98.10501,98.10501
lower,#R033064_001_RAMP_F,1,163.28421000000003,163.28421000000003,163.28421000000003
lower,#R033065_002_RAMP_V,1,137.82879000000003,137.82879000000003,137.82879000000003
lower,#R033335_001_RAMP_F,1,121.64998999999989,121.64998999999989,121.64998999999989
lower,#R033470_018_RAMP_F,1,292.02922,292.02922,292.02922
lower,#R033470_018_RAMP_V,1,119.4498900000001,119.4498900000001,119.4498900000001
lower,#R033480_018_RAMP_F,1,196.48128999999994,196.48128999999994,196.48128999999994
lower,#R033491_018_RAMP_F,1,114.79227999999989,114.79227999999989,114.79227999999989
lower,#R033494_013_RAMP_F,1,136.14873999999998,136.14873999999998,136.14873999999998
lower,#R033565_001_RAMP_F,1,125.0,125.0,125.0
lower,#R033674_011_RAMP_V,1,388.0,388.0,388.0
lower,#R033772_011_RAMP_V,1,439.35475999999994,439.35475999999994,439.35475999999994
lower,#R033895_018_RAMP_F,1,709.93172,709.93172,709.93172
lower,#R033927_011_RAMP_V,1,424.1270999999999,424.1270999999999,424.1270999999999
lower,#R034034_011_RAMP_V,1,318.0,318.0,318.0
lower,#R034283_011_RAMP_F,1,706.67164,706.67164,706.67164
lower,#R034283_011_RAMP_V,1,291.46172,291.46172,291.46172
lower,#R034298_011_RAMP_F,1,412.28304,412.28304,412.28304
lower,#R034347_011_RAMP_F,1,538.77363,538.77363,538.77363
lower,#R034358_011_RAMP_F,1,699.25002,699.25002,699.25002
lower,#R034420_020_RAMP_V,1,224.08605999999997,224.08605999999997,224.08605999999997
lower,#R034531_002_RAMP_V,1,537.98844,537.98844,537.98844
lower,#R034570_011_RAMP_F,1,355.16182000000003,355.16182000000003,355.16182000000003
lower,#R034772_015_RAMP_F,1,223.2431899999999,223.2431899999999,223.2431899999999
lower,#R035050_018_RAMP_F,1,167.56560999999988,167.56560999999988,167.56560999999988
lower,#R035063_010_RAMP_V,1,179.23982,179.23982,179.23982
lower,#R035073_016_RAMP_V,1,296.82181,296.82181,296.82181
lower,#R035170_011_RAMP_F,1,337.24133000000006,337.24133000000006,337.24133000000006
lower,#R035211_011_RAMP_V,1,401.80132000000003,401.80132000000003,401.80132000000003
lower,#R035393_007_RAMP_F,1,924.85473,924.85473,924.85473
lower,#R035495_011_RAMP_F,1,289.09430999999995,289.09430999999995,289.09430999999995
lower,#R035495_011_RAMP_V,1,179.44440999999995,179.44440999999995,179.44440999999995
lower,#R035632_007_RAMP_F,1,858.0034800000001,858.0034800000001,858.0034800000001
lower,#R035664_001_RAMP_F,1,508.4598799999999,508.4598799999999,508.4598799999999
lower,#R035664_001_RAMP_V,1,202.34000000000003,202.34000000000003,202.34000000000003
lower,#R035942_013_RAMP_F,1,369.97024999999996,369.97024999999996,369.97024999999996
lower,#R035942_013_RAMP_V,1,359.98064999999997,359.98064999999997,359.98064999999997
lower,#R036018_013_RAMP_F,1,351.77732000000003,351.77732000000003,351.77732000000003
lower,#R036018_013_RAMP_V,1,500.37703999999997,500.37703999999997,500.37703999999997
lower,#R036135_020_RAMP_F,1,173.17824999999993,173.17824999999993,173.17824999999993
lower,#R036135_020_RAMP_V,1,170.88509,170.88509,170.88509
lower,#R036149_013_RAMP_F,1,143.06724999999994,143.06724999999994,143.06724999999994
lower,#R036216_001_RAMP_F,1,152.4178199999999,152.4178199999999,152.4178199999999
lower,#R036216_001_RAMP_V,1,148.59751000000006,148.59751000000006,148.59751000000006
lower,#R036255_005_RAMP_V,1,401.7321400000001,401.7321400000001,401.7321400000001
lower,#R036273_005_RAMP_V,1,371.97852,371.97852,371.97852
lower,#R036285_013_RAMP_V,1,458.92788999999993,458.92788999999993,458.92788999999993
lower,#R036299_025_RAMP_V,1,116.14319999999998,116.14319999999998,116.14319999999998
lower,#R036344_001_RAMP_V,1,344.65839000000005,344.65839000000005,344.65839000000005
lower,#R036429_002_RAMP_F,1,114.20998000000009,114.20998000000009,114.20998000000009
lower,#R036498_019_RAMP_F,1,114.09181000000001,114.09181000000001,114.09181000000001
lower,#R036498_019_RAMP_V,1,141.3511699999999,141.3511699999999,141.3511699999999
lower,#R036510_002_RAMP_F,1,171.0,171.0,171.0
lower,#R036636_001_RAMP_F,1,122.20000000000005,122.20000000000005,122.20000000000005
lower,CA_BRIS_57A00625_1,1,354.39778,354.39778,354.39778
lower,N>>11_39_17,1,228.4189,228.4189,228.4189
lower,N>>22_23_25,1,411.83074999999997,411.83074999999997,411.83074999999997
lower,N>>76_39_11,1,376.33632,376.33632,376.33632
lower,N>>8_16_39,1,242.37377000000004,242.37377000000004,242.37377000000004
lower,N>>BYSW_16_8,1,115.26290000000006,115.26290000000006,115.26290000000006
lower,N>>LDTM_964_84_CL,1,145.6295100000001,145.6295100000001,145.6295100000001
lower,N>>NIL_86_NIL_S,1,156.23901999999998,156.23901999999998,156.23901999999998
lower,NRM_QLD1_NSW1,1,360.08281999999997,360.08281999999997,360.08281999999997
lower,Q^^N_8E+DMTWLS_SRAR,1,720.77591,720.77591,720.77591
upper,N>>NIL_33_34,1525,160.25246,236.864682,1252.95085
upper,N^^Q_NIL_KPP_1,154,150.06502999999998,218.0620210000001,391.8139699999999
upper,N>>NIL_86_85_N,149,114.66073,168.31034000000017,670.4119499999999
upper,Q>>NIL_BCCP_RGLC,130,506.818665,1158.3790990000016,1659.6438600000001
upper,Q>>TRSP_BKSP_MESP,127,206.32273,295.93843400000003,405.87646000000007
upper,NQ_950_DYN_TEST,81,124.71556000000001,183.83965999999998,252.70139000000006
upper,Q>>X_HATR2_HATR_HATR,71,186.46627,331.22211000000004,542.2336
upper,N^^Q_ARSR_KPP_1,69,97.67296000000002,121.59589,205.68147
upper,Q>>NIL_LCCP_BCCP,51,400.66344000000004,886.68506,1109.66876
upper,Q^^TR_CLHA_-600,51,412.23961,625.09556,778.06178
upper,NQ_950_TEST,50,114.44425999999999,178.27658900000006,244.06588
upper,N>>LDTM_33_34_OPEN,44,160.06547999999998,300.34285500000016,362.98195
upper,N>>LDTM_33_34_CL,32,159.55417,207.72620899999995,315.64846000000006
upper,Q>>MESP_BKSP_TRSP,30,177.639315,265.7099600000001,484.03438
upper,Q>>NIL_CPWU_CLWU,26,314.75795,519.19152,1556.9256
upper,Q>>NIL_CLWU_RGLC,25,420.27039,897.2482440000001,1286.63052
upper,Q>>LCCP_BCCP_CLWU,22,278.27323,585.793704,1162.98188
upper,Q>>NIL_WOSP_PWSP,22,413.72951,752.3525350000003,1617.37606
upper,F_NVS+LDTW_R5,17,110.59861,151.273674,171.51329
upper,NQ_630,16,99.7538,151.32932,162.96102
upper,N^^Q_ARDM_KPP_1,15,115.81289000000001,147.67038399999998,153.98555000000002
upper,Q>>RGLC_CLWU_BCCP,14,278.658145,372.9921860000001,924.8193
upper,N>>31_33_34,13,141.36740999999998,198.642032,316.33826
upper,F_NVS++LDTW_R5,12,186.261,332.04671900000005,465.39643
upper,N>>33_34_QMAX_N,12,186.357325,291.4923720000001,323.10934
upper,Q>>CPGG1_GGGT2_WUTB,12,175.816345,595.8170190000002,846.05414
upper,Q^^TR_TRBK_-1300,10,924.88177,1358.117213,1415.61626
upper,Q^^TR_TRBK_-700,10,367.2187,612.0198539999999,817.66998
upper,N>>32_34_33,9,183.74151,218.57484200000005,232.52873
upper,Q_TR_WOSP+WOPW_3200S,9,210.67144000000002,406.74448800000005,549.99144
upper,Q>>NIL_BCRG_CLWU,8,184.49536499999994,587.891333,595.3724500000001
upper,Q>>NIL_MRTX5_MRTX4,8,147.22637499999996,369.28842,740.8766300000001
upper,Q>>RGLC_BCCP_CLWU,8,273.28309,384.75311199999993,549.50185
upper,N^^Q_AR_VC_KPP_1,7,126.09817999999996,154.95860400000004,158.44182
upper,Q^^TR_TRBK_-1200,7,266.84177,395.55245600000006,456.24698
upper,N^^Q_AR_VC_MPP_1,6,109.618325,168.349905,183.63864
upper,N^^Q_BCDM_KPP_1,6,88.31728,104.737085,116.83936
upper,NRM_NSW1_QLD1,5,329.80027,470.488286,503.90719
upper,N^^Q_ARDM_CPP_3,5,96.46587,106.72438199999999,111.25174999999999
upper,N^^Q_DMSR_KPP_1,5,146.54146,177.02934,177.79603999999998
upper,Q^^TR_TRBK_-1100,5,447.7891,727.3948600000001,750.6114600000001
upper,,5,113.80607000000002,191.88457200000002,194.00028000000003
upper,N>>NIL_88_84_N,4,113.04067500000002,137.199733,145.09744
upper,N^^Q_AR_VC_MPP_2,4,109.46294499999999,133.78106100000002,141.72111
upper,Q>>BCCP_CLWU_RGLC,4,236.07297500000004,504.3072040000001,587.0708500000001
upper,Q^^NIL_TR_CLHA,4,183.273685,212.60944400000002,221.92082000000005
upper,#R034339_001_RAMP_F,3,176.00385,474.58897800000005,549.23526
upper,CA_BRIS_582D74B3_1,3,264.60606000000007,378.65174,407.16316
upper,F_NVS++LDTW_R6,3,166.0833,200.338292,208.90204
upper,F_NVS+86_R5,3,155.29983,167.173718,170.14219
upper,N::Q_4+17_KC,3,140.33682,143.01354,143.68272000000002
upper,Q>>BCCP_LCCP_CLWU,3,223.37925,326.93403400000005,352.82273000000004
upper,Q>>BRTX1_CGHA_WDHA,3,161.81285000000003,297.92341,331.95105
upper,Q>>LCCP_CLWU_BCCP,3,305.35145,493.633146,540.70357
upper,Q>>NIL_WOSP_WOPW,3,163.21095,232.67438199999998,250.04023999999998
upper,#R030716_001_RAMP_F,2,230.63523,285.605974,299.34866
upper,#R031171_006_RAMP_F,2,198.70715,210.303246,213.20227
upper,#R033470_005_RAMP_F,2,280.715605,366.966737,388.52952
upper,#R033863_001_RAMP_V,2,504.52896499999997,781.964721,851.32366
upper,#R033919_002_RAMP_V,2,400.60737500000005,516.919803,545.99791
upper,#R034157_001_RAMP_F,2,337.206445,501.328265,542.35872
upper,#R034298_001_RAMP_F,2,217.820965,247.196649,254.54057
upper,#R034318_001_RAMP_F,2,404.180575,535.2006909999999,567.9557199999999
upper,#R034407_001_RAMP_V,2,590.04513,823.973402,882.45547
upper,#R034511_001_RAMP_V,2,243.92062499999997,270.610957,277.28354
upper,#R034561_001_RAMP_F,2,446.77148,622.566496,666.51525
upper,#R034828_002_RAMP_V,2,236.327205,265.03444899999994,272.2112599999999
upper,#R035139_002_RAMP_V,2,199.61883500000002,245.750047,257.28285
upper,#R035170_001_RAMP_F,2,269.21786499999996,405.77666099999993,439.91635999999994
upper,#R035211_001_RAMP_F,2,396.042345,512.7248050000001,541.8954200000001
upper,#R035632_010_RAMP_F,2,190.21988000000002,264.38640000000004,282.92803000000004
upper,#R035674_004_RAMP_F,2,304.09066,477.254484,520.54544
upper,#R036125_003_RAMP_V,2,558.5508950000001,754.561467,803.56411
upper,#R036522_001_RAMP_F,2,593.531405,957.3703129999999,1048.3300399999998
upper,#R036616_003_RAMP_V,2,172.67600000000004,173.5848400000001,173.8120500000001
upper,CA_BRIS_569B1432_1,2,291.70088499999997,310.168705,314.78566
upper,CA_SYDS_566A36E5_1,2,219.21166999999997,223.11014199999997,224.08475999999996
upper,N>>24_90_93,2,263.8828500000001,335.42960200000005,353.31629000000004
upper,N^^Q_ARDM_CPP_4,2,116.845795,121.981543,123.26548
upper,N^^Q_LS_SVC_KPP_1,2,120.16430499999996,141.34583699999996,146.64121999999998
upper,Q>>BCCP_BCRG_CLWU,2,185.36861999999996,247.77398,263.37532
upper,Q>WOCY_WOGP_WOPW,2,374.91324000000003,471.101304,495.14832
upper,Q^^TR_TRBK_-750,2,215.149215,271.46007499999996,285.53779
upper,#NSW1-QLD1_RAMP_I_F,1,158.87528999999998,158.87528999999998,158.87528999999998
upper,#R030722_001_RAMP_F,1,107.01997,107.01997,107.01997
upper,#R030722_006_RAMP_V,1,238.93526,238.93526,238.93526
upper,#R030960_003_RAMP_V,1,324.86695999999995,324.86695999999995,324.86695999999995
upper,#R031041_007_RAMP_V,1,119.39603,119.39603,119.39603
upper,#R031091_007_RAMP_V,1,438.82195999999993,438.82195999999993,438.82195999999993
upper,#R031097_003_RAMP_V,1,167.77479,167.77479,167.77479
upper,#R031254_001_RAMP_F,1,622.0,622.0,622.0
upper,#R031262_001_RAMP_F,1,325.06308,325.06308,325.06308
upper,#R031311_001_RAMP_F,1,559.89337,559.89337,559.89337
upper,#R031318_001_RAMP_F,1,486.99399,486.99399,486.99399
upper,#R031333_001_RAMP_V,1,309.34119,309.34119,309.34119
upper,#R031340_001_RAMP_V,1,413.52667,413.52667,413.52667
upper,#R031349_005_RAMP_V,1,338.37334,338.37334,338.37334
upper,#R031419_001_RAMP_F,1,381.38668,381.38668,381.38668
upper,#R031449_007_RAMP_V,1,257.29416000000003,257.29416000000003,257.29416000000003
upper,#R031455_001_RAMP_V,1,497.17486,497.17486,497.17486
upper,#R031462_001_RAMP_V,1,202.14678999999998,202.14678999999998,202.14678999999998
upper,#R031468_001_RAMP_F,1,174.40358,174.40358,174.40358
upper,#R031468_006_RAMP_V,1,282.1928,282.1928,282.1928
upper,#R031480_001_RAMP_V,1,298.74588,298.74588,298.74588
upper,#R031495_001_RAMP_V,1,518.70252,518.70252,518.70252
upper,#R031519_002_RAMP_V,1,315.72288000000003,315.72288000000003,315.72288000000003
upper,#R031587_003_RAMP_V,1,551.82082,551.82082,551.82082
upper,#R031602_001_RAMP_V,1,413.63350999999994,413.63350999999994,413.63350999999994
upper,#R031640_005_RAMP_V,1,536.20534,536.20534,536.20534
upper,#R031654_007_RAMP_V,1,459.82289000000003,459.82289000000003,459.82289000000003
upper,#R031668_007_RAMP_F,1,545.3519200000001,545.3519200000001,545.3519200000001
upper,#R031682_001_RAMP_F,1,500.56183999999996,500.56183999999996,500.56183999999996
upper,#R031687_001_RAMP_F,1,550.05366,550.05366,550.05366
upper,#R031695_001_RAMP_F,1,564.7763399999999,564.7763399999999,564.7763399999999
upper,#R031764_001_RAMP_F,1,140.75397000000004,140.75397000000004,140.75397000000004
upper,#R031793_001_RAMP_V,1,155.87946,155.87946,155.87946
upper,#R031797_004_RAMP_V,1,145.03125,145.03125,145.03125
upper,#R031809_001_RAMP_F,1,134.67587000000003,134.67587000000003,134.67587000000003
upper,#R031871_001_RAMP_V,1,155.43617,155.43617,155.43617
upper,#R031881_007_RAMP_V,1,457.64328,457.64328,457.64328
upper,#R031889_007_RAMP_V,1,418.77457000000004,418.77457000000004,418.77457000000004
upper,#R031893_001_RAMP_F,1,240.12855000000002,240.12855000000002,240.12855000000002
upper,#R031944_003_RAMP_F,1,159.96809999999994,159.96809999999994,159.96809999999994
upper,#R032117_001_RAMP_F,1,201.03455000000002,201.03455000000002,201.03455000000002
upper,#R032130_001_RAMP_V,1,744.70369,744.70369,744.70369
upper,#R032181_010_RAMP_F,1,293.02217,293.02217,293.02217
upper,#R032184_010_RAMP_F,1,395.53905999999995,395.53905999999995,395.53905999999995
upper,#R032191_006_RAMP_V,1,677.06716,677.06716,677.06716
upper,#R032207_001_RAMP_F,1,130.84308,130.84308,130.84308
upper,#R032207_006_RAMP_V,1,610.43562,610.43562,610.43562
upper,#R032220_001_RAMP_F,1,128.27066000000002,128.27066000000002,128.27066000000002
upper,#R032220_006_RAMP_V,1,644.68188,644.68188,644.68188
upper,#R032280_001_RAMP_F,1,123.82071999999994,123.82071999999994,123.82071999999994
upper,#R032292_001_RAMP_F,1,155.4228300000001,155.4228300000001,155.4228300000001
upper,#R032724_001_RAMP_F,1,130.78118000000006,130.78118000000006,130.78118000000006
upper,#R032732_001_RAMP_F,1,585.7701300000001,585.7701300000001,585.7701300000001
upper,#R032743_001_RAMP_F,1,612.13756,612.13756,612.13756
upper,#R032872_001_RAMP_V,1,289.97053999999997,289.97053999999997,289.97053999999997
upper,#R032886_004_RAMP_V,1,417.42964000000006,417.42964000000006,417.42964000000006
upper,#R032894_004_RAMP_F,1,787.86976,787.86976,787.86976
upper,#R032903_001_RAMP_F,1,149.3003,149.3003,149.3003
upper,#R032927_001_RAMP_F,1,720.49532,720.49532,720.49532
upper,#R033112_001_RAMP_V,1,1584.93502,1584.93502,1584.93502
upper,#R033118_001_RAMP_F,1,1629.25716,1629.25716,1629.25716
upper,#R033126_001_RAMP_F,1,250.21533,250.21533,250.21533
upper,#R033267_001_RAMP_F,1,185.06907,185.06907,185.06907
upper,#R033284_001_RAMP_F,1,599.55924,599.55924,599.55924
upper,#R033296_008_RAMP_V,1,184.17268,184.17268,184.17268
upper,#R033458_001_RAMP_V,1,558.16039,558.16039,558.16039
upper,#R033476_001_RAMP_V,1,939.0298,939.0298,939.0298
upper,#R033480_007_RAMP_F,1,264.94307000000003,264.94307000000003,264.94307000000003
upper,#R033491_007_RAMP_F,1,312.98326,312.98326,312.98326
upper,#R033612_001_RAMP_V,1,1248.43314,1248.43314,1248.43314
upper,#R033772_001_RAMP_F,1,709.3638,709.3638,709.3638
upper,#R033852_001_RAMP_F,1,249.08293999999995,249.08293999999995,249.08293999999995
upper,#R033895_001_RAMP_F,1,222.23007,222.23007,222.23007
upper,#R033905_001_RAMP_F,1,443.84551999999996,443.84551999999996,443.84551999999996
upper,#R033906_001_RAMP_F,1,335.54347,335.54347,335.54347
upper,#R033910_001_RAMP_V,1,412.69375999999994,412.69375999999994,412.69375999999994
upper,#R033913_002_RAMP_V,1,1762.8766,1762.8766,1762.8766
upper,#R033916_001_RAMP_F,1,410.89184,410.89184,410.89184
upper,#R033917_002_RAMP_V,1,1044.14871,1044.14871,1044.14871
upper,#R033927_001_RAMP_F,1,224.50596000000002,224.50596000000002,224.50596000000002
upper,#R033999_003_RAMP_V,1,104.37736,104.37736,104.37736
upper,#R034034_001_RAMP_F,1,572.77549,572.77549,572.77549
upper,#R034081_001_RAMP_V,1,298.2680200000001,298.2680200000001,298.2680200000001
upper,#R034131_003_RAMP_V,1,104.16587000000004,104.16587000000004,104.16587000000004
upper,#R034228_001_RAMP_F,1,410.90002,410.90002,410.90002
upper,#R034283_001_RAMP_F,1,618.36409,618.36409,618.36409
upper,#R034333_003_RAMP_V,1,500.51277,500.51277,500.51277
upper,#R034347_001_RAMP_F,1,393.70777000000004,393.70777000000004,393.70777000000004
upper,#R034358_001_RAMP_V,1,295.45745999999997,295.45745999999997,295.45745999999997
upper,#R034526_002_RAMP_F,1,1465.73675,1465.73675,1465.73675
upper,#R034531_001_RAMP_F,1,396.25685999999996,396.25685999999996,396.25685999999996
upper,#R034542_001_RAMP_F,1,330.28385000000003,330.28385000000003,330.28385000000003
upper,#R034546_001_RAMP_F,1,157.17138,157.17138,157.17138
upper,#R034570_001_RAMP_F,1,470.75461,470.75461,470.75461
upper,#R034772_001_RAMP_F,1,158.62498,158.62498,158.62498
upper,#R034831_001_RAMP_F,1,266.27978,266.27978,266.27978
upper,#R034867_002_RAMP_V,1,239.6658,239.6658,239.6658
upper,#R034868_002_RAMP_V,1,163.9995,163.9995,163.9995
upper,#R035031_001_RAMP_F,1,225.60368999999997,225.60368999999997,225.60368999999997
upper,#R035050_001_RAMP_F,1,667.36432,667.36432,667.36432
upper,#R035050_004_RAMP_V,1,108.67755999999999,108.67755999999999,108.67755999999999
upper,#R035063_003_RAMP_F,1,603.8571,603.8571,603.8571
upper,#R035073_003_RAMP_V,1,504.25917000000004,504.25917000000004,504.25917000000004
upper,#R035124_001_RAMP_F,1,260.62902,260.62902,260.62902
upper,#R035137_001_RAMP_F,1,100.62371,100.62371,100.62371
upper,#R035177_004_RAMP_V,1,175.19400000000002,175.19400000000002,175.19400000000002
upper,#R035194_001_RAMP_F,1,169.31301,169.31301,169.31301
upper,#R035218_001_RAMP_F,1,105.8255,105.8255,105.8255
upper,#R035340_003_RAMP_V,1,86.56475999999998,86.56475999999998,86.56475999999998
upper,#R035393_010_RAMP_F,1,425.55933,425.55933,425.55933
upper,#R035404_002_RAMP_V,1,631.57079,631.57079,631.57079
upper,#R035495_001_RAMP_F,1,588.9764600000001,588.9764600000001,588.9764600000001
upper,#R035651_004_RAMP_F,1,418.96001,418.96001,418.96001
upper,#R035651_005_RAMP_V,1,103.03,103.03,103.03
upper,#R035664_004_RAMP_V,1,597.55075,597.55075,597.55075
upper,#R035670_002_RAMP_V,1,729.7174299999999,729.7174299999999,729.7174299999999
upper,#R035746_001_RAMP_F,1,118.19672,118.19672,118.19672
upper,#R035804_001_RAMP_V,1,203.07759,203.07759,203.07759
upper,#R035874_001_RAMP_F,1,179.09582,179.09582,179.09582
upper,#R035898_008_RAMP_V,1,253.26067,253.26067,253.26067
upper,#R035942_001_RAMP_V,1,425.09529,425.09529,425.09529
upper,#R035995_001_RAMP_V,1,170.42510000000001,170.42510000000001,170.42510000000001
upper,#R036018_001_RAMP_F,1,583.81054,583.81054,583.81054
upper,#R036135_001_RAMP_F,1,182.80019,182.80019,182.80019
upper,#R036152_008_RAMP_F,1,696.44376,696.44376,696.44376
upper,#R036206_001_RAMP_F,1,493.14102,493.14102,493.14102
upper,#R036285_001_RAMP_V,1,308.52691999999996,308.52691999999996,308.52691999999996
upper,#R036343_008_RAMP_V,1,142.03184,142.03184,142.03184
upper,#R036501_008_RAMP_V,1,287.65455000000003,287.65455000000003,287.65455000000003
upper,#R036523_001_RAMP_F,1,190.24199,190.24199,190.24199
upper,#R036525_003_RAMP_V,1,233.13037999999995,233.13037999999995,233.13037999999995
upper,#R036666_003_RAMP_V,1,194.98623999999995,194.98623999999995,194.98623999999995
upper,F_NVS++85_R5,1,142.47294,142.47294,142.47294
upper,F_NVS+85_R5,1,161.91531,161.91531,161.91531
upper,N>>X_11+31_33_34,1,172.05748,172.05748,172.05748
upper,N^^Q_BCDM_CPP_3,1,127.57877000000002,127.57877000000002,127.57877000000002
upper,Q>>WUTB_CPWO1_CPWO2,1,268.95433999999995,268.95433999999995,268.95433999999995
upper,Q^^TR_CLHA_-550,1,244.75629000000004,244.75629000000004,244.75629000000004
upper,Q^^TR_CLHA_-900,1,709.17148,709.17148,709.17148
upper,Q^^TR_TRBK_-1000,1,356.79429000000005,356.79429000000005,356.79429000000005
