DUID,contribution_rows,total_abs_impact_mw_observations,mean_abs_bound_impact_mw,p95_abs_bound_impact_mw,total_tightening_mw_observations,total_relief_mw_observations,contraction_contribution_rows,reversal_contribution_rows,forced_contribution_rows,contraction_onsets,forced_onsets,active_months,active_constraint_versions,limit_move_spearman,flow_move_spearman,top_contributor_intervals,equation_versions,factor_min,factor_max,sensitivity_min,sensitivity_mean,sensitivity_max,sensitivity_abs_max,overall_rank,contraction_rank,reversal_rank,forced_rank
MURRAY,368317,9396144.581158787,25.996664226668823,208.29000000000002,5109020.958062831,4287123.623095957,15871,17893,24636,5995,3416,24.0,103.0,0.3412918977217814,0.1479892065865115,96602.0,9031,-1.0,1.0,-1.685897435897436,0.6848680527668582,1.1764705882352942,1.685897435897436,1,1,7,27
LIMOSF11,356202,6353231.583614596,19.17113880501617,359.1674634532216,3826195.2309145536,2527036.3527000425,18240,17915,37123,6599,4862,24.0,93.0,0.23616080719936922,0.1837342984474289,16057.0,18011,-1.0,1.0,-13.227513227513228,-0.7549986594743561,8.82280049566295,13.227513227513228,2,2,4,4
TUMUT3,231534,5290266.656007792,43.90880701062194,1132.969444243397,3113576.3314838265,2176690.3245239654,9166,11883,14043,2793,1787,24.0,40.0,0.22985254015210918,0.13095591418296673,22326.0,10759,-1.0,1.0,-2.0876826722338206,-0.8776965090660838,6.410256410256411,6.410256410256411,3,3,21,37
SUNRSF1,356202,4826412.729269343,14.42863635532334,216.32744986429012,2803859.9195156577,2022552.8097536855,18240,17915,37123,6599,4862,24.0,93.0,0.21647844295130822,0.16792752051896986,7747.0,18011,-1.0,1.0,-13.227513227513228,-0.7549988994813834,8.82280049566295,13.227513227513228,4,4,4,4
UPPTUMUT,238274,4699536.949529581,23.37977676769836,324.92526944781173,2491376.1453737696,2208160.804155811,9294,12257,14207,2838,1807,24.0,49.0,0.2509749330638432,0.09227839030689822,38173.0,10850,-1.0,1.0,-4.006410256410256,-0.89624459729649,1.3869625520110958,4.006410256410256,5,5,20,36
DARLSF1,349584,4239369.505929202,13.493542263716078,205.3766479705775,2266125.9089369425,1973243.5969922591,16649,17800,32833,6010,4426,24.0,90.0,0.1929111039686373,0.14881331695160688,14724.0,15423,-1.0,1.0,-13.404825737265416,-0.7219127496416053,5.874895046179681,13.404825737265416,6,6,9,8
STWF1,360466,3415561.259867487,9.436330404968736,76.8810154215669,1655682.5695252153,1759878.6903422715,18622,18193,37474,6707,4891,24.0,101.0,0.03504842028433247,0.016361036514621147,24918.0,18275,-1.0,1.0,-11.337868480725623,-0.8949910715754588,12.391573729863694,12.391573729863694,7,8,1,2
MUWAWF1,156120,3080831.2382223085,22.50620162699154,373.0991622641509,1727269.6045967427,1353561.6336255656,9303,6317,11006,3724,1918,24.0,70.0,0.13185960215641873,0.09129467029750404,11906.0,5423,-0.912,0.9159,-10.34013605442177,0.11473889596591548,10.898064516129033,10.898064516129033,8,7,32,41
AVLSF1,85717,2965465.833239256,30.21712431294801,430.9722577857143,1597200.8321422744,1368265.0010969818,9084,6223,27068,3462,3462,24.0,62.0,0.21570065219941364,0.1476428306161878,5961.0,12454,-1.0,1.0,-10.398740818467996,-0.8255663657934161,5.929471032745592,10.398740818467996,9,9,35,19
COLEASF1,349962,2462982.661066684,7.901828126902176,126.34956047212764,1275130.5324324574,1187852.1286342263,16648,17828,32834,6011,4427,24.0,89.0,0.1688271358448025,0.12947805303571516,3591.0,15352,-1.0,1.0,-12.828418230563003,-0.7257990668563141,5.913518052057095,12.828418230563003,10,12,8,7
KIAMSF1,138070,2425129.511391097,56.47669877851519,694.9165100235849,1461268.5102612867,963861.0011298103,8305,5919,9786,3365,1800,24.0,79.0,-0.0868471867071784,-0.06624445179145702,2607.0,6450,-0.912,0.9159,-10.34013605442177,0.06302895346525168,9.71483870967742,10.34013605442177,11,10,40,50
MUWAWF2,155676,2406572.582908066,17.69490394299222,198.34816226414995,1314096.0238169776,1092476.5590910886,9283,6309,10995,3719,1917,24.0,69.0,0.12168003500022884,0.07692592368361964,8555.0,5400,-0.912,0.9159,-10.34013605442177,0.11153342801745225,10.898064516129033,10.898064516129033,12,11,33,43
CUSF1,29450,2219133.68837013,45.39607157477749,425.0888026595744,1163999.0506128916,1055134.6377572382,2679,2505,11040,1150,1085,14.0,30.0,0.06602153641692102,0.03856847982895631,6486.0,2979,-1.0,1.0,-2.6109660574412534,-0.8858343499150598,1.835010060362173,2.6109660574412534,13,13,98,40
ARWF1,151296,2039637.0677538053,15.265480978727451,243.17794766037713,1033157.9932617929,1006479.0744920124,8820,6004,10287,3572,1824,24.0,69.0,0.08345026352309218,0.06621605629102525,6751.0,4781,-0.993,0.9159,-10.34013605442177,0.1427269818872227,11.914838709677419,11.914838709677419,14,16,39,46
RIVNB2,236663,2013495.1565625507,11.52182950726623,172.87234042553192,1060037.4099782947,953457.7465842561,13249,14020,31361,4863,3993,24.0,64.0,0.09998250320551191,0.03758104354203314,10979.0,13492,-1.0,1.0,-13.404825737265416,-0.7862857424317796,5.874895046179681,13.404825737265416,15,15,16,10
VBB1,86250,1887394.8319519344,123.47215735366007,2385.2201257861634,1085289.0995789017,802105.7323730325,3786,3573,3838,1411,403,24.0,60.0,0.10715854229836809,0.06251731678044184,7644.0,3814,-1.0,1.0,-7.245762711864407,0.2601903108776706,12.903225806451614,12.903225806451614,16,14,87,105
HILLSTN1,155420,1817309.6397202394,13.012886766790665,469.32142857142856,960611.9300118212,856697.7097084182,9910,8227,27134,3787,3470,24.0,80.0,0.20232066638892052,0.13324152434288328,2878.0,14787,-1.0,1.0,-13.404825737265416,-0.7378886192172849,5.874895046179681,13.404825737265416,17,17,25,18
WLWLSF1,187273,1657728.7046639968,11.012246382352918,194.56397254920225,853487.3815252433,804241.3231387535,9391,10131,23738,3034,2719,24.0,52.0,0.11865064106771007,0.12468751856723456,2312.0,10378,-1.0,1.0,-2.527415143603133,-0.8795128315641018,7.39630562552477,7.39630562552477,18,19,22,30
WLWLSF2,187273,1624772.0255526525,10.728623399440732,195.83705285106385,836765.9898680054,788006.035684647,9391,10131,23738,3034,2719,24.0,52.0,0.11611776528244,0.12557423851818597,2714.0,10378,-1.0,1.0,-2.527415143603133,-0.8795128315641018,7.39630562552477,7.39630562552477,19,20,22,30
MOORAWF1,87875,1624070.9919905462,92.65791194560035,1684.1081735849057,934594.123346727,689476.8686438192,4224,3618,4817,1568,515,24.0,65.0,0.05655385458201506,0.09141607875728877,3322.0,4084,-0.9801,1.0,-6.872881355932204,0.2875688264954369,13.297872340425531,13.297872340425531,20,18,78,92
FINLYSF1,342361,1554076.4260193831,4.8800981932385215,105.70226335638297,784670.3341865211,769406.0918328619,14452,17262,31022,5007,3781,24.0,78.0,0.12448850220053831,0.0965528551279284,2859.0,14443,-1.0,1.0,-6.705141657922351,-0.7891278366939867,6.478589420654911,6.705141657922351,21,22,10,12
BROKENH1,360480,1487150.4934666457,4.2851143995282275,56.078731469682715,799121.4745404168,688029.0189262289,18628,18193,37484,6708,4892,24.0,101.0,0.16470149053195987,0.10461445157924444,3122.0,18276,-1.0,1.0,-11.337868480725623,-0.8945102987600286,12.391573729863694,12.391573729863694,22,21,1,1
RESS1,237045,1479180.2129858402,8.976423006958774,331.2850517142857,776294.7407819049,702885.4722039351,14112,14053,31724,5287,4230,23.0,64.0,0.036308292433786506,-0.014709709885863372,6381.0,12888,-1.0,1.0,-13.404825737265416,-0.7898224294820355,5.874895046179681,13.404825737265416,23,24,15,9
BULGANA1,151952,1385036.3133797182,10.341621699741403,200.3858952830188,714047.3922599308,670988.9211197874,8904,6030,10315,3614,1825,24.0,69.0,0.08654316256360921,0.06057388522924916,3608.0,4862,-0.969,0.9159,-10.34013605442177,0.1332901299772587,11.67483870967742,11.67483870967742,24,27,37,44
SNOWYP,258288,1336709.2668615896,5.5091189824436215,189.0758655804481,712692.7512890653,624016.5155725243,9261,12348,14043,2829,1787,24.0,46.0,0.08960290290486791,0.04339252747287049,11838.0,11290,-1.0,1.0,-6.410256410256411,0.8400851852118686,2.0876826722338206,6.410256410256411,25,28,19,37
KARSF1,154253,1297016.4097467253,28.219319427802656,499.01557711038964,782320.2756446375,514696.1341020878,10074,7609,18890,4206,2752,24.0,79.0,-0.05749383762462837,-0.0527971605600939,476.0,6823,-1.0,1.0,-10.34013605442177,0.10717826834323388,9.433962264150944,10.34013605442177,26,23,26,34
KESSB1,110296,1237812.6277364066,35.36108321536392,757.781222264151,729320.7302827152,508491.89745369146,5913,4348,5018,2364,908,20.0,76.0,0.10569239043618538,0.06064635488862272,4837.0,4652,-1.0,0.975,-10.34013605442177,0.037460352233695995,11.363636363636365,11.363636363636365,27,25,61,85
MERCER01,87900,1236381.287075181,76.31170041785911,1398.1192452830187,680177.457367705,556203.8297074761,4227,3618,4842,1570,515,24.0,65.0,0.00881275928478401,0.07108711236033487,1001.0,4088,-0.9801,1.0,-6.872881355932204,0.28962041542197997,13.297872340425531,13.297872340425531,28,29,78,86
WSTWYSF1,103301,1213179.110030865,13.365088902947784,215.65996892499996,609447.7128538557,603731.3971770094,7111,5752,24717,2489,2756,24.0,54.0,0.1689464709834321,0.15228470358567112,939.0,12219,-1.0,1.0,-10.493179433368311,-0.8732690293979947,5.746431570109152,10.493179433368311,29,31,43,21
YATSF1,154253,1193019.1213453237,25.608674534350012,497.38490566037717,725237.0311190713,467782.0902262524,10074,7609,18890,4206,2752,24.0,79.0,-0.053716435732573356,-0.051383251083732775,287.0,6823,-1.0,1.0,-10.34013605442177,0.10717826834323388,9.433962264150944,10.34013605442177,30,26,26,34
BHB1,360435,1111753.0116928732,3.1884527250113117,45.8104398765686,566493.7151610691,545259.2965318041,18623,18187,37474,6708,4891,24.0,101.0,0.017512225196837504,-0.0019838237141019685,6975.0,16881,-1.0,1.0,-11.337868480725623,-0.9333171626137164,12.391573729863694,12.391573729863694,31,34,3,2
WEMENSF1,137759,1109759.6470548562,24.463633071972463,335.65242390909094,609553.897330214,500205.7497246422,8294,5918,9785,3361,1799,24.0,79.0,-0.11591015978329196,-0.08841920915254785,329.0,6639,-1.0,0.868,-10.34013605442177,0.13176551945571788,9.503225806451614,10.34013605442177,32,30,41,51
BOMENSF1,101067,1107901.6138556276,12.155088999310117,144.820596425,555853.2725272913,552048.3413283363,6921,5574,23642,2422,2588,24.0,50.0,0.20127319965910564,0.14290295645168907,880.0,12261,-1.0,1.0,-10.493179433368311,-0.8699331918154694,5.746431570109152,10.493179433368311,33,36,48,32
SEBSF1,103301,1097469.8090136594,11.617008426315888,279.7767882249999,547369.6158398483,550100.193173811,7111,5752,24717,2489,2756,24.0,54.0,0.1600080287995676,0.12284636193116669,1044.0,12246,-1.0,1.0,-10.493179433368311,-0.8735485352047245,5.746431570109152,10.493179433368311,34,37,43,21
LIMOSF21,356211,1007960.3998388855,3.027161431952347,47.523216308040766,592996.2836447352,414964.11619415035,18241,17915,37123,6600,4862,24.0,93.0,0.22246489655810395,0.17113470506351502,755.0,18055,-1.0,1.0,-13.227513227513228,-0.7773773676671534,8.82280049566295,13.227513227513228,35,32,4,4
BANN1,137759,1006642.1980352303,22.262533415778204,293.2336681320752,562372.5646713496,444269.6333638806,8294,5918,9785,3361,1799,24.0,79.0,-0.11389734421774117,-0.08691587932290269,241.0,6639,-1.0,0.868,-10.34013605442177,0.13176564205753868,9.503225806451614,10.34013605442177,36,35,41,51
BRYB1WF1,87928,995506.0909104864,50.39966733615092,911.6001289308176,524874.0253000079,470632.0656104786,4227,3618,4842,1570,515,24.0,65.0,0.039072695608443876,0.07659578467289879,1421.0,4137,-0.9767,0.942,-6.796610169491526,0.2659665136408055,12.602580645161291,12.602580645161291,37,38,78,86
MACARTH1,91097,988860.5346841967,36.38076515602419,882.2707766990294,503331.7053578289,485528.82932636776,5631,3969,5265,2272,931,24.0,62.0,0.03420760257115839,0.06526465447888323,3270.0,3699,-1.0,1.0,-7.875,0.15376364007875115,12.903225806451614,12.903225806451614,38,39,69,84
MCKAY1,268343,911523.2201782446,3.424619531513058,134.59533830400002,576489.452244849,335033.7679333956,7812,12519,5815,2577,712,24.0,89.0,0.07825182418925386,0.0648808948279324,5310.0,6151,-1.0,1.0,-7.4074074074074066,0.4687100587547969,1.7719298245614037,7.4074074074074066,39,33,18,78
CROWLWF1,151335,907314.4538728055,6.744043652346592,138.71099119496736,456011.2452386041,451303.20863420144,8824,6006,10292,3573,1825,24.0,69.0,0.06777403148701039,0.06246934562244273,931.0,4806,-0.985,0.9159,-10.34013605442177,0.13768723529606106,11.79741935483871,11.79741935483871,40,44,38,45
RYANCWF1,89062,892705.9146528665,36.922410167866666,758.6407766990292,462901.24624142225,429804.6684114443,4936,3781,4617,1931,719,24.0,62.0,0.045840748404212185,0.0616348595480112,2709.0,3658,-1.0,1.0,-7.875,0.16877736843690805,12.903225806451614,12.903225806451614,41,43,75,102
BRYB2WF2,87928,851690.5963525106,48.59456364527477,792.4577753009713,473440.6385409732,378249.95781153743,4227,3618,4842,1570,515,24.0,65.0,0.04360709346835843,0.08038033779477531,400.0,4137,-0.9767,0.942,-6.796610169491526,0.2659665136408055,12.602580645161291,12.602580645161291,42,42,78,86
MRTLSWF1,87864,826852.4844380519,46.411063494032874,1028.3370693203883,432094.01615522936,394758.46828282264,4221,3618,4842,1569,515,24.0,65.0,0.03684828755626613,0.04439354466681878,1179.0,4054,-0.9838,0.958,-6.915254237288136,0.2517042593906653,12.694193548387098,12.694193548387098,43,46,78,86
YENDWF1,92641,818048.0814144083,32.254365628663365,973.9369700433531,487672.11839905573,330375.9630153526,6066,3981,6271,2427,1044,24.0,66.0,0.04119906169612199,0.07699077050964909,565.0,4231,-1.0,0.888,-6.618644067796611,0.26822822086359005,12.185806451612903,12.185806451612903,44,40,67,76
DPNTB1,236663,792304.2542857069,4.483453247816593,66.48936170212765,416289.57069255103,376014.6835931558,13249,14020,31361,4863,3993,24.0,64.0,0.09318485265316999,0.03506640822727038,521.0,13492,-1.0,1.0,-13.404825737265416,-0.7862859223179304,5.874895046179681,13.404825737265416,45,47,16,10
URANQ13,297494,742463.8045810668,2.8035168486040747,69.82426587548248,475421.47176255967,267042.3328185071,12843,15339,30037,4247,3433,24.0,72.0,0.05990125110823096,0.019118893197089624,2612.0,14008,-1.0,1.0,-10.325288562434418,-0.8185271947351569,5.979848866498741,10.325288562434418,46,41,11,13
WYASF1,103301,740823.1198504537,8.321561270832513,134.81366612499994,368655.08014673425,372168.03970371943,7111,5752,24717,2489,2756,24.0,54.0,0.12485711777086775,0.09684150843339681,231.0,12219,-1.0,1.0,-10.493179433368311,-0.873269534003043,5.746431570109152,10.493179433368311,47,50,43,21
URANQ14,297494,726180.1377803276,2.8010103483156845,75.23779398772945,452445.26597470744,273734.87180562015,12843,15339,30037,4247,3433,24.0,72.0,0.057553557443428834,0.01643257649511376,2549.0,14008,-1.0,1.0,-10.325288562434418,-0.8185271947351569,5.979848866498741,10.325288562434418,48,45,11,13
BANGOWF1,58257,708456.737631326,10.287318050866617,191.56621080139382,409253.33760415786,299203.4000271681,6413,4092,24450,2251,2668,24.0,36.0,0.033606118868102816,0.033695653119811764,1123.0,9486,-0.933,0.938,-10.971536109150788,-0.97609974187046,1.7575757575757578,10.971536109150788,49,48,62,28
RANGEB1,81291,706552.5705442315,99.54557912995797,743.4944237918215,386092.8748147597,320459.69572947186,2379,3446,545,933,79,24.0,56.0,0.11588592989883281,0.07616882010652751,6151.0,3358,-0.564,1.0,-0.6076115485564305,0.5213475220892491,5.847953216374268,5.847953216374268,50,49,91,188
WAGGNSF1,101067,672798.8677920476,7.1434130320699785,94.89462683690468,336483.8005110051,336315.06728104234,6921,5574,23642,2422,2588,24.0,50.0,0.2135672781645546,0.15028412100549707,326.0,12264,-1.0,1.0,-10.493179433368311,-0.8699625255873011,5.746431570109152,10.493179433368311,51,54,48,32
RYEPARK1,23700,646455.9006116402,28.439062222050158,243.56425971334045,336200.5815946213,310255.31901701895,2497,1372,6858,734,767,24.0,18.0,0.10875293376243719,0.09559554999012314,1398.0,7696,-1.0,1.0,-1.4274611398963732,-0.9028205763116981,1.4792899408284024,1.4792899408284024,52,55,108,70
ELAINWF1,87875,586317.4601328924,30.434111060317836,1008.162234042553,358946.66067953035,227370.799453362,4224,3618,4817,1568,515,24.0,65.0,0.04703378406235742,0.07324935343703999,97.0,4084,-0.9801,1.0,-6.872881355932204,0.2875688264954369,13.297872340425531,13.297872340425531,53,51,78,92
STOCKYD1,10552,585829.660222123,47.61690477524429,2098.0830097087373,295484.25755764084,290345.4026644822,3290,526,4755,1352,854,24.0,13.0,0.036348372298801467,-0.0019236543813837346,288.0,834,-1.0,1.0,-7.941666666666666,-0.6362329651192141,12.903225806451614,12.903225806451614,54,56,119,96
URANQ11,297494,538468.3648110388,2.149575612440056,71.07690163199975,347773.36118662,190695.00362441875,12843,15339,30037,4247,3433,24.0,72.0,0.047405075775520375,0.026091164565527073,1811.0,14008,-1.0,1.0,-10.325288562434418,-0.8185271947351569,5.979848866498741,10.325288562434418,55,53,11,13
URANQ12,297494,529623.9275511503,2.0880502682745266,76.93599999999999,348971.6291328613,180652.29841828914,12843,15339,30037,4247,3433,24.0,72.0,0.05090405723785079,0.024681291742073938,1702.0,14008,-1.0,1.0,-10.325288562434418,-0.8185271947351569,5.979848866498741,10.325288562434418,56,52,11,13
HD1WF1,89062,507925.11243193434,25.629355718098303,747.368932038835,270073.8244324512,237851.28799948312,4936,3781,4617,1931,719,24.0,62.0,0.03015492826448543,0.04710631889526099,437.0,3658,-1.0,1.0,-7.875,0.16877736843690805,12.903225806451614,12.903225806451614,57,59,75,102
BANGOWF2,58257,489911.499360366,7.161902792350934,137.76918466898965,295278.47228609433,194633.02707427175,6413,4092,24450,2251,2668,24.0,36.0,0.041301733922333744,0.03186911416055599,458.0,9486,-0.932,0.938,-10.962126558456834,-0.9766781444517132,1.7566844919786098,10.962126558456834,58,57,62,28
GESF1,29034,486913.122437862,15.903061241537955,218.97678446575344,249766.46222670216,237146.6602111598,2652,2497,11006,1139,1074,10.0,30.0,0.10195076291155997,0.086474277490659,758.0,2573,-1.0,1.0,-3.017182130584193,-0.9036830913734986,2.0120724346076457,3.017182130584193,59,61,99,41
CAPBES1,104532,475527.5628763898,8.405663581404074,98.63013698630138,249389.60811064852,226137.9547657413,4585,5348,9174,1384,1085,24.0,38.0,0.0670662798116935,0.026801396688977217,2543.0,9348,-1.0,1.0,-1.9282945736434107,-0.8619391273648315,2.280857859913301,2.280857859913301,60,62,53,56
JUNEESF1,103301,457253.1068387819,4.778438219903574,74.3626554142857,231644.61964076912,225608.48719801282,7111,5752,24717,2489,2756,24.0,54.0,0.17697611248819875,0.12801758740895897,54.0,12265,-1.0,1.0,-10.493179433368311,-0.8727924704587382,5.746431570109152,10.493179433368311,61,66,43,21
LIMBESS1,31940,456561.2842691704,12.21877335175635,185.63829787234042,249788.3273367615,206772.95693240894,3429,2558,12695,1407,1237,11.0,33.0,0.05657799805877939,0.04468242853221335,1385.0,4326,-1.0,1.0,-13.037809647979138,-0.8741669848015918,8.098039215686274,13.037809647979138,62,60,97,39
MTGELWF1,87724,449486.8236440575,24.758085596826692,562.698370689655,242718.3827628873,206768.44088117016,4203,3616,4817,1558,515,24.0,64.0,0.019239922268849817,0.042420396990603855,451.0,3950,-1.0,0.989,-7.059322033898305,0.1513211700955397,12.838709677419354,12.838709677419354,63,63,86,92
CRWASF1,147317,445154.2153428864,5.9820195742702635,66.58640134020617,227491.3451922731,217662.8701506133,7834,7313,24742,2788,2763,24.0,65.0,0.19975531805623206,0.13332612626077758,338.0,13894,-1.0,1.0,-4.637985309548793,-0.8267820733239158,7.034424853064651,7.034424853064651,64,67,28,20
DARTM1,128554,431803.0412019472,4.766675976425166,166.7646481177419,277499.7404874715,154303.30071447574,3619,4396,3209,1358,359,24.0,77.0,0.16272965419061194,0.07982164599760541,2838.0,5585,-1.0,1.0,-7.4074074074074066,0.49138148100282103,1.7719298245614037,7.4074074074074066,65,58,59,109
GPWFEST2,5802,413586.7827130369,59.720204162977744,1557.8642613793102,223284.7125761097,190302.07013692724,1448,157,3327,493,325,23.0,10.0,0.1036190471305149,0.06857206618574883,217.0,784,-1.0,1.0,-7.975,-0.6438126741723157,12.903225806451614,12.903225806451614,66,69,169,106
COLWF01,22968,392480.50114314724,14.730078056818309,186.06308400250307,201085.21991960576,191395.28122354147,2418,1305,6700,716,744,24.0,16.0,0.10669960232853822,0.08506382208947003,654.0,7083,-1.0,1.0,-2.1367521367521367,-0.8718347306161192,1.7513134851138354,2.1367521367521367,67,72,111,72
SALTCRK1,87864,386928.47986357205,21.600393230706644,441.5430757281554,224072.82659926833,162855.65326430372,4221,3618,4842,1569,515,24.0,65.0,0.020966304895861168,0.04364440204327095,69.0,4054,-0.9847,0.961,-6.932203389830509,0.23991508670893308,12.705806451612904,12.705806451612904,68,68,78,86
GANNSF1,129855,383973.65351457725,9.631013286283334,139.34347722818598,216360.9256063203,167612.72790825696,7849,5384,8035,3225,1544,24.0,78.0,-0.10000065693645285,-0.08072141176378825,26.0,6174,-1.0,1.0,-10.34013605442177,0.1410238005731231,11.363636363636365,11.363636363636365,69,70,50,61
HBESS1,83074,371609.9804280816,9.551849354469043,181.846875,190717.5629685134,180892.41745956815,2932,3491,1766,1112,209,24.0,57.0,0.06660656576070687,0.04255380701675616,2625.0,3384,-0.564,1.0,-1.062992125984252,0.48031367543054304,6.824074074074074,6.824074074074074,70,73,88,122
GPWFEST1,5802,368063.79684358,51.70199118841253,1473.5365237068963,201413.9977697564,166649.7990738236,1448,157,3327,493,325,23.0,10.0,0.12673313831548355,0.07343868718308186,42.0,784,-1.0,1.0,-7.975,-0.6438126741723157,12.903225806451614,12.903225806451614,71,71,169,106
SAPHWF1,4545,354830.35718725546,73.17576891084968,607.1183679833675,159408.7653402602,195421.59184699526,565,196,1045,215,151,20.0,7.0,-0.05684225741583702,-0.05762163046910966,421.0,3617,-0.986,0.986,-8.414414414414415,-2.006048267576728,13.526170798898072,13.526170798898072,72,79,146,168
BULBES1,100125,347684.8771144033,13.13238906562024,205.0314465408805,173309.6478172598,174375.22929714352,7466,4740,7991,3110,1529,24.0,67.0,0.022914090614416148,0.01700417922383748,113.0,4827,-0.969,0.9159,-10.34013605442177,0.10872775151565438,11.67483870967742,11.67483870967742,73,75,58,65
GULLRWF1,142851,345513.00588197727,5.960925105083984,104.61589384562099,170336.64387142728,175176.36201055,5769,6812,9564,1607,1149,24.0,34.0,0.01057277446505448,0.03684310496434768,1355.0,7609,-1.0,1.0,-2.2980046644208345,-0.8145273989699185,0.8721704394141145,2.2980046644208345,74,76,29,53
GANNB1,129486,335705.80102743395,6.501775959787385,110.35877811320755,164644.81071741,171060.99031002395,7813,5367,8024,3209,1534,24.0,78.0,0.05198530451575498,0.03102637287218899,1523.0,6136,-1.0,1.0,-10.34013605442177,0.1460165215075665,11.363636363636365,11.363636363636365,75,77,52,63
KIATAWF1,101438,322679.5425524013,9.521468131384351,210.7239768932039,174167.1492305747,148512.39332182662,7727,4820,8005,3181,1540,24.0,67.0,0.02369229236743199,0.029810511500414846,26.0,5178,-0.913,0.9159,-10.34013605442177,0.07638638917898763,11.198709677419355,11.198709677419355,76,74,57,64
NEWENSF2,4545,317869.73072898516,58.8407840532473,1374.7106397689988,234280.4989677919,83589.23176119325,565,196,1045,215,151,20.0,7.0,-0.020271990378659586,-0.06783190726314114,140.0,3617,-0.989,0.988,-8.477477477477477,-2.0197324295319774,13.567493112947659,13.567493112947659,77,64,146,168
NUMURSF1,93318,307812.81696608075,9.999566038360335,169.947606918239,150141.69673054613,157671.12023553462,6096,3995,6315,2439,1048,24.0,67.0,-0.11509047427669343,-0.08378906131912474,220.0,5150,-0.921,1.0,-2.99672131147541,0.5086250417378055,5.120567375886525,5.120567375886525,78,81,66,75
NEWENSF1,4545,306755.39165443956,60.63066707626088,1154.2982739085232,232456.0915407268,74299.30011371276,565,196,1045,215,151,20.0,7.0,-0.037669776391220856,-0.07869680627504917,164.0,3617,-0.989,0.988,-8.477477477477477,-2.0197324295319774,13.567493112947659,13.567493112947659,79,65,146,168
OAKLAND1,87864,293709.56422669016,16.697506148748857,254.6270388349515,142528.22374660574,151181.34048008441,4221,3618,4842,1569,515,24.0,65.0,-0.0012976104870552824,0.026372783269596377,26.0,4054,-0.9847,0.961,-6.932203389830509,0.23991508670893308,12.705806451612904,12.705806451612904,80,82,78,86
GLRWNSF1,93339,273524.240697037,7.852877524980603,150.0160606060606,134834.19938638498,138690.04131065204,6096,3997,6320,2439,1049,24.0,67.0,-0.1226040886501513,-0.08510158439001385,128.0,5165,-1.0,1.0,-3.2721311475409838,0.39557535645783054,3.577464788732395,3.577464788732395,81,83,65,74
WRWF1,4545,270312.9180601458,58.779692393524364,873.8037162162161,129675.71233387783,140637.20572626792,565,196,1045,215,151,20.0,7.0,0.01156007430346155,0.012989175121470988,187.0,3617,-0.977,0.976,-8.153153153153154,-1.9488414142917596,13.360881542699724,13.360881542699724,82,88,146,168
BW01,4545,267557.8812632588,64.64928293689623,504.2619542619543,159287.3328228576,108270.54844040124,565,196,1045,215,151,20.0,7.0,-0.024870962231778614,0.039301743507413334,192.0,3693,-0.539,1.0,-9.00900900900901,-2.5843484805198798,1.9412515964240102,9.00900900900901,83,80,146,168
GULLRWF2,61895,249790.82551252603,5.177501684237402,92.87311148746453,128166.53503814069,121624.29047438536,3216,2651,8230,977,949,24.0,31.0,0.029675805230332624,0.04329170334085595,120.0,7226,-1.0,1.0,-2.2980046644208345,-0.851499319342077,0.8721704394141145,2.2980046644208345,84,89,96,60
CROOKWF2,142850,243249.79369033745,4.160056247402238,92.66496945010184,119956.08677715,123293.70691318743,5769,6812,9564,1607,1149,24.0,34.0,0.017668133820071374,0.030677614114839297,565.0,7533,-1.0,1.0,-2.5913449080072555,-0.7726982117777029,0.6926605504587156,2.5913449080072555,85,91,29,53
GUNNING1,177652,243017.30088749863,1.9093701396136653,36.223613880030065,127553.8953626217,115463.40552487694,9703,9545,27242,3126,3068,24.0,47.0,0.011898865807880849,0.015544567260035941,192.0,10055,-1.0,1.0,-11.761938367442955,-0.8793711026477047,1.8828877005347595,11.761938367442955,86,90,24,17
DUNDWF1,10551,233798.28291480595,19.521624568019256,1091.710242718445,131441.1583800371,102357.1245347689,3290,525,4755,1352,854,24.0,13.0,0.03419514761844088,-0.015366490491541884,55.0,842,-1.0,1.0,-7.8999999999999995,-0.6364110850670288,12.903225806451614,12.903225806451614,87,86,120,96
GLENSF1,91304,228242.82350327543,7.166092834783481,117.77229457776151,109907.66169609022,118335.16180718521,5401,3809,5672,2098,837,24.0,67.0,-0.14273108173864393,-0.10970594253897628,93.0,5124,-1.0,1.0,-3.278688524590164,0.39608261738435646,3.659574468085107,3.659574468085107,88,96,72,79
BW03,4650,226190.45959430787,40.49765213190513,429.1598724324324,159561.51344468872,66628.94614961912,570,199,1116,216,152,20.0,8.0,-0.009877456488871058,0.015012787632028353,61.0,3813,-0.517,0.869,-7.7657657657657655,-2.2374752914027316,1.269476372924649,7.7657657657657655,89,78,142,163
GPWFEST3,5802,223924.72715829167,23.552861722759566,788.4751034482757,119298.85595976151,104625.87119853019,1448,157,3327,493,325,23.0,10.0,0.09696674395957137,0.075969015222001,54.0,784,-1.0,1.0,-7.975,-0.6438126741723157,12.903225806451614,12.903225806451614,90,92,169,106
JEMALNG1,59459,214808.48433292483,4.1289201139395075,36.65705955488595,116768.01253952927,98040.47179339555,3569,2410,10145,1117,1131,24.0,30.0,0.113531308392969,0.09692331979630661,337.0,8696,-1.0,0.93,-4.864864864864865,-0.2827853098369368,13.749484394335212,13.749484394335212,91,93,101,47
BOCORWF1,26308,213102.10039558547,5.671849659398964,77.4492410032017,99630.61678126585,113471.48361431963,2693,1503,7058,793,791,24.0,20.0,0.05860265767695589,0.03984211913140577,211.0,9084,-1.0,1.0,-1.9166666666666665,-0.8856453685416156,2.288329519450801,2.288329519450801,92,98,105,67
GIRGSF,91283,205258.17178743277,8.080845408399089,143.14968553459119,98621.84482533351,106636.32696209927,5401,3807,5667,2098,836,24.0,67.0,-0.12486149682947736,-0.08650498213465377,107.0,5109,-0.921,1.0,-2.99672131147541,0.503821173231671,5.120567375886525,5.120567375886525,93,99,74,81
WELNSF1,8119,193445.5922740258,18.95808730171568,308.551378378378,61542.81069919668,131902.7815748291,867,367,1610,301,232,20.0,12.0,0.15548003410341735,0.13424030591748126,79.0,4257,-0.781,0.928,-4.625,-1.3613352664257359,1.3627019089574155,4.625,94,112,130,126
GPWFWST1,2663,191855.81642375106,31.216718747783524,537.689962264151,97698.05294444635,94157.76347930476,710,82,1560,245,134,8.0,8.0,0.029935772519931042,0.02924798840550249,141.0,178,-0.529,0.779,-1.0223097112860893,-0.08188986298258139,2.389937106918239,2.389937106918239,95,100,179,135
METZSF1,4545,190823.96339933146,31.779667960161856,865.6311694386693,132271.8733567452,58552.09004258627,565,196,1045,215,151,20.0,7.0,-0.06170014468335955,-0.08212651644313489,63.0,3597,-0.975,0.974,-8.108108108108109,-1.949266875980157,13.333333333333334,13.333333333333334,96,85,146,168
GNNDHSF1,4545,188571.8113270718,41.615644381075576,900.1911583988793,131104.3542318113,57467.4570952605,565,196,1045,215,151,20.0,7.0,-0.0789856151679038,-0.11435710977169711,70.0,3654,-1.0,1.0,-8.783783783783784,-2.067162140546472,13.774104683195592,13.774104683195592,97,87,146,168
BALDHWF1,83074,183833.57338633228,4.452918583807822,37.52425454545455,96698.17490815205,87135.39847818023,2932,3491,1766,1112,209,24.0,57.0,0.013035748916291905,0.02070438717183003,286.0,3384,-0.564,1.0,-1.062992125984252,0.48032446203754803,6.833333333333333,6.833333333333333,98,102,88,122
BW02,4545,182842.55043673457,56.55641810459397,542.1176034615385,134136.09910618165,48706.45133055288,565,196,1045,215,151,20.0,7.0,0.00648113814212783,0.06867964987403122,134.0,3693,-0.539,1.0,-9.00900900900901,-2.5843484805198798,1.9412515964240102,9.00900900900901,99,84,146,168
BALB1,92641,181811.53404700238,6.4220721786702475,155.47169811320754,95998.2384584553,85813.29558854707,6066,3981,6271,2427,1044,24.0,66.0,0.03441943229745698,0.015373163243357003,171.0,4229,-1.0,0.8887,-6.618644067796611,0.2690621504565586,12.19483870967742,12.19483870967742,100,103,67,76
MP1,4650,181298.1609204126,38.75170380404675,312.4441506860707,113693.92722249051,67604.23369792211,570,199,1116,216,152,20.0,8.0,-0.04215633316371982,0.0040356651973935094,107.0,3828,-0.888,1.0,-7.8125,-1.575975115473518,1.4684287812041115,7.8125,101,95,142,163
KERNGSP1,119561,180983.3953180053,6.1927872883205195,111.69593174528302,97398.15455095985,83585.24076704544,7131,5053,6656,2956,1352,21.0,78.0,-0.11176808640982071,-0.08048604454581808,13.0,5091,-1.0,1.0,-10.34013605442177,0.06937702985535446,11.363636363636365,11.363636363636365,102,101,56,73
BW04,4650,178671.29359718674,55.69385694448653,448.30638099792094,116129.66993751159,62541.62365967514,570,199,1116,216,152,20.0,8.0,-0.040119172470437996,0.027414946027875323,94.0,3813,-0.517,0.869,-7.7657657657657655,-2.2374752914027316,1.269476372924649,7.7657657657657655,103,94,142,163
MP2,4650,174017.64037007367,46.35897892672335,299.4686829106028,107291.65802294484,66725.98234712883,570,199,1116,216,152,20.0,8.0,-0.044195416756443374,-0.016004271009196356,102.0,3828,-0.888,1.0,-7.8125,-1.575975115473518,1.4684287812041115,7.8125,104,97,142,163
WINTSF1,91304,159371.7408669656,4.7127419620625925,86.89669890692643,77854.70283022421,81517.03803674143,5401,3809,5672,2098,837,24.0,67.0,-0.13388982014078274,-0.1030428493957174,45.0,5124,-1.0,1.0,-3.2721311475409838,0.3915187686670861,3.577464788732395,3.577464788732395,105,107,72,79
GOONSF1,31414,158481.34327603003,4.65410333851907,48.88330903448276,86922.03952235333,71559.30375367671,3331,1870,10140,1015,1129,24.0,25.0,0.08240339922266232,0.06784512370793702,98.0,7857,-0.809,0.774,-3.45475910693302,-0.3989213579894524,9.764883816856868,9.764883816856868,106,105,102,48
DUNDWF3,10551,158449.21423833698,15.585940259534576,374.3953786407767,79441.16111106674,79008.05312727024,3290,525,4755,1352,854,24.0,13.0,-0.013562702395477657,-0.03886595144697461,12.0,842,-1.0,1.0,-7.8999999999999995,-0.6364110850670288,12.903225806451614,12.903225806451614,107,106,120,96
WUNUSF1,87208,153402.5118679575,5.508889476866915,122.14882893081759,75398.51676937556,78003.99509858195,5041,3727,4775,1948,750,22.0,67.0,-0.124010694887216,-0.07731030463524681,42.0,4534,-0.921,1.0,-2.99672131147541,0.4942625108367701,5.120567375886525,5.120567375886525,108,108,77,95
GUTHEGA,96775,148355.5747302191,1.3855332831841185,42.66929128639506,87785.29387838891,60570.280851830175,4191,4089,9126,1282,1147,24.0,49.0,0.05217880049410491,0.03913906810915257,1351.0,12161,-1.0,1.0,-2.6794871794871793,-0.8931588261284411,0.9196787148594378,2.6794871794871793,109,104,64,58
VP6,3623,140676.74902881627,40.6201896069548,272.15873039501037,51498.009050461755,89178.7399783545,398,165,520,165,106,20.0,7.0,-0.030145325629705084,0.034418047121395685,81.0,2422,-0.63,1.0,-11.587485515643106,0.818467971342971,4.2517006802721085,11.587485515643106,110,123,158,191
SUNTPSF1,22048,126738.59300441525,5.668006310250037,78.38742463617461,57673.990437679975,69064.60256673527,2474,1222,7044,736,808,20.0,21.0,0.11770461452145485,0.12178687496646888,25.0,5188,-0.797,0.852,-4.178571428571429,-0.9577201989102525,2.7747252747252746,4.178571428571429,111,114,113,68
ER01,3623,125528.94122693702,37.84518779520721,448.5509337006234,49869.79257547903,75659.148651458,398,165,520,165,106,20.0,7.0,-0.047532301598611514,-0.011794135940557296,48.0,2487,-0.789,0.893,-9.10776361529548,1.2214827379234228,6.257982120051086,9.10776361529548,112,124,158,191
VP5,3623,123603.18659066322,32.97748112356215,333.1319828898127,55235.49443432092,68367.6921563423,398,165,520,165,106,20.0,7.0,-0.04810571968334311,-0.014854775074907879,98.0,2422,-0.63,1.0,-11.587485515643106,0.818467971342971,4.2517006802721085,11.587485515643106,113,118,158,191
FLYCRKWF,8101,120346.74305510569,13.05272823374121,146.79459027027025,56146.64126094123,64200.10179416447,860,367,1592,299,231,20.0,12.0,0.08537549981494322,0.039325410595587786,115.0,3828,-0.85,0.927,-3.5134099616858236,-1.0142544491753867,1.9780219780219779,3.5134099616858236,114,116,130,133
COHUNSF1,129855,120326.01174367793,3.4767285735399787,98.65353113207529,63553.24532512175,56772.766418556166,7849,5384,8035,3225,1544,24.0,78.0,-0.07545572270363848,-0.04302945555665013,21.0,6174,-1.0,1.0,-10.34013605442177,0.14102410298194712,11.363636363636365,11.363636363636365,115,110,50,61
ER02,3623,118315.5592854926,36.56207310405671,362.59320546257794,55488.44629878535,62827.11298670725,398,165,520,165,106,20.0,7.0,-0.06571506919147964,-0.028035771807211642,49.0,2487,-0.789,0.893,-9.10776361529548,1.2214827379234228,6.257982120051086,9.10776361529548,116,117,158,191
PARSF1,31414,117721.45340959936,3.259249591023135,35.02277715803261,64892.163649519134,52829.289760080224,3331,1870,10140,1015,1129,24.0,25.0,0.06090289929359392,0.06380396191157729,7.0,7857,-0.809,0.774,-3.45475910693302,-0.3989252558935154,9.764883816856868,9.764883816856868,117,109,102,48
CROOKWF3,23465,115393.83686695082,5.196615327613673,57.0254582484725,57161.7852238238,58232.051643127015,2479,1361,6772,732,749,24.0,15.0,0.02235247993838654,0.018526417669473817,28.0,7048,-1.0,1.0,-2.5906735751295336,-0.8142524348503926,0.6926605504587156,2.5906735751295336,118,115,109,71
TARALGA1,124066,114820.87049268388,4.44702172420854,109.84151547491996,54582.68917327546,60238.181319408424,3860,5650,3908,1091,552,21.0,27.0,0.008312726203220077,0.020463060484886497,701.0,4657,-1.0,1.0,-2.0366598778004072,-0.9104492159194462,0.14814814814814814,2.0366598778004072,119,119,47,104
WKIEWA1,128554,102626.32364084171,1.2674783498119084,42.46594614035078,60225.553301340195,42400.77033950153,3619,4396,3209,1358,359,24.0,77.0,0.08209070002590053,0.042034514656967885,1415.0,5585,-1.0,1.0,-7.4074074074074066,0.49138148100282103,1.7719298245614037,7.4074074074074066,120,113,59,109
CHYTWF1,81237,101564.15889035707,1.5155990074604422,6.20789375,51756.206133639134,49807.952756717925,2363,3444,536,929,78,24.0,56.0,0.03867832160142656,0.020249499288636782,39.0,3075,-0.564,0.2318,0.0792,0.3759808375705539,0.7193877551020407,0.7193877551020407,121,122,92,189
MREHA3,3745,100855.400945792,27.062790335879413,194.9685534591195,52914.678000763844,47940.72294502815,1043,77,2342,347,204,14.0,6.0,0.052313688225936884,0.011618510467900457,24.0,402,-1.0,0.846,-8.474576271186441,-1.6067093676377606,1.5204678362573099,8.474576271186441,122,121,183,119
BODWF1,8119,95383.04775774175,12.26094135410284,99.84891891891886,47451.075144786424,47931.97261295531,867,367,1610,301,232,20.0,12.0,0.03477283409991673,0.01974247220682086,55.0,4238,-0.804,0.901,-4.160714285714286,-1.2070036847090047,1.7857142857142856,4.160714285714286,123,126,130,126
WELLSF1,8119,95138.35718833077,9.045889704133714,129.71863430353432,32297.237960809496,62841.119227521274,867,367,1610,301,232,20.0,12.0,0.12409095441821431,0.10449349347038049,9.0,4241,-0.796,0.894,-4.294642857142857,-1.2274583042563356,1.8974288464182594,4.294642857142857,124,144,130,126
CRURWF1,8119,93258.89343465245,11.967377365627447,107.61297297297298,45368.92369005509,47889.96974459736,867,367,1610,301,232,20.0,12.0,0.03340668244298987,-0.008278628772076229,39.0,4135,-0.857,0.951,-4.176829268292683,-1.085103217405892,2.2543103448275863,4.176829268292683,125,127,130,126
WOLARSF1,3830,89867.90785396652,22.326657871479096,319.20221413721407,31357.230568516505,58510.677285450016,525,160,1079,194,137,17.0,8.0,0.14587855696412655,0.13139643229274053,21.0,3137,-0.685,0.936,-6.4017857142857135,-1.7757309381559174,1.3744493392070485,6.4017857142857135,126,147,168,167
MOKOSF1,89264,83724.6015890644,2.4320350847090126,68.67293864935064,42262.38721569634,41462.214373368064,5736,3917,5428,2289,963,22.0,67.0,-0.12250555559819937,-0.07240601674991479,6.0,4578,-1.0,1.0,-3.2721311475409838,0.39157448653731064,3.577464788732395,3.577464788732395,127,128,70,82
CRWARP1,2589,83513.7275318062,20.35714917521391,392.0331340880503,39818.852675120295,43694.87485668591,739,64,1577,256,138,10.0,7.0,-0.09205717192254127,-0.041618411377724616,17.0,550,-0.898,0.673,-8.803921568627452,-0.3983390135581557,5.203969128996692,8.803921568627452,128,129,187,134
MOREESF1,4545,81951.09611090954,17.56410458489127,278.9916580041571,62095.72168459567,19855.374426313865,565,196,1045,215,151,20.0,7.0,-0.014685474080815218,-0.05956303754497938,8.0,3617,-0.988,0.988,-8.468468468468467,-2.018319985136157,13.567493112947659,13.567493112947659,129,111,146,168
STUBSF1,3390,81847.73400418018,20.690537895385297,410.23580346615796,35990.97398722841,45856.76001695176,488,141,1010,184,122,17.0,8.0,0.1689308515727911,0.14988746462908564,13.0,2585,-0.725,0.749,-5.669642857142857,-1.6563951475953664,0.8366492146596859,5.669642857142857,130,134,173,178
ER03,3745,80028.09047519226,19.781272579255614,233.74237841880336,32548.49202705439,47479.59844813787,417,170,573,168,111,21.0,7.0,0.005381318898431021,-0.015307980119427023,15.0,2735,-0.372,1.0,-7.577807848443844,0.9770547953047507,12.77139208173691,12.77139208173691,131,143,156,186
STUBSF2,3390,75996.23408217149,20.17467422434317,392.9506598960496,35705.30564844683,40290.92843372466,488,141,1010,184,122,17.0,8.0,0.1437363831313816,0.11105947737846997,7.0,2585,-0.725,0.749,-5.669642857142857,-1.6563951475953664,0.8366492146596859,5.669642857142857,132,135,173,178
WOODLWN1,131461,75002.58148044423,1.5062893275409057,20.667134109311718,38151.18647659973,36851.395003844504,4562,6118,5380,1290,744,22.0,34.0,0.010077373355552218,0.019274721891126136,259.0,8624,-1.0,1.0,-2.4204545454545454,-0.7676399438280609,2.2988505747126435,2.4204545454545454,133,131,36,83
GPWFWST2,2663,74836.2827733925,9.56832467435676,276.3627672955975,36333.22149229061,38503.06128110188,710,82,1560,245,134,8.0,8.0,0.017210429680068674,0.0010390656042435636,14.0,178,-0.529,0.779,-1.0223097112860893,-0.08188986298258139,2.389937106918239,2.389937106918239,134,133,179,135
BLOWERNG,76667,73743.45549937831,0.48661625307120526,13.97142857142857,53301.923891900304,20441.531607478002,7006,5318,24697,2450,2756,24.0,48.0,0.0069182319433038035,0.005661803659189238,145.0,11487,-1.0,1.0,-11.325028312570781,-0.8361552872728002,3.6238455079764904,11.325028312570781,135,120,55,26
MORTLK11,10551,71305.5663831698,7.503817375214514,547.4132075471697,48993.77059996447,22311.79578320534,3290,525,4755,1352,854,24.0,13.0,-0.0075531060236504475,0.0004292979524592259,45.0,842,-1.0,1.0,-7.8999999999999995,-0.6364110850670288,12.903225806451614,12.903225806451614,136,125,120,96
DUNDWF2,10551,69107.52615226337,6.267885454598009,172.98810679611648,34742.66516106713,34364.86099119623,3290,525,4755,1352,854,24.0,13.0,-0.0030225081107317637,-0.03122378233740223,1.0,842,-1.0,1.0,-7.8999999999999995,-0.6364110850670288,12.903225806451614,12.903225806451614,137,137,120,96
RESS1L,6772,68353.29994761158,5.040440311149617,93.87995469988675,33816.44766728385,34536.85228032773,762,479,2522,264,388,2.0,37.0,0.08875653997417811,0.09338979623226543,106.0,1317,-1.0,1.0,-1.6827438370846732,0.739330473220174,13.404825737265416,13.404825737265416,138,140,126,117
ER04,3745,64549.134027637585,21.377747038905568,331.84605138888884,31588.990114563385,32960.14391307421,417,170,573,168,111,21.0,7.0,-0.018135223912814157,-0.0043927956672941,10.0,2735,-0.372,1.0,-7.577807848443844,0.9770547953047507,12.77139208173691,12.77139208173691,139,146,156,186
YWPS4,80633,62459.57973625902,0.5123644146815083,10.79774999999999,30112.983584488393,32346.596151770624,2268,3411,411,893,54,24.0,55.0,0.027263199249107306,-0.0010001060969243602,402.0,3223,-0.427,1.0,-0.476457399103139,0.40194272168058004,9.25925925925926,9.25925925925926,140,149,93,203
NEVERSF1,8119,62256.43615870655,5.981350830628788,101.36960819126783,23604.64347038269,38651.79268832386,867,367,1610,301,232,20.0,12.0,0.13663591858279625,0.10362961464880896,7.0,4241,-0.796,0.894,-4.294642857142857,-1.22746026104841,1.8974288464182594,4.294642857142857,141,157,130,126
LOYYB1,2534,59886.72305477746,27.756021399220945,446.02124767657995,35147.59036520104,24739.13268957643,591,48,1256,192,132,18.0,7.0,0.14787181192219548,0.1038234501582637,33.0,564,-0.527,1.0,-1.062992125984252,0.9244219083860297,3.1083333333333334,3.1083333333333334,142,136,189,139
MREHA1,4109,59390.26602885362,13.888229349508771,248.87133182844244,33856.09002789175,25534.176000961874,1150,82,2596,383,231,15.0,6.0,0.10302233475807485,0.03148312518824047,24.0,402,-1.0,0.846,-8.474576271186441,-1.6067093676377606,1.5204678362573099,8.474576271186441,143,139,179,115
LOYYB2,2534,57156.262783426886,33.13572289019717,396.4822723048328,34575.1467503429,22581.116033083992,591,48,1256,192,132,18.0,7.0,0.13376396375207467,0.12362478674698991,38.0,564,-0.527,1.0,-1.062992125984252,0.9244219083860297,3.1083333333333334,3.1083333333333334,144,138,189,139
YWPS3,80633,54705.32107455266,5.307843594864816,126.46491858736057,26234.803429397187,28470.517645155465,2268,3411,411,893,54,24.0,55.0,0.018271095722324174,-0.0037965319511696067,243.0,3223,-0.427,1.0,-0.476457399103139,0.40194272168058004,9.25925925925926,9.25925925925926,145,156,93,203
MREHA2,4109,53720.02881060668,12.054178041357606,194.96765660377358,29565.546554342607,24154.482256264073,1150,82,2596,383,231,15.0,6.0,0.09704233665136966,0.044032575998819774,10.0,402,-1.0,0.846,-8.474576271186441,-1.6067093676377606,1.5204678362573099,8.474576271186441,146,150,179,115
WTAHB1,3610,53490.054709324395,38.623728323981055,770.4261954261955,31036.99665481608,22453.058054508318,398,165,520,165,106,20.0,7.0,-0.023031237953082085,-0.03147865969830314,72.0,2350,-1.0,0.465,-0.3631782945736434,1.869732666888873,13.531799729364007,13.531799729364007,147,148,158,191
LYA1,2534,53169.32519059817,21.41392281386481,251.49516728624533,38415.55076888948,14753.774421708682,591,48,1256,192,132,18.0,7.0,0.15837990366495597,0.10894109021763151,34.0,564,-0.527,1.0,-1.062992125984252,0.9244219083860297,3.1083333333333334,3.1083333333333334,148,130,189,139
WKIEWA2,117854,53096.652965906644,0.6392990304506019,22.46984705097966,31791.798764087784,21304.85420181886,3194,3875,2866,1189,318,22.0,77.0,0.05674853717086784,0.030385140680330665,765.0,4953,-1.0,1.0,-7.4074074074074066,0.47072013611237495,1.7719298245614037,7.4074074074074066,149,145,71,114
TRGBESS1,31991,51409.627468428,2.3598011197640454,210.81761006289304,27157.45067211963,24252.176796308362,1788,1463,1814,669,174,7.0,59.0,0.015425467384605537,-0.0011312282282989487,169.0,1117,-0.564,0.838,-1.2914285714285716,0.20539236640155176,5.270440251572326,5.270440251572326,150,152,107,121
ERB01,466,50146.64068955497,86.49344238256694,990.3846153846154,29336.7244668183,20809.916222736676,91,12,179,28,17,8.0,3.0,-0.19833002025959606,-0.20088119500032653,50.0,887,-0.745,0.764,-5.3826086956521735,1.183920391928625,3.9148936170212774,5.3826086956521735,151,151,216,212
LYA4,2534,49369.92110758639,20.054540220973248,247.16877323420076,33710.768458107705,15659.152649478687,591,48,1256,192,132,18.0,7.0,0.14275650305941126,0.10366285722036032,13.0,564,-0.527,1.0,-1.062992125984252,0.9244219083860297,3.1083333333333334,3.1083333333333334,152,141,189,139
MORTLK12,10551,48951.97504764984,2.9457845725234804,238.13333333333333,36727.12767596546,12224.847371684376,3290,525,4755,1352,854,24.0,13.0,-0.022551066463169116,-0.008874454098279305,24.0,842,-1.0,1.0,-7.8999999999999995,-0.6364110850670288,12.903225806451614,12.903225806451614,153,132,120,96
MANSLR1,22091,46481.042151630325,1.8433537781358367,24.80382912478302,27144.10961764942,19336.932533980904,2478,1225,7064,737,811,20.0,21.0,0.05858213757957623,0.05237421889365191,0.0,6861,-0.824,0.848,-3.5267857142857144,-0.5686780621707493,4.794445208304689,4.794445208304689,154,153,112,66
SHGEN,5059,45570.50043663694,7.791580049115076,121.09311740890688,26818.10577773552,18752.394658901423,561,232,1182,163,115,19.0,11.0,0.10153949202595978,0.09860057948357567,85.0,6278,-1.0,1.0,-4.880681818181818,-0.6142420292078316,2.2988505747126435,4.880681818181818,155,154,140,160
LYA3,2534,45563.48819178304,21.026808111914836,265.41486988847583,32725.62262856031,12837.865563222733,591,48,1256,192,132,18.0,7.0,0.11789518274532869,0.08873563826213875,28.0,564,-0.527,1.0,-1.062992125984252,0.9244219083860297,3.1083333333333334,3.1083333333333334,156,142,189,139
NPS,13710,44977.23684531056,3.308416840118902,137.4382075471698,13397.667623331052,31579.56922197951,1807,602,3108,616,306,24.0,30.0,0.07672330313631491,0.05298379558767919,58.0,1408,-0.794,0.344,-2.822033898305085,-0.13270613958619973,0.926487747957993,2.822033898305085,157,168,117,111
MLB01,2413,43975.09834520854,14.777129431490025,240.25157232704402,22690.264868578604,21284.833476629938,647,54,1358,220,118,6.0,8.0,-0.026178547817735005,-0.05790154276546147,50.0,171,-0.529,0.768,-1.0078740157480315,-0.09129643554548135,2.408805031446541,2.408805031446541,158,158,188,137
NYNGAN1,8119,41475.224991134535,4.872355807036981,55.97651143451144,16282.479824865855,25192.745166268673,867,367,1610,301,232,20.0,12.0,0.1153113569292793,0.08058253629420191,0.0,4241,-0.796,0.894,-4.294642857142857,-1.22746026104841,1.8974288464182594,4.294642857142857,159,164,130,126
LYA2,2534,38606.71176780995,12.199376761012614,100.46935665914219,26638.045155715066,11968.66661209489,591,48,1256,192,132,18.0,7.0,0.1493314537215983,0.08479509518190702,7.0,564,-0.527,1.0,-1.062992125984252,0.9244219083860297,3.1083333333333334,3.1083333333333334,160,155,189,139
HUMENSW,122979,36111.13922354013,0.6165692366296132,78.36518854999997,18063.656434496355,18047.482789043774,7209,6275,24717,2522,2756,24.0,59.0,0.009998930280161423,0.016271151260248175,583.0,12774,-1.0,1.0,-4.016064257028113,-0.9235248454265091,8.264462809917356,8.264462809917356,161,159,34,21
GOESF1,2870,35329.918209180934,6.967539061075021,249.1353841019412,17160.804619615963,18169.113589564968,770,68,1644,270,143,11.0,10.0,-0.027895502859565838,-0.05060947444892698,16.0,911,-0.976,0.975,-3.2,0.6090126113962324,3.9055555555555554,3.9055555555555554,162,160,186,125
BERYLSF1,8119,35166.19899762623,4.116893393406189,53.35304397089398,11768.172491225285,23398.026506400944,867,367,1610,301,232,20.0,12.0,0.10582200440004227,0.09577566381042475,3.0,4213,-0.82,0.913,-3.919642857142857,-1.1746075080008058,1.565934065934066,3.919642857142857,163,173,130,126
QBYNB1,104532,33117.53825167046,0.5694853620944708,10.071501532175688,16400.480652402322,16717.05759926814,4585,5348,9174,1384,1085,24.0,38.0,0.01795385853332262,-0.018279917769587564,44.0,9348,-1.0,1.0,-1.9282945736434107,-0.8620986196769759,2.2813141683778233,2.2813141683778233,164,163,53,56
YWPS2,80633,32910.788361716695,5.1891052693894855,121.90969762081778,17126.307376018398,15784.480985698294,2268,3411,411,893,54,24.0,55.0,0.002627558725073871,-0.014919043251978849,133.0,3223,-0.427,1.0,-0.476457399103139,0.40194272168058004,9.25925925925926,9.25925925925926,165,161,93,203
GULLRSF1,142851,31789.11372548409,0.55439433068655,11.376308642857149,15041.319410204933,16747.794315279156,5769,6812,9564,1607,1149,24.0,34.0,0.09096621038616011,0.1053187647934555,74.0,7609,-1.0,1.0,-2.2980046644208345,-0.8145273989699185,0.8721704394141145,2.2980046644208345,166,166,29,53
MOLNGSF1,22049,31766.388448775033,1.334394695377722,19.62426715176715,16490.074474620356,15276.313974154673,2474,1222,7044,736,808,20.0,21.0,0.041513350467581873,0.04857617479545812,0.0,6160,-0.829,0.878,-3.607142857142857,-0.6722895703258709,3.2142857142857144,3.607142857142857,167,162,113,68
EILDON2,28539,28281.999564400016,1.1959278774932998,91.46702456140324,15804.673059034889,12477.326505365125,178,477,82,67,7,24.0,16.0,0.12145621805214182,0.07002991123775064,368.0,2140,-0.966,1.0,-2.0473933649289098,0.06269722834913366,3.5087719298245617,3.5087719298245617,168,165,128,217
PIBESS1,83074,26085.56858025656,0.5095898394625681,5.643122676579925,13165.95406372875,12919.614516527812,2932,3491,1766,1112,209,24.0,57.0,0.055367872277090814,0.024222971494203917,1.0,3384,-0.564,1.0,-1.062992125984252,0.48032446203754803,6.833333333333333,6.833333333333333,169,169,88,122
TALWA1,2267,24283.947845376144,14.958248210682726,262.89473684210526,14554.911028343304,9729.036817032842,299,87,793,86,74,16.0,7.0,0.05296881977220948,0.011647213987554854,24.0,3205,-1.0,1.0,-5.6818181818181825,-0.5647923497448326,2.2988505747126435,5.6818181818181825,170,167,177,183
EILDON1,28539,22927.432144559185,0.8320186038292949,92.51965614035062,12573.99637971088,10353.435764848304,178,477,82,67,7,24.0,16.0,0.11252186601247358,0.06675181256124559,412.0,2140,-0.966,1.0,-2.0473933649289098,0.06269722834913366,3.5087719298245617,3.5087719298245617,171,171,128,217
LVES1,2058,22685.231058842764,16.223966332115335,171.659375,12751.074552839447,9934.156506003317,533,26,1125,171,111,12.0,7.0,0.03846251725268653,0.060952711508936615,40.0,419,-0.527,0.83,-1.062992125984252,0.9172952927156531,3.1083333333333334,3.1083333333333334,172,170,213,162
MULWASF1,5611,20295.651441830694,2.40744644547829,33.75,8636.016196612187,11659.635245218507,584,565,1260,274,182,5.0,11.0,-0.06367256487149002,-0.024132301245184475,1.0,874,-1.0,1.0,-2.25,-0.9265397487972185,1.8012820512820515,2.25,173,179,118,138
YWPS1,36782,20088.574038372994,4.394445696338829,75.45619191449818,8747.135368496976,11341.438669876017,1270,1588,582,483,72,24.0,49.0,0.02570655445221397,0.02987227155824111,145.0,1887,-0.527,1.0,-1.062992125984252,0.48575576939094683,9.25925925925926,9.25925925925926,174,178,104,185
ORABESS1,949,19164.185399249756,51.32965673673798,677.0083105882345,9770.833350775425,9393.352048474335,153,20,528,47,34,5.0,5.0,0.2782940440337818,0.29236412129990097,25.0,1394,-0.781,0.928,-3.0957854406130267,-1.5299161697177834,1.3627019089574155,3.0957854406130267,175,177,215,190
VBBL1,2423,18706.61585877999,2.9705935633479266,39.41979999999996,10408.557579588312,8298.058279191677,79,42,0,33,0,2.0,34.0,0.0874516493392994,0.09790563410783658,249.0,253,-1.0,1.0,-9.708737864077671,-0.2440047117862063,5.863636363636364,9.708737864077671,176,175,210,219
WRSF1,4545,18200.47420602037,3.7164319560243895,81.50722453222453,11658.173321636572,6542.300884383801,565,196,1045,215,151,20.0,7.0,0.010100372100913411,-0.004117831233494384,0.0,3617,-0.977,0.976,-8.153153153153154,-1.9488414142917596,13.360881542699724,13.360881542699724,177,174,146,168
VBBG1,2423,17404.113934620764,82.83700204098744,160.92072727272725,10326.747650085274,7077.366284535491,79,42,0,33,0,2.0,34.0,0.102880288751974,0.09911868219146573,144.0,253,-1.0,1.0,-5.863636363636364,0.2440047117862063,9.708737864077671,9.708737864077671,178,176,210,219
MRNBESS1,26197,15309.194904949709,0.3848317870026497,0.0,7932.850935402566,7376.343969547144,1063,1347,397,419,46,6.0,56.0,0.017704755434185655,0.0014696787309984812,85.0,935,-0.564,1.0,-0.6076115485564305,0.44926744014304976,5.847953216374268,5.847953216374268,179,181,110,208
TALWB1,2267,15286.939084283917,11.395181307495362,271.9519590151821,12076.953085134697,3209.9859991492185,299,87,793,86,74,16.0,7.0,-0.013082970890157076,0.06699691584129097,24.0,3184,-1.0,1.0,-5.6818181818181825,-0.5692410953213738,2.2988505747126435,5.6818181818181825,180,172,177,183
RESS1G,6772,15125.910930028618,1.1519185801533127,19.35356468204753,8471.630381424413,6654.280548604204,762,479,2522,264,388,2.0,37.0,-0.02230069786398627,-0.027591887304356157,31.0,1317,-1.0,1.0,-13.404825737265416,-0.739330473220174,1.6827438370846732,13.404825737265416,181,180,126,117
LANCSF1,32037,13018.916142312177,0.5916061109913657,18.291812528301847,6352.930331007951,6665.985811304226,1792,1465,1820,670,175,7.0,61.0,-0.06964005158304618,-0.00793269231596319,9.0,1520,-0.921,1.0,-2.99672131147541,0.4873245639123526,4.011428571428572,4.011428571428572,182,182,106,120
LDBESS1,811,11965.054069459124,79.48268216794007,898.2035928143712,5007.77991908513,6957.2741503739935,137,21,456,46,29,6.0,6.0,0.012944410559083486,0.04695460783859131,19.0,846,-1.0,1.0,-6.410256410256411,-2.4479501700471604,10.683760683760683,10.683760683760683,183,184,214,202
SHPUMP,5059,11113.52365045343,1.802407410977064,64.09162760970679,6169.925701215563,4943.597949237865,561,232,1182,163,115,19.0,11.0,-0.023066861490638895,0.012262547806157495,36.0,6278,-1.0,1.0,-2.2988505747126435,0.6142420292078316,4.880681818181818,4.880681818181818,184,183,140,160
NESBESS1,399,8867.089350710343,19.574148677064773,322.87581699346407,3409.8313177566433,5457.2580329537,63,8,166,20,12,3.0,3.0,-0.065004090600489,-0.0666317644691972,5.0,984,-0.989,0.947,-6.096774193548387,-2.3696826823923547,6.506578947368421,6.506578947368421,185,189,219,213
AGLSOM,9668,8339.600308311858,0.5362928722488289,26.44571999999998,3898.1911689895596,4441.409139322299,548,496,327,197,38,20.0,27.0,0.08198462159056732,0.0004424445192499278,18.0,1128,-0.794,0.2318,0.10887949260042283,0.29717790729694704,0.926487747957993,0.926487747957993,186,186,125,209
LNGS1,13716,8282.60026209724,0.4827444184273591,21.28,2366.957794987255,5915.642467109985,1807,603,3108,616,306,24.0,30.0,0.05693525486132457,0.027949287737524496,14.0,1469,-0.794,0.704,-5.97457627118644,-0.49026347506508877,1.0643274853801168,5.97457627118644,187,191,115,111
CG3,3623,7869.0398468014055,1.3305293172768184,20.85620197585071,3818.965426215905,4050.074420585501,398,165,520,165,106,20.0,7.0,0.03537890925266648,0.0254714379858332,8.0,2354,-1.0,0.465,-0.3631782945736434,1.8767088731778387,13.531799729364007,13.531799729364007,188,187,158,191
BULBESL1,3147,7799.2185858645835,6.676526961823482,159.24528301886792,3559.609554323074,4239.6090315415095,317,76,401,112,51,2.0,47.0,-0.03269109661793159,-0.03056306442282435,0.0,383,-0.844,0.845,-8.194174757281553,-0.08997568528021135,4.766233766233766,8.194174757281553,189,188,184,206
LNGS2,13716,6043.020568691999,0.9083546907518089,84.46096654275092,1020.6498929115584,5022.37067578044,1807,603,3108,616,306,24.0,30.0,0.012539102840021138,0.001156909502731101,3.0,1469,-0.794,0.704,-5.97457627118644,-0.49026347506508877,1.0643274853801168,5.97457627118644,190,196,115,111
CG2,3623,6032.842470594118,3.806597311165795,427.3970893970894,4652.488363420018,1380.3541071741004,398,165,520,165,106,20.0,7.0,-0.05408683499964303,-0.04643335308911345,4.0,2354,-1.0,0.465,-0.3631782945736434,1.8767088731778387,13.531799729364007,13.531799729364007,191,185,158,191
QPSFB1,5026,4888.068459986159,0.8697729001807302,11.201629327902241,2656.2332719554315,2231.8351880307273,433,303,984,142,59,7.0,8.0,0.05127560113843373,0.04444612395328283,3.0,1457,-0.809,0.765,-2.7432950191570877,-1.0201320148259514,0.7577092511013216,2.7432950191570877,192,190,138,180
CG4,3623,3634.0123795585455,0.8365516014988108,20.85620197585071,1158.8391996615726,2475.173179896973,398,165,520,165,106,20.0,7.0,-0.048289550361359956,-0.04863629004307473,0.0,2354,-1.0,0.465,-0.3631782945736434,1.8767088731778387,13.531799729364007,13.531799729364007,193,195,158,191
JLB03,2534,2822.585305072645,0.749452742878148,27.61087499999999,1896.0953584968877,926.4899465757576,591,48,1256,192,132,18.0,7.0,-0.006199411451050421,-0.008351868157472188,0.0,564,-0.527,1.0,-1.062992125984252,0.9435661837618416,6.814814814814815,6.814814814814815,194,192,189,139
QPSFB2,5026,2327.7896608223464,0.27223794800927675,5.312244897959184,1184.5598326299025,1143.229828192444,433,303,984,142,59,7.0,8.0,0.015672158842306938,0.009766590015856624,0.0,1457,-0.809,0.765,-2.7432950191570877,-1.0201320148259514,0.7577092511013216,2.7432950191570877,195,194,138,180
JLA03,2534,2274.3942492381148,0.5245592979312823,18.363636363636367,1341.2254328138724,933.1688164242423,591,48,1256,192,132,18.0,7.0,0.10353325255608266,0.12654312217588803,0.0,564,-0.527,1.0,-1.062992125984252,0.9435661837618416,6.814814814814815,6.814814814814815,196,193,189,139
BULBESG1,3147,1565.4129069397302,1.171801851618456,1.584,929.1216194502729,636.2912874894573,317,76,401,112,51,2.0,47.0,0.02264149099373862,0.014972433604086153,0.0,383,-0.845,0.844,-4.766233766233766,0.08997568528021135,8.194174757281553,8.194174757281553,197,197,184,206
JLA02,2534,1465.7145205887546,0.4871880224271818,18.363636363636367,922.074776134209,543.6397444545455,591,48,1256,192,132,18.0,7.0,0.029810358351376968,0.014445564957610523,0.0,564,-0.527,1.0,-1.062992125984252,0.9435661837618416,6.814814814814815,6.814814814814815,198,198,189,139
JLB02,2534,1285.480760018606,0.37127556524297206,39.17575757575758,666.0241224848485,619.4566375337574,591,48,1256,192,132,18.0,7.0,0.08078674124908132,0.09461965971373915,0.0,564,-0.527,1.0,-1.062992125984252,0.9435661837618416,6.814814814814815,6.814814814814815,199,200,189,139
JLB01,2534,1196.1496843636364,0.3499268043914771,22.030624999999997,803.7475694545456,392.40211490909087,591,48,1256,192,132,18.0,7.0,0.09310634197177121,0.10513497949350621,0.0,564,-0.527,1.0,-1.062992125984252,0.9435661837618416,6.814814814814815,6.814814814814815,200,199,189,139
JLA01,2534,1127.9664207272726,0.3965662469697215,26.933333333333337,646.8491194545455,481.1173012727272,591,48,1256,192,132,18.0,7.0,0.08304449838095544,0.15845749567376916,0.0,564,-0.527,1.0,-1.062992125984252,0.9435661837618416,6.814814814814815,6.814814814814815,201,201,189,139
HUMEV,58093,671.9118744221861,0.017051688021435103,0.4748427672955975,466.0866272534986,205.82524716868747,5541,2490,8524,2291,1561,24.0,44.0,0.0039027257343624226,-0.00015495791848206476,6.0,4256,-1.0,1.0,-3.3557046979865772,0.5183373402734862,1.1750881316098707,3.3557046979865772,202,202,100,59
WILLBES1,2658,540.7448979591836,0.22335600907029476,0.0,259.31632653061223,281.42857142857144,204,150,468,70,19,3.0,3.0,0.0063788867542098,-0.0006348208791498,0.0,879,-1.0,1.0,-1.9186046511627906,-0.9010185858274914,2.286236854138089,2.286236854138089,203,203,172,201
HEZ1,3623,384.30360423480545,0.10993719537328153,0.0,188.07701517432545,196.2265890604799,398,165,520,165,106,20.0,7.0,-0.012169682191255762,-0.006265641587314844,0.0,2817,-0.923,0.817,-8.632676709154113,1.2910140413135627,6.333333333333333,8.632676709154113,204,205,158,191
JLA04,2534,348.45,0.05163752222880853,15.149999999999999,174.225,174.225,591,48,1256,192,132,18.0,7.0,0.0540701620202713,0.0462149063333272,0.0,564,-0.527,1.0,-1.062992125984252,0.9435661837618416,6.814814814814815,6.814814814814815,205,206,189,139
CG1,3623,302.3672097501144,0.4249179426336246,19.2919868276619,235.24771467451552,67.11949507559885,398,165,520,165,106,20.0,7.0,0.08089056718125903,0.03128690061022847,0.0,2354,-1.0,0.465,-0.3631782945736434,1.8767088731778387,13.531799729364007,13.531799729364007,206,204,158,191
LKBONNY2,10,49.73157583562586,4.973157583562586,9.470175501203576,8.97165674002751,40.75991909559835,2,0,0,2,0,1.0,1.0,,,0.0,1,-0.1034,-0.1034,-0.17778541953232463,-0.17778541953232463,-0.17778541953232463,0.17778541953232463,207,209,225,219
VPGS5,2534,46.5546875,0.003736331260032103,0.0,44.6609375,1.8937499999999998,591,48,1256,192,132,18.0,7.0,-0.0363253548931811,-0.0094005976972493,0.0,564,-0.527,1.0,-1.062992125984252,0.9244219083860297,3.1083333333333334,3.1083333333333334,208,207,189,139
LKBONNY1,10,20.185792090784044,2.0185792090784043,4.579125713548831,0.0,20.185792090784044,2,0,0,2,0,1.0,1.0,,,0.0,1,-0.1034,-0.1034,-0.17778541953232463,-0.17778541953232463,-0.17778541953232463,0.17778541953232463,209,211,225,219
LKBONNY3,10,19.910251358321872,1.9910251358321873,3.5557083906464926,0.0,19.910251358321872,2,0,0,2,0,1.0,1.0,,,0.0,1,-0.1034,-0.1034,-0.17778541953232463,-0.17778541953232463,-0.17778541953232463,0.17778541953232463,210,211,225,219
LBB1,10,15.111760660247594,1.5111760660247593,4.266850068775791,12.444979367262723,2.6667812929848695,2,0,0,2,0,1.0,1.0,,,0.0,1,-0.1034,-0.1034,-0.17778541953232463,-0.17778541953232463,-0.17778541953232463,0.17778541953232463,211,208,225,219
BDL01,2534,13.625818181818182,0.0035456201357840704,0.0,3.831878787878787,9.793939393939395,591,48,1256,192,132,18.0,7.0,0.0086329619326181,-0.011408507435118799,0.0,564,-0.527,1.0,-1.062992125984252,0.9436154351408803,6.824074074074074,6.824074074074074,212,210,189,139
LADBROK2,10,0.0,0.0,0.0,0.0,0.0,2,0,0,2,0,1.0,1.0,,,0.0,1,-0.0948,-0.0948,-0.16299862448418156,-0.16299862448418156,-0.16299862448418156,0.16299862448418156,213,211,225,219
LADBROK1,10,0.0,0.0,0.0,0.0,0.0,2,0,0,2,0,1.0,1.0,,,0.0,1,-0.0948,-0.0948,-0.16299862448418156,-0.16299862448418156,-0.16299862448418156,0.16299862448418156,213,211,225,219
BDL02,2534,0.0,0.0,0.0,0.0,0.0,591,48,1256,192,132,18.0,7.0,,,0.0,564,-0.527,1.0,-1.062992125984252,0.9436154351408803,6.824074074074074,6.824074074074074,213,211,189,139
CNUNDAWF,10,0.0,0.0,0.0,0.0,0.0,2,0,0,2,0,1.0,1.0,,,0.0,1,-0.1034,-0.1034,-0.17778541953232463,-0.17778541953232463,-0.17778541953232463,0.17778541953232463,213,211,225,219
CAPBES1G,1363,0.0,0.0,0.0,0.0,0.0,106,91,189,37,46,1.0,9.0,,,0.0,443,-0.9998,0.9997,-1.9249133615710436,-0.8310880008457964,0.5008171842166705,1.9249133615710436,213,211,175,210
CAPBES1L,1363,0.0,0.0,0.0,0.0,0.0,106,91,189,37,46,1.0,9.0,,,0.0,443,-0.9997,0.9998,-0.5008171842166705,0.8310880008457964,1.9249133615710436,1.9249133615710436,213,211,175,210
HUNTER2,305,0.0,0.0,0.0,0.0,0.0,62,11,142,19,9,7.0,3.0,,,0.0,708,-0.871,0.652,-5.260869565217391,1.374048379156067,4.9787234042553195,5.260869565217391,213,211,217,215
HUNTER1,305,0.0,0.0,0.0,0.0,0.0,62,11,142,19,9,7.0,3.0,,,0.0,708,-0.871,0.652,-5.260869565217391,1.374048379156067,4.9787234042553195,5.260869565217391,213,211,217,215
HBESSG1,621,0.0,,,0.0,0.0,17,8,0,8,0,,,,,,12,-0.432,0.752,-0.7650050864699899,0.13258602094187036,0.6121212121212122,0.7650050864699899,213,211,219,219
HBESSL1,621,0.0,,,0.0,0.0,17,8,0,8,0,,,,,,12,-0.752,0.432,-0.6121212121212122,-0.13258602094187036,0.7650050864699899,0.7650050864699899,213,211,219,219
NESBESS2,399,0.0,0.0,0.0,0.0,0.0,63,8,166,20,12,3.0,3.0,,,0.0,984,-0.989,0.947,-6.096774193548387,-2.3696826823923547,6.506578947368421,6.506578947368421,213,211,219,213
PIBESSG1,621,0.0,,,0.0,0.0,17,8,0,8,0,,,,,,12,-0.432,0.752,-0.7650050864699899,0.13258602094187036,0.6121212121212122,0.7650050864699899,213,211,219,219
SNUG1,10,0.0,0.0,0.0,0.0,0.0,2,0,0,2,0,1.0,1.0,,,0.0,1,-0.1034,-0.1034,-0.17778541953232463,-0.17778541953232463,-0.17778541953232463,0.17778541953232463,213,211,225,219
PIBESSL1,621,0.0,,,0.0,0.0,17,8,0,8,0,,,,,,12,-0.752,0.432,-0.6121212121212122,-0.13258602094187036,0.7650050864699899,0.7650050864699899,213,211,219,219
PLBESS1,1470,0.0,0.0,0.0,0.0,0.0,372,30,920,130,70,2.0,8.0,,,0.0,174,-0.93,0.93,-3.0097087378640777,0.5382664457295386,3.5909090909090913,3.5909090909090913,213,211,212,182
VPGS2,2534,0.0,0.0,0.0,0.0,0.0,591,48,1256,192,132,18.0,7.0,,,0.0,564,-0.527,1.0,-1.062992125984252,0.9244219083860297,3.1083333333333334,3.1083333333333334,213,211,189,139
VPGS6,2534,0.0,0.0,0.0,0.0,0.0,591,48,1256,192,132,18.0,7.0,,,0.0,564,-0.527,1.0,-1.062992125984252,0.9244219083860297,3.1083333333333334,3.1083333333333334,213,211,189,139
VPGS3,2534,0.0,0.0,0.0,0.0,0.0,591,48,1256,192,132,18.0,7.0,,,0.0,564,-0.527,1.0,-1.062992125984252,0.9244219083860297,3.1083333333333334,3.1083333333333334,213,211,189,139
VPGS4,2534,0.0,0.0,0.0,0.0,0.0,591,48,1256,192,132,18.0,7.0,,,0.0,564,-0.527,1.0,-1.062992125984252,0.9244219083860297,3.1083333333333334,3.1083333333333334,213,211,189,139
VPGS1,2534,0.0,0.0,0.0,0.0,0.0,591,48,1256,192,132,18.0,7.0,,,0.0,564,-0.527,1.0,-1.062992125984252,0.9244219083860297,3.1083333333333334,3.1083333333333334,213,211,189,139
