DUID,contribution_rows,total_abs_impact_mw_observations,mean_abs_bound_impact_mw,p95_abs_bound_impact_mw,total_tightening_mw_observations,total_relief_mw_observations,contraction_contribution_rows,reversal_contribution_rows,forced_contribution_rows,contraction_onsets,forced_onsets,contraction_abs_impact_mw_observations,contraction_tightening_mw_observations,contraction_relief_mw_observations,contraction_positive_rows,active_months,active_constraint_versions,limit_move_spearman,flow_move_spearman,top_contributor_intervals,equation_versions,factor_min,factor_max,sensitivity_min,sensitivity_mean,sensitivity_max,sensitivity_abs_max,overall_rank,contraction_positive_share,contraction_mean_positive_tightening_mw,contraction_rank,reversal_rank,forced_rank
KIAMSF1,142191,2715546.208908672,21.90755526012908,346.5892193829793,1585549.230549103,1129996.9783595689,11975,7211,24857,4860,3227,531626.4115664408,415723.7223355656,115902.68923087524,5153,24.0,49.0,0.1432140638169558,-0.0033434073029983673,9883.0,5251,-1.0,0.9159,-1.8518518518518516,1.3725750333561022,8.356545961002785,8.356545961002785,1,0.43031315240083506,34.71596846226018,1,9,1
LIMOSF11,130301,2627481.0708887256,20.666570590497667,410.92332423255795,1535496.0180793745,1091985.052809351,10302,6860,22399,4145,2924,495603.1083263564,412099.7196032339,83503.38872312248,4388,24.0,39.0,0.16973228507640026,0.028280155207942907,8813.0,3446,-0.997,1.0,-7.173620457604307,0.13492890493809934,13.426183844011142,13.426183844011142,2,0.42593671131819066,40.00191415290564,2,23,22
WEMENSF1,140077,2164056.720819476,18.713184903640542,317.6044186046511,1217382.7376246075,946673.9831948684,11637,7120,24288,4710,3149,370396.5177349086,277160.42493656045,93236.09279834814,4978,24.0,49.0,0.11794404377855013,0.0036523143155121926,3762.0,5298,-1.0,1.0,-5.0761421319796955,1.3022037335244352,11.518105849582172,11.518105849582172,3,0.42777348113775027,23.81717151641836,5,12,7
BANN1,140077,2068283.5208464349,17.78242804233162,290.6694488372092,1163193.7928435141,905089.7280029209,11637,7120,24288,4710,3149,340238.3689361198,255240.963219789,84997.40571633074,5054,24.0,49.0,0.12478370445041025,-0.0017541612745178815,3461.0,5298,-1.0,1.0,-5.0761421319796955,1.3022037335244352,11.518105849582172,11.518105849582172,4,0.434304373979548,21.933570784548337,6,12,7
KESSB1,111788,2011362.619718274,25.215831341965842,655.5555555555554,1094166.8412486142,917195.77846966,9524,5813,20299,3900,2561,311116.9740391322,222237.9093333789,88879.06470575332,1286,20.0,48.0,0.056489504903277594,0.011070670191499144,10950.0,4385,-1.0,1.0,-4.10126582278481,1.5210065317214694,7.43076923076923,7.43076923076923,5,0.13502729945401093,23.334513789728987,8,29,27
MUWAWF1,139821,1982768.3015687156,17.52381072803151,442.4464578982025,1108132.6092403855,874635.69232833,11767,7040,24294,4778,3156,404167.3974667611,285821.7898033967,118345.60766336444,3777,24.0,48.0,0.03559562800348425,0.03798580738425416,12342.0,4877,-1.0,0.9159,-1.8518518518518516,1.2176984618808213,8.63961813842482,8.63961813842482,6,0.3209824084303561,24.29011556075437,3,18,6
SUNRSF1,130301,1867527.589457618,14.8267625828719,231.65168557781737,1118866.7590327954,748660.8304248225,10302,6860,22399,4145,2924,357015.30683080776,283596.13453358295,73419.17229722482,4596,24.0,39.0,0.1472816401085481,0.016218894395783254,3335.0,3446,-0.997,1.0,-7.173620457604307,0.13492890493809934,13.426183844011142,13.426183844011142,7,0.44612696563774024,27.52826000131848,4,23,22
KARSF1,141959,1590420.5885728884,12.707488107124968,233.06981663255803,935759.1004265548,654661.4881463336,11911,7189,24758,4835,3213,298545.28617255064,237850.5297944803,60694.75637807033,5030,24.0,49.0,0.14063073156260597,0.0010677473574276456,2486.0,5362,-1.0,1.0,-1.076923076923077,1.4658406658477048,10.64066852367688,10.64066852367688,8,0.4222987154730921,19.96898075681977,7,10,2
MUWAWF2,139910,1573508.6111318802,13.312897867257877,230.02129847869062,817575.6853505537,755932.9257813266,11786,7044,24365,4783,3159,277925.91731415415,160823.590089907,117102.32722424719,4085,24.0,48.0,0.022430555467252335,0.02211693040309095,8941.0,4881,-1.0,0.9159,-1.8518518518518516,1.220080525379815,8.63961813842482,8.63961813842482,9,0.3465976582385882,13.645307151697523,11,17,5
STWF1,130343,1540438.9950527733,12.398288997505963,171.39415374080053,678658.6650817438,861780.3299710293,10312,6871,22401,4151,2930,189479.84638056502,96702.13539299245,92777.71098757257,3924,24.0,39.0,0.03781769567451997,0.022362025962190456,14062.0,3711,-0.997,1.0,-9.385749385749385,0.3663745034248451,13.426183844011142,13.426183844011142,10,0.3805275407292475,9.377631438420524,18,21,20
YATSF1,141959,1497848.5493691664,11.813203586803006,232.92534325581383,869802.3809698253,628046.168399341,11911,7189,24758,4835,3213,265249.71686793334,208457.17032931704,56792.54653861632,5217,24.0,49.0,0.14624229946498798,0.0008739948405383191,1831.0,5362,-1.0,1.0,-1.076923076923077,1.4658406658477048,10.64066852367688,10.64066852367688,11,0.4379984887918731,17.5012316622716,9,10,2
ARWF1,92376,1259141.2124035752,25.773289346200002,647.6469206349194,649096.27687853,610044.9355250451,9443,5232,17452,3820,2472,239587.83862504718,111852.5211718198,127735.31745322738,4169,24.0,47.0,0.004109447907204009,-0.007016639327176609,2336.0,4501,-1.0,1.0,-1.8518518518518516,1.1230727644167082,11.933174224343675,11.933174224343675,12,0.44149105157259344,11.845019715325616,16,31,31
MURRAY,55457,1221595.2850111346,24.41937426522367,457.95188284518684,751789.6483395759,469805.6366715586,5720,2918,10686,2230,1365,255027.1014966517,187228.17441161617,67798.92708503554,1026,24.0,43.0,0.008804291365897013,0.008050777055198985,5937.0,4008,-0.999,1.0,-12.158774373259053,1.5450792954909616,13.458950201884251,13.458950201884251,13,0.17937062937062936,32.73219832370912,10,65,62
MACARTH1,73667,1220377.0496630059,22.477668744807755,242.77100680272108,632907.1928452502,587469.8568177556,6570,3950,12567,2538,1558,169663.06172220845,106045.51590184506,63617.5458203634,3131,24.0,52.0,0.12160240824613644,0.044066172250660215,7363.0,4162,-1.0,1.0,-1.1806375442739079,0.9431276757402168,2.0964360587002098,2.0964360587002098,14,0.4765601217656012,16.14087000028083,17,38,55
MOORAWF1,34541,1012253.2941282586,67.90910483044563,2231.899048152295,538934.4346732803,473318.85945497826,5097,1511,9683,1968,1180,222901.3117980269,128324.34674761626,94576.96505041065,2530,24.0,43.0,0.0454472248122772,0.03579190853599627,2370.0,4034,-0.9801,1.0,-1.5111111111111108,0.9608308970206254,12.406947890818858,12.406947890818858,15,0.4963704139690014,25.176446291468757,14,101,70
RYANCWF1,64552,969095.3748090165,17.864917848750743,181.8013856812933,511111.417202976,457983.9576060405,6214,3349,12177,2393,1495,127139.45915807094,75089.04385641191,52050.415301659035,2886,24.0,52.0,0.0894786111054845,0.027941640570117228,5247.0,4101,-1.0,1.0,-1.1806375442739079,0.9497711256841703,2.0964360587002098,2.0964360587002098,16,0.46443514644351463,12.083849992985503,25,61,56
LKBONNY2,173965,930741.9237655539,6.015172273497482,48.14379604000003,492986.0568163211,437755.86694923276,5403,8536,23629,2364,2570,53082.878794134784,41451.89100288489,11630.987791249892,2812,24.0,60.0,0.16566997942195455,0.1277277180579887,52634.0,7343,-1.0,1.23,-1.7806267806267806,-0.8496408084277597,0.193,1.7806267806267806,17,0.5204516009624283,7.672013881711067,41,1,12
MERCER01,34566,843371.0118295905,57.19149558169168,1289.646898096304,392127.78539563477,451243.22643395583,5107,1518,9692,1972,1184,197568.9883751107,82671.44139573172,114897.54697937898,2317,24.0,43.0,0.01834776267011406,0.01528388380530474,895.0,4038,-0.9801,1.0,-1.5111111111111108,0.9613761007681327,12.406947890818858,12.406947890818858,18,0.4536910123360094,16.187867905958825,22,100,69
GSWF1A,85812,837951.2880025831,37.160962264480254,535.5886320754717,487139.7009764939,350811.5870260893,3917,3469,16983,1755,1595,173267.9665277856,129148.3948012584,44119.57172652721,2165,24.0,19.0,0.05369854600720911,-0.10458846735097567,8535.0,1605,-0.976,1.0,-4.761904761904762,-2.63682243814515,0.201,4.761904761904762,19,0.5527189175389329,32.97125218311422,13,45,32
GSWF1B1,85812,810062.2769714092,34.07098271828903,714.4759409594095,474218.8023226597,335843.4746487495,3917,3469,16983,1755,1595,157496.07466357245,124109.99592795732,33386.07873561511,1905,24.0,19.0,0.03979385421639157,-0.09882948188170904,7683.0,1605,-0.976,1.0,-4.761904761904762,-2.63682243814515,0.201,4.761904761904762,20,0.4863415879499617,31.68496194229189,15,45,32
BROKENH1,130364,800038.6243692278,6.777341541495502,129.05447300465116,454165.82164555637,345872.80272367137,10319,6873,22411,4152,2931,110004.03977770482,76863.73499708915,33140.30478061566,3969,24.0,39.0,0.10852491180812693,-0.008741948451874874,1479.0,3712,-0.997,1.0,-9.385749385749385,0.3664405663280173,13.426183844011142,13.426183844011142,21,0.38463029363310397,7.448758115814435,24,20,19
STOCKYD1,44502,782637.53455042,20.02831825419299,191.28544217687073,446178.4654894459,336459.06906097423,2703,2783,5580,985,655,80650.3765156273,56109.61464044834,24540.76187517898,1491,24.0,18.0,0.17635712643735418,0.09276209497271941,5806.0,1234,-1.0,1.0,0.07834525025536263,1.0606358598367849,1.467741935483871,1.467741935483871,22,0.5516093229744728,20.758274006825133,35,72,113
VBB1,33144,760051.2016223678,42.901777930031535,866.0508083140877,410523.43442842923,349527.7671939386,4754,1428,8862,1842,1076,148432.75614494426,94285.34797902158,54147.40816592268,1374,24.0,42.0,0.03350715259225178,0.04021820093805503,3325.0,3859,-1.0,1.0,-1.076923076923077,0.9596749922420078,7.194244604316546,7.194244604316546,23,0.289019772822886,19.832845599289353,19,104,88
GANNSF1,139088,754577.3528795396,6.847219529207389,91.58097637130801,363097.9300324567,391479.4228470829,11596,7059,24278,4694,3147,144849.11542869464,61516.15471160607,83332.96071708857,3891,24.0,48.0,0.027256556922378453,0.023533867167417368,633.0,5258,-1.0,1.0,-4.1069767441860465,1.2451556564749635,13.927576601671309,13.927576601671309,24,0.33554674025526043,5.304946077234052,32,14,9
BULGANA1,109655,742894.9845739313,9.809592468073243,192.15317960161659,396717.5171607896,346177.46741314174,10025,5976,18496,4015,2569,129479.5562477025,72221.45931333375,57258.096934368754,3900,24.0,48.0,0.0046085795831103,-0.00010641341046078648,1351.0,4613,-1.0,0.968,-1.8518518518518516,1.112607455741851,11.252983293556085,11.252983293556085,25,0.38902743142144636,7.204135592352493,28,28,29
BLYTHB1,10539,706323.1258681054,35.01218987427398,512.8787878787879,446545.34449308505,259777.78137502045,1652,437,4208,857,688,158926.28912877716,143817.2214954031,15109.067633374087,503,22.0,13.0,0.2526032249062808,0.30270742551486196,1925.0,1229,-0.998,1.0,-14.124293785310734,-2.235551541398609,2.5534950071326676,14.124293785310734,26,0.30447941888619856,87.05642947663625,12,135,120
PAREPW1,55593,659874.357907543,39.116515084792155,485.7199372641508,368942.41543157713,290931.9424759658,2789,2313,9042,1297,1075,129584.44260885258,91384.80157332007,38199.641035532506,1382,22.0,18.0,0.03883997265437415,-0.07913448252649208,4641.0,1455,-0.988,1.0,-10.683760683760683,-3.0238952506628687,6.7902995720399435,10.683760683760683,27,0.49551810684833275,32.766153307034806,21,80,77
BRYB1WF1,34626,646147.1407002155,31.05862473746404,900.4424565756824,323191.8879764559,322955.25272375956,5123,1520,9750,1977,1186,133080.1323689226,73367.52808348025,59712.60428544235,2607,24.0,43.0,0.051078469819891725,0.023254189938080868,1068.0,4091,-0.9767,0.971,-1.6444444444444444,0.9656585824954756,6.676258992805755,6.676258992805755,28,0.5088815147374586,14.321203998336962,27,95,63
HD1WF1,64552,577973.7981001115,11.604408415061059,119.27210884353741,294393.99522955465,283579.8028705569,6214,3349,12177,2393,1495,78922.02589948362,45875.349801195254,33046.67609828836,2661,24.0,52.0,0.07099523003444635,0.02937410311736123,2152.0,4101,-1.0,1.0,-1.1806375442739079,0.9497711256841703,2.0964360587002098,2.0964360587002098,29,0.42822658513035083,7.382579626841849,39,61,56
YENDWF1,57384,556334.6061697033,27.598004148108213,998.8543673012317,316922.2366828348,239412.36948686853,6158,3035,11674,2396,1499,116034.408870428,73935.47154184636,42098.93732858164,2759,24.0,44.0,0.016610406393873883,0.008463665466843004,749.0,4121,-0.9444,0.9992,-2.1645569620253164,0.9516874436567463,8.002481389578163,8.002481389578163,30,0.44803507632348166,12.006409798935753,26,63,58
MRTLSWF1,34624,535179.4917640835,27.554775065584636,529.4999354962778,277982.53811238124,257196.9536517023,5122,1520,9749,1976,1186,102761.04508831435,58609.38002912824,44151.6650591861,2602,24.0,43.0,0.049893722698476244,0.008292683851955779,805.0,4067,-0.9838,0.979,-1.422222222222222,0.9514162704441602,6.820143884892086,6.820143884892086,31,0.5080046856696603,11.442674742117969,34,95,65
HPR1,85064,515322.26107130834,17.13542443183763,284.3853820598007,282099.19010967395,233223.07096163445,3914,3461,16983,1752,1595,79770.14466367073,55110.004969902926,24660.139693767804,1510,24.0,19.0,0.06757074551344368,-0.07471590840526142,9273.0,1622,-0.982,1.5,-10.658616904500548,-2.631072999462026,12.239657631954351,12.239657631954351,32,0.38579458354624424,14.080226103705398,36,48,32
BHB1,130344,511128.1540005812,4.529508707494062,136.40000000000003,275339.228199511,235788.92580107017,10312,6871,22401,4151,2930,54402.18057678481,30781.06856139357,23621.112015391245,1220,24.0,39.0,0.011212440682617416,0.00937466025432544,3987.0,4105,-0.997,1.0,-9.385749385749385,0.6076241620127323,13.426183844011142,13.426183844011142,33,0.1183087664856478,2.9849756168923167,56,21,20
BRYB2WF2,34626,510123.36938863434,34.13463017567263,644.9158188585608,264380.22778418555,245743.14160444873,5123,1520,9750,1977,1186,107408.2659748567,64896.47181415796,42511.79416069874,2512,24.0,43.0,0.049110622098277386,0.02495891219162078,367.0,4091,-0.9767,0.971,-1.6444444444444444,0.9656585824954756,6.676258992805755,6.676258992805755,34,0.49033769275814953,12.667669688494623,30,95,63
CROWLWF1,102175,503456.3288538844,10.885318502127836,504.0675811870099,263229.4487513887,240226.88010249575,9516,5541,17560,3840,2482,89558.65238696281,48158.89027176212,41399.762115200705,3966,24.0,47.0,0.00671367061040231,0.004933883441115879,435.0,4558,-1.0,1.0,-1.8518518518518516,1.1284927585715956,11.694510739856801,11.694510739856801,35,0.4167717528373266,5.060833361891773,38,30,30
WGWF1,85049,476816.24168588384,18.10263674019186,229.36309523809504,253414.7199691842,223401.52171669964,3912,3461,16981,1751,1594,68277.48080869275,42781.17484104603,25496.305967646724,1945,24.0,18.0,0.03155871956843767,-0.09597862200769705,2616.0,1615,-0.982,1.5,-8.951456310679612,-2.71919961348317,6.7902995720399435,8.951456310679612,36,0.4971881390593047,10.935883139326695,40,48,45
LKBONNY1,173965,476596.21629048843,2.962392872382643,25.581292517006794,249697.341389419,226898.87490106944,5403,8536,23629,2364,2570,27050.971174777922,20558.02385111671,6492.947323661208,2681,24.0,60.0,0.13632839515153222,0.10348943464812543,15736.0,7075,-1.09,1.1,-1.7806267806267806,-0.8442812362676546,0.193,1.7806267806267806,37,0.49620581158615584,3.8049276052409238,77,1,12
TB2SF1,94619,436024.5057616427,7.868468827297547,338.5135033557046,287135.485850575,148889.01991106776,2061,4646,8161,857,972,94642.00724431971,91508.35649096566,3133.6507533540653,1122,24.0,33.0,0.1625829103069018,0.118732422459373,5563.0,3806,-1.0,1.0,-14.245014245014245,-0.7087516648222653,6.4935064935064934,14.245014245014245,38,0.5443959243085881,44.39997888935743,20,32,91
TBSF1,94619,433596.69789175375,5.899415867324519,195.3875973154361,287822.8803405588,145773.81755119492,2061,4646,8161,857,972,83350.11978477964,79163.73105694405,4186.3887278355905,1090,24.0,33.0,0.16868727485824744,0.09893063640895441,5129.0,3806,-1.0,1.0,-14.245014245014245,-0.708772022999429,6.4935064935064934,14.245014245014245,39,0.5288694808345463,38.41034985780885,23,32,91
RANGEB1,29396,431900.58108120685,28.75839807237123,539.0835579514825,211963.20217058074,219937.3789106261,4087,1169,7245,1628,927,79693.8379798932,38111.497902315066,41582.34007757814,526,24.0,39.0,0.009658675264542707,0.030754120101285948,2137.0,3425,-0.564,1.0,-1.076923076923077,0.8678137118299464,4.201680672268908,4.201680672268908,40,0.12870075850256912,9.32505453934795,45,113,101
CRWARP1,28563,416733.7054084419,19.12603222549231,318.3811299199999,240614.701519193,176119.0038892489,2674,1347,7608,1109,790,87684.25832765695,64074.92108738783,23609.337240269117,926,10.0,15.0,0.1079707037345349,-0.012300111849488492,1394.0,974,-1.0,0.8,-0.7238605898123325,1.7019319629909062,3.12621359223301,3.12621359223301,41,0.3462976813762154,23.962199359531724,31,105,97
GANNB1,139088,413219.4178507618,3.5302625617994203,57.40506329113924,215095.54345709883,198123.87439366302,11596,7059,24278,4694,3147,60307.66328270726,35645.47352122825,24662.189761479018,1805,24.0,48.0,0.021477553806840476,-0.0022574808695249885,3706.0,5258,-1.0,1.0,-4.1069767441860465,1.2451556564749635,13.927576601671309,13.927576601671309,42,0.15565712314591237,3.073945629633343,48,14,9
ELAINWF1,34541,400387.89565673424,24.625052715653634,888.4322508398656,245870.2009199202,154517.69473681407,5097,1511,9683,1968,1180,96307.40309948838,68762.4276748304,27544.975424657976,2279,24.0,43.0,0.042578742566315914,0.045658232153810145,115.0,4034,-0.9801,1.0,-1.5111111111111108,0.9608308970206254,12.406947890818858,12.406947890818858,43,0.4471257602511281,13.49076469979015,29,101,70
LIMOSF21,130302,396163.84486054914,3.133539959764146,60.265089395348795,229332.98028317123,166830.86457737794,10302,6860,22399,4145,2924,74233.50551006704,59018.76174358693,15214.743766480102,4609,24.0,39.0,0.15781384297178008,0.022948089411176237,137.0,3500,-0.997,1.0,-7.173620457604307,0.17701695821825583,13.426183844011142,13.426183844011142,44,0.4473888565327121,5.728864467441946,33,23,22
KERNGSP1,130076,370906.1462553144,4.377563588478675,103.55194222222222,185486.61357669532,185419.53267861906,10533,6720,22988,4284,2920,70803.97357720893,33118.46461650836,37685.50896070058,2792,21.0,48.0,0.03497069412859593,0.004139658558417498,539.0,4635,-1.0,1.0,-4.1069767441860465,1.2274791684587065,13.927576601671309,13.927576601671309,45,0.26507167948352794,3.144257535033548,54,26,15
LBB1,168206,359834.9705143526,2.281633200417595,24.0,182987.84154562996,176847.12896872265,5084,8162,22515,2248,2425,12325.977753185209,6924.645244200983,5401.332508984226,613,24.0,51.0,0.06670352808565867,0.08201088851764221,19009.0,6910,-1.0,1.0,-1.7806267806267806,-0.7691381156899321,0.193,1.7806267806267806,46,0.12057435090479937,1.3620466648703744,108,4,16
DUNDWF1,44652,346579.59815822303,8.799875391647356,145.33558325635104,196398.8142154504,150180.7839427726,2712,2785,5652,988,655,44307.643982197085,38113.410776405275,6194.233205791817,1174,24.0,18.0,0.12538824793426107,0.0497562241300884,1479.0,1291,-1.0,1.0,-0.5129032258064516,1.0276252632341738,1.4539170506912442,1.4539170506912442,47,0.43289085545722716,14.053617542922298,44,69,108
DARLSF1,58566,340896.6216537076,5.9621625439486055,58.55988436418179,182244.45477405272,158652.16687965486,5697,3659,11050,2329,1631,58934.35761760652,36906.621014529665,22027.73660307685,2264,24.0,33.0,0.10218243109651552,-0.00850252951346814,310.0,2136,-0.453,0.337,-3.6081370449678802,-0.43963991876379466,5.177142857142858,5.177142857142858,48,0.39740214147797087,6.478255400128079,47,42,60
KIATAWF1,134273,319836.2384327657,2.871706018347756,48.57857111597362,165962.05182824546,153874.18660452025,11899,6988,24451,4829,3191,57861.87383600471,34449.57575681255,23412.298079192162,4022,24.0,48.0,0.005333557306677999,0.016191935736863027,662.0,5060,-1.0,0.9159,-1.8444444444444443,1.2802712709304185,12.658227848101266,12.658227848101266,49,0.3380115976132448,2.895165623734141,51,19,4
BULBES1,110101,309829.13863219577,4.674381087631291,73.40646651270208,156172.95095148816,153656.18768070763,10099,5995,18559,4051,2593,49826.75200331757,25571.138442248495,24255.613561069073,1559,24.0,48.0,-0.013828621845400697,-0.0031927170286886546,517.0,4635,-1.0,0.968,-1.8518518518518516,1.1493071694773405,11.252983293556085,11.252983293556085,50,0.15437171997227447,2.5320465830526286,65,27,28
NBHWF1,85049,309614.5258251494,14.165001638232877,302.9909723247232,181281.05287793875,128333.4729472106,3912,3461,16981,1751,1594,55056.378402100425,40448.024073978784,14608.354328121644,1735,24.0,18.0,0.0492872548052991,-0.10393842534234621,1705.0,1608,-0.983,1.5,-8.951456310679612,-2.7412412483749993,6.7902995720399435,8.951456310679612,51,0.44350715746421265,10.339474456538545,43,48,45
COHUNSF1,139088,294775.64798963716,2.5984348284333447,85.79695222222223,152824.14181494887,141951.5061746883,11596,7059,24278,4694,3147,52182.577348675615,26913.459899817546,25269.117448858065,2183,24.0,48.0,0.03954440135372181,0.01658049833478038,630.0,5258,-1.0,1.0,-4.1069767441860465,1.2451556564749635,13.927576601671309,13.927576601671309,52,0.18825457054156605,2.320926172802479,63,14,9
NUMURSF1,75616,293997.90336472203,5.072635423771867,85.8982030766873,146597.8860545941,147400.01731012794,8410,4361,16053,3394,2198,58015.97336547253,28721.646781684878,29294.326583787642,2331,24.0,46.0,0.02610819354963067,0.010461241884416939,232.0,4163,-1.0,0.881,-9.944289693593314,0.7643989199305792,13.192612137203165,13.192612137203165,53,0.27717003567181925,3.4151779764191295,59,35,48
SNOWTWN1,55832,293015.7216539915,22.4096417815888,511.41353790654205,181101.329323827,111914.39233016447,2826,2323,9081,1324,1090,66300.14133330918,51354.540695839256,14945.600637469917,1406,22.0,19.0,0.02669281157250624,-0.07809016232302438,431.0,1603,-0.99,1.0,-14.04494382022472,-2.888150796873974,9.644381223328592,14.04494382022472,54,0.4975230007077141,18.17216585132316,37,75,75
LIMBESS1,40024,290153.154182863,8.015156620847907,172.2222222222222,156590.54244905786,133562.61173380516,3503,2072,8716,1453,1024,48638.74278631443,33202.267616282974,15436.475170031461,395,11.0,15.0,0.056105781973829844,0.0025315076011358482,3053.0,839,-0.957,1.0,-6.026490066225166,0.7371986493299838,2.9256505576208176,6.026490066225166,55,0.11276049100770767,9.47823797210476,53,91,89
HDWF3,85064,286574.217511597,10.4995095843408,131.65734198113196,159758.6460998618,126815.57141173522,3914,3461,16983,1752,1595,43879.21770904642,27156.019127633917,16723.198581412496,1891,24.0,19.0,0.048917483732162134,-0.11236614941911426,1255.0,1622,-0.982,1.5,-10.658616904500548,-2.631072999462026,12.239657631954351,12.239657631954351,56,0.4831374552887072,6.938175556370444,62,48,32
MTGELWF1,34538,282102.5852689196,10.066485569504954,161.75637268016467,149200.29524024238,132902.2900286772,5092,1509,9726,1967,1179,44552.96322111239,24057.170697334175,20495.79252377821,2375,24.0,43.0,0.00519270748978928,0.007688750006530936,284.0,3973,-0.995,0.994,-1.949468085106383,0.9147458226070089,7.086330935251798,7.086330935251798,57,0.4664179104477612,4.724503279130828,68,103,68
WATERLWF,54718,276118.56966822856,13.48972399115485,157.92020105660376,148358.75189215594,127759.8177760726,2616,2261,8686,1240,1015,43131.05475668942,25212.494358842985,17918.560397846428,1339,22.0,17.0,0.03897913614641701,-0.06274532602788156,791.0,1290,-1.0,1.0,-14.265335235378032,-3.7488122177933008,14.22475106685633,14.265335235378032,58,0.5118501529051988,9.637803653991966,66,90,90
CNUNDAWF,168206,264312.2669469485,1.8226248975981842,18.45099685636851,141168.9334706881,123143.33347626039,5084,8162,22515,2248,2425,11302.616683523795,7965.497988124869,3337.1186953989263,2306,24.0,51.0,0.12398829534952707,0.07744110018269691,4421.0,6995,-1.0,1.3,-1.7806267806267806,-0.869201506421964,0.193,1.7806267806267806,59,0.45357985837922893,1.5667777317318783,102,4,16
DARTM1,30924,262848.873258014,6.386521210514329,313.0376569037657,153694.6827088778,109154.19054913618,4337,1307,7879,1703,998,47909.20729800938,29250.131441337086,18659.075856672287,91,24.0,41.0,0.04404560402752656,0.02862993350445437,708.0,3682,-1.0,1.0,-13.966480446927374,1.6931538025752224,10.183299389002038,13.966480446927374,60,0.020982245792022135,6.744323597264719,57,106,94
SALTCRK1,34624,258879.46973158504,12.618023543336715,209.56468924972,140587.20724948982,118292.26248209523,5122,1520,9749,1976,1186,53715.91163453266,34760.10415330367,18955.80748122899,2408,24.0,43.0,0.019713530227620724,0.022494594394015802,121.0,4067,-0.9847,0.98,-1.385185185185185,0.9453376219314162,6.841726618705035,6.841726618705035,61,0.47012885591565795,6.786431892484122,50,95,65
HDWF2,85064,255249.90160622203,9.594718769233653,99.96633254716974,142132.07295610514,113117.82865011689,3914,3461,16983,1752,1595,38942.03992895955,24237.43381155693,14704.606117402616,1814,24.0,19.0,0.04670653336278668,-0.10798797409389385,1115.0,1622,-0.982,1.5,-10.658616904500548,-2.631072999462026,12.239657631954351,12.239657631954351,62,0.4634644864588656,6.1924971414299765,67,48,32
HALLWF1,85064,255111.97671470852,11.905852836264208,261.33792066420665,147169.88686223276,107942.08985247576,3914,3461,16983,1752,1595,44323.23916573586,32908.81153471611,11414.427631019755,1762,24.0,19.0,0.04702895221313125,-0.09891155163498754,863.0,1627,-0.98,1.5,-10.658616904500548,-2.5741550460150773,14.265335235378032,14.265335235378032,63,0.4501788451711804,8.407974331813007,55,48,32
LGAPWF2,55593,254513.54457333678,17.97172123187746,244.61192523364485,152332.424026955,102181.12054638179,2789,2313,9042,1297,1075,55880.602470537444,40659.69181701718,15220.910653520272,1410,22.0,18.0,0.038770986275743956,-0.06199167891480051,553.0,1455,-0.988,1.0,-10.683760683760683,-3.0238952506628687,6.7902995720399435,10.683760683760683,64,0.5055575475080674,14.578591544287264,42,80,77
WPWF,55832,251840.13790101354,12.460762409112824,217.5219190041632,137143.08502025087,114697.05288076267,2826,2323,9081,1324,1090,41102.785938992485,23164.269137557138,17938.516801435355,1281,22.0,19.0,-0.006845545333394969,-0.017019747264888373,415.0,1628,-0.989,1.0,-14.04494382022472,-2.8272283058785197,13.766048502139801,14.04494382022472,65,0.45329087048832273,8.196839751435647,70,75,75
HDWF1,85064,244469.909358182,8.15821347844404,88.09220518867909,136936.09809318685,107533.81126499517,3914,3461,16983,1752,1595,36508.87622627039,23248.805965270956,13260.070260999433,1918,24.0,19.0,0.04994571216409649,-0.10343451200909864,835.0,1622,-0.982,1.5,-10.658616904500548,-2.631072999462026,12.239657631954351,12.239657631954351,66,0.49003576903423607,5.9399095465689715,69,48,32
HBESS1,30031,243696.0446477338,13.854498282660895,217.59656652360516,118104.55271755715,125591.49193017663,4204,1212,7546,1670,957,40873.02600735135,21778.73104576672,19094.294961584626,492,24.0,39.0,0.012823151615433221,0.035024674366322624,1018.0,3479,-0.564,1.0,-1.076923076923077,0.8275803544480346,5.612903225806452,5.612903225806452,67,0.1170313986679353,5.18047836483509,74,109,98
LKBONNY3,173965,238794.63604194703,1.548640660929841,12.659000000000004,124954.26656356934,113840.3694783777,5403,8536,23629,2364,2570,12532.638505142146,9333.377005563376,3199.261499578771,2605,24.0,60.0,0.10937693552271828,0.08544038486045043,4273.0,7343,-1.0,1.23,-1.7806267806267806,-0.8496408084277597,0.193,1.7806267806267806,68,0.4821395521006848,1.7274434583681983,100,1,12
GLRWNSF1,75161,237701.66578709325,3.666114159165648,53.167468083140875,120110.97102304765,117590.69476404559,8380,4310,15911,3378,2170,44830.68631048594,22669.729310258565,22160.957000227372,2380,24.0,46.0,0.021467274718480353,0.021944892863527823,127.0,3952,-0.921,0.894,-7.075208913649025,0.784583482895037,7.6415094339622645,7.6415094339622645,69,0.2840095465393795,2.7052182947802583,71,36,49
BNGSF2,55593,224517.90806309046,14.478990911369461,168.9485094339622,109505.49883275597,115012.40923033451,2789,2313,9042,1297,1075,53369.32937453386,29086.87469596012,24282.454678573744,705,22.0,18.0,-0.09484050363099358,-0.02536741117018378,583.0,1455,-0.988,1.0,-10.683760683760683,-3.0239075236132855,6.7902995720399435,10.683760683760683,70,0.2527787737540337,10.4291411602582,58,80,77
MTMILLAR,55593,221446.74356300128,10.61140658424165,170.94308894878702,113033.02730887142,108413.71625412986,2789,2313,9042,1297,1075,39639.78603227996,22221.950696567164,17417.835335712796,1291,22.0,18.0,0.01410379597955824,-0.029979961735831145,267.0,1455,-0.988,1.0,-10.683760683760683,-3.0238952506628687,6.7902995720399435,10.683760683760683,71,0.46288992470419504,7.967712691490557,72,80,77
BNGSF1,55593,219194.995639775,14.49880791066902,251.91999056603774,104462.0915264419,114732.90411333309,2789,2313,9042,1297,1075,51080.304793493706,27726.530630011082,23353.774163482627,647,22.0,18.0,-0.10441051519048059,-0.02627923493581639,526.0,1455,-0.988,1.0,-10.683760683760683,-3.0239075236132855,6.7902995720399435,10.683760683760683,72,0.2319827895302976,9.941387820011144,61,80,77
DUNDWF3,44652,216146.81914419588,5.45282875824234,77.8593401904762,117412.51518010603,98734.30396408985,2712,2785,5652,988,655,19755.102600481026,14044.161663809637,5710.940936671391,1169,24.0,18.0,0.0899961215715594,0.034799935721432515,560.0,1291,-1.0,1.0,-0.5129032258064516,1.0276252632341738,1.4539170506912442,1.4539170506912442,73,0.431047197640118,5.1785256872454415,85,69,108
LGAPWF1,55593,214978.49750766804,16.763654684070143,252.40897009345795,128789.60940696497,86188.88810070307,2789,2313,9042,1297,1075,47680.24100810873,34879.80058936727,12800.440418741466,1390,22.0,18.0,0.03794469648719515,-0.05714315977884857,221.0,1455,-0.988,1.0,-10.683760683760683,-3.0238952506628687,6.7902995720399435,10.683760683760683,74,0.4983865184653998,12.506203151440397,49,80,77
HALLWF2,85812,207022.20395763803,8.976513084201859,206.61291512915128,119807.09369513215,87215.11026250588,3917,3469,16983,1755,1595,35432.58100863967,25922.70609782773,9509.874910811937,1776,24.0,19.0,0.023279645674347045,-0.09018255360653561,534.0,1581,-0.978,1.25,-8.951456310679612,-2.6912130991461276,6.7902995720399435,8.951456310679612,75,0.45340822057697217,6.618000024975167,64,45,32
OAKLAND1,34624,206781.04259743396,10.504496710579533,220.6326987681971,102871.30447302692,103909.73812440703,5122,1520,9749,1976,1186,36674.1686731553,17682.66370516471,18991.504967990593,2237,24.0,43.0,0.0030221653487681713,-0.0016284349824347308,31.0,4067,-0.9847,0.98,-1.385185185185185,0.9453376219314162,6.841726618705035,6.841726618705035,76,0.43674345958609917,3.4522967015159525,80,95,65
GIRGSF,66841,203621.5564765547,3.691522505769693,48.923695767077206,102186.94926438351,101434.60721217118,8067,3774,15663,3254,2135,40734.827802570435,20945.08322260322,19789.744579967217,2005,24.0,46.0,0.002036807478888836,0.01589302145224239,166.0,4156,-1.0,0.881,-9.944289693593314,0.7658935764367184,13.192612137203165,13.192612137203165,77,0.2485434486178257,2.5963906312883624,76,39,50
GLENSF1,66386,196995.40764314285,3.3773359368422513,50.25670207852194,99457.00029965464,97538.40734348822,8037,3723,15521,3238,2107,41394.580626574,21394.574746814626,20000.00587975938,2393,24.0,46.0,0.014946108701831723,0.016807048046002252,54.0,3945,-0.921,0.891,-7.075208913649025,0.786134557603805,7.660377358490567,7.660377358490567,78,0.29774791588901334,2.662010046884985,75,40,51
LADBROK1,163324,190776.87270293158,1.2627983891794237,39.88864599999991,99773.94607591642,91002.92662701517,4956,7961,22277,2203,2408,9024.016438168665,4171.401522874709,4852.614915293955,215,24.0,48.0,0.03537855555284898,0.049928357517705885,5918.0,5082,-1.11,1.0,-3.1766381766381766,-0.7036585511798716,6.944444444444445,6.944444444444445,79,0.0433817594834544,0.8416871515082142,123,7,25
COLEASF1,58566,178647.90228696703,3.0510183601700076,31.35459638488372,94813.73706577609,83834.16522119095,5697,3659,11050,2329,1631,32133.334333595012,18741.992262003827,13391.342071591187,2134,24.0,33.0,0.08929479903421966,-0.013475777572974247,40.0,2070,-0.468,0.341,-3.6509635974304073,-0.4489576407731345,5.34857142857143,5.34857142857143,80,0.3745831139196068,3.2898002917331626,78,42,60
TB2B1,89272,176951.57524994534,2.0640295632694405,56.92308850083687,104250.73589732993,72700.8393526154,1955,4490,8094,814,945,13365.743944148504,10080.645823379647,3285.098120768858,279,22.0,33.0,0.0414893412230919,0.06446906362279618,4484.0,3402,-1.0,1.0,-14.245014245014245,-0.7482489806631952,6.4935064935064934,14.245014245014245,81,0.14271099744245525,5.156340574618746,96,34,93
BALDHWF1,30031,167683.73428106657,5.998377208728957,44.44134248927037,82945.08355249284,84738.6507285737,4204,1212,7546,1670,957,23212.326619229578,11796.945145767448,11415.38147346213,1920,24.0,39.0,0.017244940497648124,0.007329550357175489,149.0,3479,-0.564,1.0,-1.076923076923077,0.8275921117223063,5.612903225806452,5.612903225806452,82,0.45670789724072314,2.8061239642643785,89,109,98
GPWFEST2,6970,166597.94566670927,23.642170708427358,224.63594469610092,88288.69823791092,78309.24742879835,1042,481,2581,362,261,47262.133159667486,37626.46304468597,9635.670114981525,484,23.0,18.0,0.1725528768878698,0.14156468126371152,254.0,1135,-1.0,1.0,0.2966542750929368,1.0648731885307152,1.47926267281106,1.47926267281106,83,0.46449136276391556,36.10984937109978,46,129,132
HILLSTN1,45029,155898.99929918547,3.2196870948210154,36.174418604651166,81192.2413017444,74706.75799744106,5079,2750,9579,2086,1405,24652.64550236282,14348.58448149719,10304.061020865629,1621,24.0,32.0,0.09222941212832456,0.02059729261317053,118.0,2067,-0.453,0.337,-3.6081370449678802,-0.4289508126831601,5.177142857142858,5.177142857142858,84,0.3191573144319748,2.825080622464499,84,73,72
BLUFF1,85049,152537.59103392152,5.578970330143229,101.84609509803917,84562.59791455013,67974.99311937139,3912,3461,16981,1751,1594,25531.069715071593,17914.10391171657,7616.965803355023,1587,24.0,18.0,0.0364446717014995,-0.07431732880517122,199.0,1608,-0.983,1.5,-8.951456310679612,-2.7411757862121293,6.7902995720399435,8.951456310679612,85,0.40567484662576686,4.579269916082968,79,48,45
MCKAY1,30924,151682.53417169728,6.683261094208367,146.222848277897,102961.15641053679,48721.37776116048,4337,1307,7879,1703,998,33917.96930963281,28636.697559463737,5281.271750169075,99,24.0,41.0,0.03449607828510813,0.02139597482086552,344.0,3749,-1.0,1.0,-13.966480446927374,1.6718670568588787,10.183299389002038,13.966480446927374,86,0.022826838828683423,6.602881613895259,60,106,94
GPWFEST1,6970,149630.6758005781,20.698193125499298,229.35468119266054,80220.94717696347,69409.72862361462,1042,481,2581,362,261,41644.75004936366,34259.64188296751,7385.108166396149,420,23.0,18.0,0.2158125088416145,0.1902386171231883,75.0,1135,-1.0,1.0,0.2966542750929368,1.0648731885307152,1.47926267281106,1.47926267281106,87,0.40307101727447214,32.87873501244483,52,129,132
WINTSF1,66386,149011.23448256624,2.5262298647375863,37.23842956120092,75729.56880817979,73281.66567438644,8037,3723,15521,3238,2107,29114.704923762627,14587.318197554556,14527.38672620807,2230,24.0,46.0,0.014783242415454586,0.015407735608793221,29.0,3945,-0.921,0.894,-7.075208913649025,0.7861530860332537,7.6415094339622645,7.6415094339622645,88,0.2774667164364813,1.8150203057800867,83,40,51
SNOWNTH1,10539,141073.64830035804,8.086381899509645,64.82778775189394,72919.90616306459,68153.74213729348,1652,437,4208,857,688,21788.11353196972,12827.493389378262,8960.62014259146,831,22.0,13.0,0.04628517498785986,0.06223610199797608,89.0,1229,-0.998,1.0,-14.124293785310734,-2.235551541398609,2.5534950071326676,14.124293785310734,89,0.5030266343825666,7.764826506887568,86,135,120
WUNUSF1,60197,139172.81658916516,3.0709443970219725,84.11089417177917,70155.30692102981,69017.50966813533,7328,3583,14581,2984,1985,30406.814091432992,16070.87620134425,14335.937890088742,1636,22.0,46.0,0.009198497633776882,0.009590311397251432,75.0,3752,-1.0,0.881,-9.944289693593314,0.7763018809182557,13.192612137203165,13.192612137203165,90,0.2232532751091703,2.1930780842445756,81,44,54
PAREPS1,55593,131863.79501706356,7.60578525939707,138.66208089622626,64120.94205448276,67742.85296258079,2789,2313,9042,1297,1075,27299.55767396098,16058.90735154989,11240.650322411086,648,22.0,18.0,-0.10410180168430468,-0.04187283623156247,130.0,1455,-0.988,1.0,-10.683760683760683,-3.0238952506628687,6.7902995720399435,10.683760683760683,91,0.23234134098243098,5.757944550573643,82,80,77
CATHROCK,55593,125377.87483712212,5.577720995177054,97.0316037735849,63634.010898773544,61743.86393834857,2789,2313,9042,1297,1075,18949.601034209412,9744.592165902464,9205.008868306948,1164,22.0,18.0,0.009574818040846285,-0.023125358360890212,209.0,1455,-0.988,1.0,-10.683760683760683,-3.0238952506628687,6.7902995720399435,10.683760683760683,92,0.41735389028325565,3.4939376715318984,99,80,77
LADBROK2,163324,123791.45938899393,0.8884087426913232,36.62925170068027,65293.07916021228,58498.38022878165,4956,7961,22277,2203,2408,6074.000384045351,3032.509317996606,3041.491066048745,172,24.0,48.0,0.03166271119148392,0.03666814535424548,3161.0,5082,-1.11,1.0,-3.1766381766381766,-0.7036585511798716,6.944444444444445,6.944444444444445,93,0.03470540758676352,0.6118864644868051,126,7,25
SNOWSTH1,10539,119374.45449553912,6.549806262750188,57.01383708333333,60806.49790687782,58567.95658866131,1652,437,4208,857,688,18646.545960823794,10390.209340288155,8256.336620535638,811,22.0,13.0,0.04833423104126472,0.06288487224246586,71.0,1229,-0.998,1.0,-14.124293785310734,-2.235551541398609,2.5534950071326676,14.124293785310734,94,0.49092009685230026,6.289472966276123,93,135,120
GPWFEST3,6970,107968.29550558174,14.769102161612466,231.4216628440367,55680.771440542936,52287.5240650388,1042,481,2581,362,261,25691.957153473064,12791.976004646222,12899.981148826842,336,23.0,18.0,0.09083095168129925,0.07347119056590556,87.0,1135,-1.0,1.0,0.2966542750929368,1.0648731885307152,1.47926267281106,1.47926267281106,95,0.32245681381957775,12.276368526531883,87,129,132
GPWFWST1,3815,107915.34942230364,17.40574489667118,205.34919168591227,55067.71293151645,52847.636490787205,636,317,1592,227,155,28426.874788121735,22052.26439325597,6374.610394865762,261,8.0,18.0,0.14481711392808394,0.13461223705801467,237.0,405,-1.0,1.0,0.2966542750929368,1.1540572505478097,1.47926267281106,1.47926267281106,96,0.41037735849056606,34.67337168750939,73,144,137
RIVNB2,29330,106877.05222741149,5.400951064231947,150.27890792291214,54650.31006670777,52226.74216070373,2933,2008,5303,1269,838,12510.26697496418,5888.558578704493,6621.708396259686,425,17.0,11.0,0.008198455394829775,0.025757556208730003,168.0,746,-0.453,0.337,-3.6081370449678802,-0.3191700851367926,5.177142857142858,5.177142857142858,97,0.14490282986703035,2.0076912985695508,112,92,115
CLEMGPWF,55728,103049.11570044653,5.162778269428998,70.05135536320759,54982.02011615445,48067.095584292096,2806,2319,9039,1315,1091,16004.982392480782,10336.716246428168,5668.266146052614,1191,22.0,18.0,0.006867925299626918,-0.05342185675297795,65.0,1624,-0.993,1.0,-14.04494382022472,-2.9361595457210408,7.083926031294452,14.04494382022472,98,0.42444761225944405,3.6837905368596466,94,79,87
CHYTWF1,29359,98214.96188007912,3.020005890265709,17.987699570815447,47770.82421456498,50444.13766551415,4071,1168,7240,1624,926,14977.473044559214,7339.413381358545,7638.059663200668,1900,24.0,38.0,0.020582476708125498,0.00887643571296494,32.0,2949,-0.564,0.2318,-1.076923076923077,0.7897546204630138,1.6904276985743383,1.6904276985743383,99,0.46671579464505036,1.8028527097417206,104,114,102
DUNDWF2,44652,95561.79104540932,2.3559792849643237,30.09612604081633,51227.71834851842,44334.0726968909,2712,2785,5652,988,655,8639.864503725294,5989.3881799328055,2650.476323792489,1165,24.0,18.0,0.09985363518561281,0.02293043364203142,39.0,1291,-1.0,1.0,-0.5129032258064516,1.0276252632341738,1.4539170506912442,1.4539170506912442,100,0.42957227138643067,2.208476467526846,111,69,108
WKIEWA1,30924,91313.16939458752,2.116344343762338,64.87372881355932,51439.869361433164,39873.30003315435,4337,1307,7879,1703,998,13798.984393701507,6160.123329102554,7638.861064598952,271,24.0,41.0,0.0016342399389857132,0.045959058714400494,429.0,3682,-1.0,1.0,-13.966480446927374,1.6931538025752224,10.183299389002038,13.966480446927374,101,0.06248558911690109,1.4203650747296641,110,106,94
MORTLK11,44992,89057.95397093592,2.09290319579509,128.80369515011546,49451.09974831769,39606.854222618225,2725,2799,5652,993,655,12182.477172689943,9828.980359201909,2353.4968134880323,153,24.0,18.0,0.06700495419835104,0.032034445640866556,534.0,1345,-1.0,1.0,-0.5129032258064516,1.0128053641898278,1.4539170506912442,1.4539170506912442,102,0.05614678899082569,3.606965269431893,97,67,108
RESS1,41738,88230.51350139844,2.1682908456057834,32.73521541740675,48062.82258970302,40167.69091169542,3429,2901,6457,1474,1046,10064.45760399324,5041.098125233141,5023.359478760098,540,17.0,11.0,-0.00850407588668674,0.004826260575498638,142.0,710,-0.453,0.337,-3.6081370449678802,-0.35061335308057184,5.177142857142858,5.177142857142858,103,0.15748031496062992,1.4701365194614002,118,66,107
YWPS3,28886,79911.39396514997,2.499006845872902,54.93875334224597,40811.28615296455,39100.10781218541,4076,1166,7236,1617,927,14471.0488947431,5724.694925883388,8746.35396885971,233,24.0,38.0,-0.006859996651847051,0.07328870361485447,186.0,3166,-1.0,1.0,-12.903225806451614,0.7385266637687079,12.658227848101266,12.903225806451614,104,0.05716388616290481,1.4044884509036772,113,115,103
YWPS4,28886,78555.84771006262,2.0666512194961135,46.9532152639442,41546.5311281072,37009.31658195542,4076,1166,7236,1617,927,14049.964880431973,5347.218768040417,8702.746112391556,248,24.0,38.0,-0.013046095564148904,0.07220252758052387,253.0,3166,-1.0,1.0,-12.903225806451614,0.7385266637687079,12.658227848101266,12.903225806451614,105,0.06084396467124632,1.3118789911777273,114,115,103
BALB1,57384,78518.02989805577,4.154381022929686,240.44665012406944,39561.22253087104,38956.80736718472,6158,3035,11674,2396,1499,13427.819605520532,7120.547978146341,6307.271627374191,407,24.0,44.0,0.0005951005049602809,0.018467539415139615,63.0,4121,-0.9451,1.0,-2.126582278481013,0.9522522228554108,8.014888337468982,8.014888337468982,106,0.06609288730107178,1.1563085381855052,107,63,58
MLB01,5217,69080.36221014874,9.697893330718884,250.0,35880.19227213149,33200.16993801724,676,367,1428,247,149,15058.273521939953,11638.719843856812,3419.5536780831408,68,6.0,18.0,0.11303319740731645,0.0685588833624536,378.0,398,-1.0,1.0,0.8309178743961353,1.1503381274402817,1.4539170506912442,1.4539170506912442,107,0.10059171597633136,17.217041189137294,91,140,139
AGLHAL,85064,66844.44787840976,0.7704459735371745,17.117165950494858,35496.30126295012,31348.14661545964,3914,3461,16983,1752,1595,6771.928012793474,5267.541632168697,1504.386380624777,236,24.0,19.0,0.028380152354723735,-0.014317395858376877,1692.0,1627,-0.98,1.5,-10.658616904500548,-2.574121349296329,14.265335235378032,14.265335235378032,108,0.06029637199795605,1.3458205498642557,115,48,32
MOKOSF1,68517,60662.07736498085,1.2247532592236587,21.865256351039264,30935.830701142953,29726.24666383789,7641,4119,14829,3108,2020,12377.613788466886,6779.517998352446,5598.095790114441,1620,22.0,46.0,0.03410106341342198,0.019181667448701933,3.0,3570,-0.921,0.894,-7.075208913649025,0.7861837620399011,7.6415094339622645,7.6415094339622645,109,0.21201413427561838,0.8872553328559672,109,37,53
VBBL1,2961,59556.6163355903,16.12378006261202,110.15306122448979,30360.37802959853,29196.238305991763,324,24,481,103,41,6846.324288871816,3673.429645950152,3172.894642921665,79,2.0,35.0,0.011501806016782834,-0.014865809516040813,399.0,221,-1.0,1.0,-2.6595744680851063,-0.9440633485158343,0.8148148148148148,2.6595744680851063,110,0.24382716049382716,11.337745820833803,124,183,177
GPWFWST2,3815,58723.02776595169,8.29673381160706,186.62254,29445.744637572345,29277.283128379346,636,317,1592,227,155,15470.621006577094,12658.34431850319,2812.2766880739027,175,8.0,18.0,0.14509787743036348,0.14298008162154455,97.0,405,-1.0,1.0,0.2966542750929368,1.1540572505478097,1.47926267281106,1.47926267281106,111,0.2751572327044025,19.903057104564763,88,144,137
LYA1,2466,58721.91876145773,23.495595448971407,184.15577689243023,38572.506820816154,20149.411940641578,408,127,835,143,91,13461.300804124527,11694.768363831687,1766.5324402928404,154,20.0,7.0,0.11651508636037163,0.1307418504330275,121.0,785,-0.527,1.0,-0.5012820512820513,0.5497732573589973,2.206451612903226,2.206451612903226,112,0.37745098039215685,28.66364795056786,90,153,147
LYA3,2466,57518.254865010575,23.95924981937282,168.7634462151394,37451.829868061075,20066.424996949514,408,127,835,143,91,12706.986012269454,10964.8121267225,1742.173885546954,155,20.0,7.0,0.1339534424453684,0.14018498164761986,62.0,785,-0.527,1.0,-0.5012820512820513,0.5497732573589973,2.206451612903226,2.206451612903226,113,0.3799019607843137,26.874539526280635,92,153,147
LOYYB2,2466,56763.738235324185,31.99997533404263,186.6978540772531,31598.55905630953,25165.17917901466,408,127,835,143,91,14554.859194625362,9756.209177000314,4798.650017625048,159,20.0,7.0,0.1048971948513746,0.08000258081645947,99.0,785,-0.527,1.0,-0.5012820512820513,0.5497732573589973,2.206451612903226,2.206451612903226,114,0.3897058823529412,23.912277394608612,98,153,147
LOYYB1,2466,54803.13679147503,29.768080485969435,195.86410944206,29391.752048117887,25411.384743357143,408,127,835,143,91,14006.533284151785,9127.946343750158,4878.586940401626,169,20.0,7.0,0.1137645437876259,0.08920333264932202,70.0,785,-0.527,1.0,-0.5012820512820513,0.5497732573589973,2.206451612903226,2.206451612903226,115,0.41421568627450983,22.372417509191564,101,153,147
MORTLK12,44992,52873.152579741305,1.5383698700510104,70.19770408163265,25230.500334002416,27642.652245738886,2725,2799,5652,993,655,7277.2103343122,5225.110401231659,2052.0999330805407,92,24.0,18.0,0.050047587203190635,0.030698496375502128,269.0,1345,-1.0,1.0,-0.5129032258064516,1.0128053641898278,1.4539170506912442,1.4539170506912442,116,0.033761467889908255,1.9174717068740033,116,67,108
MREHA3,2654,51546.24765589285,24.216436890115133,158.35922579396328,27719.394730174077,23826.852925718762,633,186,1312,211,128,13479.436175624844,7286.7225048608625,6192.713670763984,135,14.0,7.0,0.05074872487756721,0.0803613610610533,37.0,569,-1.0,0.846,-0.30069930069930073,1.1187078541032704,1.576036866359447,1.576036866359447,117,0.2132701421800948,11.511409960285723,105,149,143
LYA4,2466,50594.864485199265,20.792664618288924,156.5244635193133,31755.044156284177,18839.820328915088,408,127,835,143,91,11705.019668385554,10090.141388275293,1614.8782801102598,137,20.0,7.0,0.09073169575516629,0.1589724686872814,60.0,785,-0.527,1.0,-0.5012820512820513,0.5497732573589973,2.206451612903226,2.206451612903226,118,0.33578431372549017,24.730738696753168,95,153,147
YWPS2,28886,44664.52568312308,1.8017499629218041,50.54979946524062,23570.1505477815,21094.375135341583,4076,1166,7236,1617,927,9556.790123518127,5159.784443221762,4397.0056802963645,211,24.0,38.0,0.0004424067033870144,0.08263833802333692,72.0,3166,-1.0,1.0,-12.903225806451614,0.7385266637687079,12.658227848101266,12.903225806451614,119,0.05176643768400393,1.2658941224783518,117,115,103
DPNTB1,29330,44227.67780296822,1.7085319663828478,27.279455298993486,22517.527798578125,21710.15000439009,2933,2008,5303,1269,838,4930.678193249816,2292.2269873883697,2638.4512058614464,407,17.0,11.0,0.01022945145782544,0.03678411533276514,20.0,746,-0.453,0.337,-3.6081370449678802,-0.3191700851367926,5.177142857142858,5.177142857142858,120,0.13876576883736788,0.7815298286356528,130,92,115
WKIEWA2,27714,43459.519948569054,1.613987446908189,45.50490991375599,26140.754736872328,17318.765211696722,3837,1180,7043,1486,897,5735.525353549555,3602.0486609928985,2133.476692556656,194,22.0,41.0,0.011506203369434035,0.04199006957070031,119.0,3191,-1.0,1.0,-13.966480446927374,1.6509632487262023,10.183299389002038,13.966480446927374,121,0.05056033359395361,0.9387669171209013,125,112,106
LYA2,2466,39201.81564805773,14.030592877924898,143.36264940239042,23765.59899522519,15436.216652832542,408,127,835,143,91,8936.791442059513,7538.953070707126,1397.838371352389,111,20.0,7.0,0.1292662745905892,0.1665002870307702,18.0,785,-0.527,1.0,-0.5012820512820513,0.5497732573589973,2.206451612903226,2.206451612903226,122,0.27205882352941174,18.477826153693936,103,153,147
VBBG1,2961,38599.924489227145,11.765835952309292,83.01287779237842,18403.22679408484,20196.697695142306,324,24,481,103,41,7240.156166530867,4227.990380808845,3012.165785722023,77,2.0,35.0,0.041954686523974404,0.04482872783789744,184.0,221,-1.0,1.0,-0.8148148148148148,0.9440633485158343,2.6595744680851063,2.6595744680851063,123,0.23765432098765432,13.049353027187792,122,183,177
TB2BL1,12356,28840.966690893572,1.4755189806899434,28.082,20205.029901955502,8635.936788938068,224,542,294,106,95,7360.470812080536,7122.885503355705,237.5853087248322,22,4.0,21.0,0.07222215918360582,0.06826357912776458,494.0,513,-1.0,1.0,-2.884338044418806,0.4664027566355702,13.422818791946309,13.422818791946309,124,0.09821428571428571,31.79859599712368,106,127,181
MREHA1,2817,28700.005999975183,16.811243078805575,168.2294745901287,16568.139592302487,12131.866407672696,662,203,1377,228,139,7362.683255996301,4386.247690374026,2976.4355656222765,165,15.0,7.0,0.031400489423147354,0.03953274291730324,7.0,569,-1.0,0.846,-0.30069930069930073,1.1187078541032704,1.576036866359447,1.576036866359447,125,0.24924471299093656,6.625751798148076,121,146,140
DALNTH1,55845,27977.49568733968,1.145420142266826,31.94039735099338,14624.14032320857,13353.355364131112,2826,2323,9084,1324,1093,4648.075295411692,2556.7398965973944,2091.335398814299,452,22.0,19.0,0.017254718662499065,-0.009547728366081948,13.0,1630,-0.989,1.0,-14.04494382022472,-2.8075922659398893,13.766048502139801,14.04494382022472,126,0.1599433828733192,0.9047204163472733,129,75,73
MREHA2,2817,26503.295935735623,15.350470086866597,171.41236837339048,14732.684259220863,11770.61167651476,662,203,1377,228,139,7359.64085980632,4388.899592202698,2970.741267603622,168,15.0,7.0,0.04787419271373641,0.06804730955717406,20.0,569,-1.0,0.846,-0.30069930069930073,1.1187078541032704,1.576036866359447,1.576036866359447,127,0.2537764350453172,6.629757692149091,120,146,140
LVES1,1186,25964.574469031497,38.8237924723759,146.51502145922746,15044.912760471212,10919.661708560283,268,94,461,99,65,5814.7762295135235,4502.400273085732,1312.375956427792,65,14.0,7.0,0.10583905867024465,0.09318052110003716,53.0,586,-0.527,0.83,-0.5012820512820513,0.642977384411183,5.612903225806452,5.612903225806452,128,0.24253731343283583,16.800001018976612,119,177,179
TEMPB1,9388,24650.962204050054,6.424826305248729,160.66168086092716,13887.95434670988,10763.007857340177,1302,444,3765,752,624,5261.38626868976,2897.8246293232273,2363.5616393665327,101,14.0,16.0,-0.016883149570390894,0.05941943518304715,25.0,808,-1.0,1.0,-13.679890560875513,-0.6272773571423353,5.888198757763974,13.679890560875513,129,0.07757296466973887,2.2256717583127705,127,133,125
MANNSF2,21472,23027.697955042186,2.002244935239964,27.679079808709023,11342.143755534355,11685.55419950783,517,890,928,256,246,2717.223734054898,1376.2886669049185,1340.9350671499801,166,23.0,15.0,0.05514156787348677,0.10195907719518567,171.0,1456,-1.0,0.869,-2.2485875706214693,0.5347592491481409,6.289308176100628,6.289308176100628,130,0.32108317214700194,2.662067053974697,137,118,146
FINLYSF1,15703,17436.400596443513,1.2862126726387104,21.915552666666667,7473.359774993027,9963.040821450488,2147,742,4277,818,568,4898.744513152022,1432.0752084518826,3466.6693047001395,204,24.0,25.0,-0.03994628533055483,0.06737695312033541,5.0,1525,-0.678,0.394,-4.218415417558887,-0.5973972578682103,7.74857142857143,7.74857142857143,131,0.09501630181648812,0.667012207010658,135,121,118
TRGBESS1,12429,17312.539968701825,1.1947599861862137,72.59558108282211,8777.852319358402,8534.687649343423,2059,612,3665,811,436,4312.073523604649,2562.7130667668835,1749.3604568377664,60,7.0,30.0,0.059323527384634686,0.061585755651546045,37.0,1287,-0.961,0.959,-1.2085889570552146,0.956517775902014,6.031847133757961,6.031847133757961,132,0.029140359397765905,1.2446396633156307,128,125,126
PIBESS1,30031,16950.320299268165,0.7865515571332106,7.253218884120171,8251.437259419097,8698.883039849068,4204,1212,7546,1670,957,2924.547432057122,1457.320732936066,1467.226699121056,512,24.0,39.0,0.003693105914108303,-0.0025878795437937383,0.0,3479,-0.564,1.0,-1.076923076923077,0.8275921117223063,5.612903225806452,5.612903225806452,133,0.12178877259752617,0.34665098309611464,134,109,98
MWPS2PV1,85064,13622.099166464472,0.7678610559281409,13.024622641509435,6940.069278292078,6682.029888172392,3914,3461,16983,1752,1595,2906.6346604237124,1690.46823451227,1216.166425911442,898,24.0,19.0,-0.12264865730792772,-0.020494235039797016,0.0,1603,-0.98,1.0,-7.666195190947667,-3.9688565082749494,0.169,7.666195190947667,134,0.22943280531425653,0.4319029725376265,133,48,32
AVLSF1,10212,13539.830516561602,7.468857602314512,168.62955032119916,8240.719998999333,5299.110517562268,530,633,804,203,102,1345.4979268839948,990.5989731833438,354.89895370065096,252,15.0,6.0,0.17549103916633754,-0.02075781723951901,35.0,225,-0.484,0.315,-3.372591006423983,-0.5429391016206255,5.531428571428572,5.531428571428572,135,0.47547169811320755,1.8690546663836676,139,124,168
YWPS1,12774,13307.599046602561,1.5589196625531516,48.075304706175274,7544.859120843571,5762.7399257589905,1814,441,3974,723,417,2803.0047137076513,2101.4144976441303,701.5902160635213,60,24.0,30.0,0.018338387333163408,0.08539399448959434,61.0,1969,-1.0,1.0,-12.903225806451614,0.681887177733638,12.658227848101266,12.903225806451614,136,0.03307607497243661,1.158442391204041,131,134,123
MWPS1PV1,85064,12601.384211374518,0.7970907300648808,12.478723150943399,6724.871066236966,5876.513145137553,3914,3461,16983,1752,1595,2795.224568001525,1691.597323317924,1103.6272446836006,885,24.0,19.0,-0.1256411406168652,-0.019103535089392967,2.0,1603,-0.98,1.0,-7.666195190947667,-3.9688565082749494,0.169,7.666195190947667,137,0.2261113949923352,0.43219144693866224,132,48,32
GOESF1,4953,12181.971885054743,2.109362344944149,37.30739030023094,5687.460051004158,6494.511834050585,978,376,1791,397,226,3405.98976501016,906.3592672550817,2499.630497755078,100,11.0,12.0,-0.06213779395460939,-0.06411329708607238,1.0,563,-0.921,0.871,-7.9155672823218985,0.522260855517547,6.068702290076336,7.9155672823218985,138,0.10224948875255624,0.9267477170297359,140,139,136
NPS,7187,11099.644636634112,2.1923293786405855,108.2345360507968,2068.8963366209887,9030.748300013123,1303,343,2611,467,268,2282.3394661884718,375.6618538261736,1906.677612362298,9,24.0,18.0,0.012233255913361319,0.002073472321511656,5.0,1491,-0.794,0.344,-2.2423398328690807,0.5313908859513414,2.785964912280702,2.785964912280702,139,0.006907137375287797,0.28830533678140724,148,141,131
MWPS4PV1,85064,9814.848574841555,0.6730498348794254,14.773584905660378,5386.132282208605,4428.716292632951,3914,3461,16983,1752,1595,2181.248102437862,1424.9035939231399,756.3445085147225,849,24.0,19.0,-0.122367557213528,-0.02183807786114106,1.0,1603,-1.0,1.0,-9.717114568599719,-4.163441560460439,14.084507042253522,14.084507042253522,140,0.21691364333163005,0.3640530388153142,136,48,32
MWPS3PV1,85064,9746.982853742727,0.647647756947191,8.783230188679248,4983.5926958415785,4763.39015790115,3914,3461,16983,1752,1595,2224.030526197791,1358.0942121625396,865.9363140352516,887,24.0,19.0,-0.1203817492759063,-0.021709570363273152,0.0,1603,-0.98,1.0,-7.666195190947667,-3.9688565082749494,0.169,7.666195190947667,141,0.2266223811957077,0.3469837026475574,138,48,32
TB2BG1,12356,9327.832786343455,0.8201569180743387,28.082,5729.242582135064,3598.590204208389,224,542,294,106,95,402.6845637583893,201.34228187919464,201.34228187919464,1,4.0,21.0,0.021623765217617115,0.018709644306972563,207.0,513,-1.0,1.0,-13.422818791946309,-0.4664027566355702,2.884338044418806,13.422818791946309,142,0.004464285714285714,0.8988494726749761,153,127,181
MBPS2PV1,65629,8037.317951093132,0.3347360530045699,8.553453979559237,4179.863524314064,3857.4544267790675,1496,2712,5457,633,603,868.2633215205174,352.6762795067287,515.5870420137887,713,23.0,15.0,0.11636112168313142,0.06414960852400393,73.0,1453,-1.0,0.951,-2.2803030303030303,0.42651985729752934,5.855345911949685,5.855345911949685,143,0.4766042780748663,0.23574617614086144,149,74,114
MAPS2PV1,21529,7624.914158497362,0.6374501453637337,12.094456887436316,3864.4285508364846,3760.485607660877,528,890,931,263,247,969.7771184723058,419.1575253615375,550.6195931107685,169,23.0,15.0,0.03905584413072735,0.09598644854816465,167.0,1483,-1.0,0.736,-2.2485875706214693,0.576391287061403,6.289308176100628,6.289308176100628,144,0.32007575757575757,0.7938589495483666,147,118,145
LANCSF1,12429,7065.999724068477,0.3947285416750501,7.9685816234309605,3176.320560594771,3889.679163473706,2059,612,3665,811,436,1444.826327416532,694.1324301185318,750.6938972980001,147,7.0,30.0,-0.02628490946885779,-0.032031035444431775,9.0,1195,-0.921,0.837,-3.111524163568773,0.713742551959378,5.1499999999999995,5.1499999999999995,145,0.07139388052452647,0.33712114138831073,144,125,126
MANNUMB1,1552,6653.921022911416,11.447073684277873,186.44225806451593,4294.902306476434,2359.0187164349813,154,71,283,64,59,993.1065184715222,869.8958927973043,123.21062567421791,10,15.0,6.0,0.10198061413165853,0.20689198623398672,110.0,791,-1.0,0.869,-1.3787878787878787,0.6009593510620611,6.289308176100628,6.289308176100628,146,0.06493506493506493,5.648674628553924,141,180,183
CRWASF1,15703,6347.70795848457,0.4533517255392301,6.343266333333334,2931.441335300129,3416.266623184441,2147,742,4277,818,568,1848.8497713765123,698.2316397237926,1150.6181316527195,280,24.0,25.0,-0.03825047044784856,0.08583487006504936,0.0,1458,-0.877,0.472,-5.053533190578158,-0.6042094051297666,10.022857142857143,10.022857142857143,147,0.1304145319049837,0.3252126873422415,143,121,118
RESS1L,2877,5510.3183941402685,0.8242261009616347,20.55558139534872,2444.956939003973,3065.3614551362957,324,85,536,114,59,591.1764050501176,253.74229223616416,337.4341128139535,32,2.0,7.0,0.03583796100398343,0.06800984683841113,2.0,117,-0.136,0.453,-5.177142857142858,0.07500915814902125,3.162853297442799,5.177142857142858,148,0.09876543209876543,0.7831552229511239,151,178,175
MINTARO,55845,5322.781005274208,0.2748212878086527,92.20754716981044,2482.1498656519434,2840.6311396222645,2826,2323,9084,1324,1093,400.19349230654086,217.8443333333333,182.34915897320755,5,22.0,19.0,0.01958751582237336,0.017875818436700924,37.0,1630,-1.0,1.0,-14.04494382022472,-2.6073007517864633,12.52,14.04494382022472,149,0.0017692852087756545,0.07708575135645199,152,75,73
MAPS3PV1,21542,5062.763304361879,0.6492469537900081,11.874784658271652,2601.009524539631,2461.753779822248,528,890,934,263,250,594.9582723480958,309.71175538728687,285.2465169608089,140,23.0,15.0,0.055296673497908726,0.08994327901042881,131.0,1519,-1.0,0.742,-2.327683615819209,0.5988744738685307,6.289308176100628,6.289308176100628,150,0.26515151515151514,0.5865752942941039,150,118,144
MRNBESS1,8902,4233.803706529327,0.6976168944336089,6.230042918454935,1864.3916723995983,2369.412034129729,1446,429,1979,600,293,1426.0560213828958,738.3313807531381,687.7246406297579,11,6.0,28.0,-0.02155938356349276,-0.012807928626150725,15.0,1043,-0.564,1.0,-0.26410256410256405,0.8385168953531966,4.201680672268908,4.201680672268908,151,0.007607192254495159,0.5106026146287262,142,138,135
LBBL1,5806,3609.007502078537,1.4743692648485611,20.64,1959.2952526608233,1649.712249417714,224,161,154,78,47,330.58348740027856,179.6288210712929,150.9546663289857,12,2.0,22.0,0.01960586859709804,0.06484013398557799,135.0,562,-1.0,1.0,-0.158,0.883957618160731,1.5973154362416107,1.5973154362416107,152,0.05357142857142857,0.8019143797825575,155,150,184
BULBESL1,3321,3461.7607076191134,1.0546148535923494,13.02325581395349,1664.81048039015,1796.9502272289637,367,38,580,123,57,306.18175068224093,190.7209918861346,115.46075879610633,9,2.0,39.0,-0.010690407818280331,-0.021593130943133563,1.0,253,-0.968,0.845,-9.531645569620252,-1.2104316004886884,1.8518518518518516,9.531645569620252,153,0.02452316076294278,0.5196757272101761,154,181,173
LBBG1,5806,3198.0907740661287,1.3874422211701147,21.782399999999797,1580.9674866534579,1617.1232874126713,224,161,154,78,47,141.46320754716982,64.15,77.31320754716981,5,2.0,22.0,0.0005599016113990263,0.0825563720982449,136.0,562,-1.0,1.0,-1.5973154362416107,-0.7740821733208734,0.158,1.5973154362416107,154,0.022321428571428572,0.2863839285714286,163,150,184
EILDON2,2068,3197.288688242148,4.362917001013128,241.64321974965225,1752.0645262267394,1445.2241620154086,318,112,593,107,69,429.9180744247423,116.79261349036896,313.12546093437334,11,20.0,6.0,-0.03350520061471503,-0.026817304239734413,0.0,607,-0.966,1.0,-6.033519553072626,1.171866923948807,13.908205841446453,13.908205841446453,155,0.03459119496855346,0.36727236946656905,161,174,171
BUNGAMB1,758,3060.6824051565286,8.395223780060137,225.1862873467444,841.4731182795698,2219.2092868769587,156,5,396,64,43,186.8279569892473,143.48387096774192,43.34408602150537,2,7.0,5.0,0.045110065650290694,0.19281654529622946,5.0,187,-0.979,0.853,-9.410150891632373,-2.015451616103443,1.496437054631829,9.410150891632373,156,0.01282051282051282,0.9197684036393713,158,201,180
LNGS1,7202,3004.0116999018055,0.3929924470677371,38.9308510638297,901.2295832456809,2102.782116656125,1311,343,2612,469,269,476.1385390008355,14.973404255319148,461.1651347455164,1,24.0,18.0,-0.0467217555425404,-0.06693180166500158,4.0,1609,-0.996,0.704,-2.2423398328690807,0.7106296637079025,2.785964912280702,2.785964912280702,157,0.0007627765064836003,0.011421360988039014,170,141,129
EILDON1,2068,2459.3618307535326,2.950394145114101,241.64321974965225,1010.0994599176835,1449.2623708358492,318,112,593,107,69,406.2861459041829,123.0231594325981,283.2629864715848,10,20.0,6.0,-0.07199268587807803,-0.027595885845461517,1.0,607,-0.966,1.0,-6.033519553072626,1.171866923948807,13.908205841446453,13.908205841446453,158,0.031446540880503145,0.38686528123458525,160,174,171
ANGAST1,11146,1867.1232664291624,0.39791769555335343,48.53273137697517,717.369621968197,1149.7536444609655,1763,480,4381,918,727,121.6426294817763,56.20112539835441,65.44150408342189,7,22.0,17.0,0.018657276515033294,0.007748873037990356,4.0,1665,-1.0,1.0,-14.084507042253522,0.4302118919952744,9.397163120567377,14.084507042253522,159,0.003970504821327283,0.0318781199083122,165,132,117
LNGS2,7202,1836.0203327982917,0.32447844126159164,69.47659574468064,141.25393218783523,1694.7664006104562,1311,343,2612,469,269,14.810748164893607,14.810748164893607,0.0,2,24.0,18.0,0.022637771737599052,0.04737698054178971,2.0,1609,-0.996,0.704,-2.2423398328690807,0.7106296637079025,2.785964912280702,2.785964912280702,160,0.0015255530129672007,0.01129729074362594,171,141,129
AGLSOM,4800,1806.8498973503938,0.4789664150508285,44.270462633451956,1130.3002581401672,676.5496392102265,759,189,1363,288,163,815.6510631185172,501.90100558159764,313.7500575369197,13,22.0,16.0,0.019522948876276102,-0.051045352128986296,0.0,1020,-0.794,0.2318,-2.2423398328690807,0.4351200474047358,2.785964912280702,2.785964912280702,161,0.017127799736495388,0.6612661470113276,145,148,142
CUSF1,4,1133.1073445396144,283.2768361349036,460.59491874732333,880.9968173447537,252.11052719486074,1,0,1,1,1,469.2077087794433,469.2077087794433,0.0,1,1.0,1.0,,,3.0,43,-0.912,0.498,-5.331905781584583,-3.236336828903086,9.029702970297029,9.029702970297029,162,1.0,469.2077087794433,146,206,208
PPCCGT,126,1008.6460379637836,34.57261873465798,141.577696875,399.31159981864516,609.3344381451384,13,8,4,7,2,149.18454616338047,149.18454616338047,0.0,10,5.0,5.0,0.4693615871104067,-0.06476540450977558,6.0,843,0.0907,1.5,-1.5,-0.9472997521620244,1.4166666666666665,1.5,163,0.7692307692307693,11.475734320260036,156,185,192
BULBESG1,3321,893.6914223229877,0.1535544724632155,0.0,525.8061358144505,367.8852865085373,367,38,580,123,57,133.99596801536555,31.91090466397182,102.08506335139371,5,2.0,39.0,-0.0167727244810844,0.0256661211422505,1.0,253,-0.845,0.968,-1.8518518518518516,1.2104316004886884,9.531645569620252,9.531645569620252,164,0.013623978201634877,0.08695069390728016,168,181,173
RESS1G,2877,860.2426771254163,0.15816811775639456,3.3043641208934105,570.1586157280811,290.0840613973352,324,85,536,114,59,146.16141378027686,135.81461968645908,10.346794093817804,18,2.0,7.0,0.06312163201726106,0.10955384862553277,0.0,117,-0.453,0.136,-3.162853297442799,-0.07500915814902125,5.177142857142858,5.177142857142858,165,0.05555555555555555,0.419180924958207,159,178,175
JLB03,2466,678.8265269933729,0.2901521667153465,11.193969555035123,445.79840569360704,233.02812129976584,408,127,835,143,91,102.6076760177388,51.23325526932085,51.37442074841796,6,20.0,7.0,0.005395024310813756,-0.02692803071148295,0.0,785,-0.527,1.0,-0.5012820512820513,0.5828219799613668,5.6,5.6,166,0.014705882352941176,0.12557170409147267,166,153,147
WLWLSF2,4,509.6864100642399,127.42160251605998,290.59972275160595,203.22227730192728,306.46413276231266,1,0,1,1,1,306.16381156316913,0.0,306.16381156316913,0,1.0,1.0,,,1.0,120,-0.981,0.51,-5.460385438972163,-1.710230998794991,11.211428571428572,11.211428571428572,167,0.0,0.0,183,206,208
JLB01,2466,458.1282030858538,0.21728309502188017,11.353629976580796,312.5385708737356,145.5896322121182,408,127,835,143,91,32.18031914893617,15.042553191489363,17.13776595744681,2,20.0,7.0,-0.025817538406973525,-0.035353928850904624,0.0,785,-0.527,1.0,-0.5012820512820513,0.5828219799613668,5.6,5.6,168,0.004901960784313725,0.036869002920317064,169,153,147
SNUG1,168206,434.4817101,0.0026534924195704213,0.0,155.20709375,279.27461635,5084,8162,22515,2248,2425,0.0,0.0,0.0,0,24.0,51.0,0.009287982878587793,0.00960758943772442,17.0,6910,-2.09,2.01,-2.09,-1.1332756204662284,0.193,2.09,169,0.0,0.0,183,4,16
CGBESS01,2869,417.21627602150534,0.7879017834705964,55.73924731182795,197.09775161290318,220.1185244086021,124,154,747,57,47,0.0,0.0,0.0,0,6.0,5.0,-0.014149659166183005,0.03976127560088291,2.0,248,-0.981,1.0,-8.19672131147541,-2.0126011704229696,3.125,8.19672131147541,170,0.0,0.0,183,152,170
JLB02,2466,408.65309969256066,0.2057037564680047,16.143882978723415,228.0270007905227,180.62609890203797,408,127,835,143,91,37.37236533957846,0.0,37.37236533957846,0,20.0,7.0,0.004141196087601219,-0.027420661870633453,0.0,785,-0.527,1.0,-0.5012820512820513,0.5828219799613668,5.6,5.6,171,0.0,0.0,183,153,147
SNAPPER1,126,406.2426662704894,2.403088477849192,16.017259978425024,203.669375310687,202.57329095980234,13,8,4,7,2,59.01079028956493,59.01079028956493,0.0,6,5.0,5.0,0.45615216300953676,-0.10013114905706996,0.0,503,0.0907,1.5,-1.5,-0.6647588291701523,1.4166666666666665,1.5,172,0.46153846153846156,4.539291560735764,164,185,192
JLA03,2466,393.86175195575265,0.16309922586375503,11.353629976580798,243.67715755643033,150.18459439932235,408,127,835,143,91,46.341154267776176,11.281914893617023,35.059239374159155,3,20.0,7.0,-0.08870500930684674,-0.09664271873077396,0.0,785,-0.527,1.0,-0.5012820512820513,0.5828219799613668,5.6,5.6,173,0.007352941176470588,0.0276517521902378,173,153,147
HUMEV,27869,386.7097696592819,0.014007060605180168,0.22318706697459573,339.5252128718258,47.184556787456124,1921,1831,3974,702,498,6.033445903975672,4.408167893686053,1.6252780102896176,9,24.0,11.0,-0.0028522256344853487,-0.02518813162238745,6.0,1197,-1.0,1.0,-3.4857142857142858,1.2327522452727395,12.285012285012286,12.285012285012286,174,0.004685059864653826,0.002294725608373791,179,94,123
JLA02,2466,378.33354925507,0.18060108572842729,8.058510638297873,241.5231887488166,136.81036050625343,408,127,835,143,91,80.73168194728188,35.45744680851064,45.27423513877124,5,20.0,7.0,-0.04422599106472912,-0.06364368855748091,0.0,785,-0.527,1.0,-0.5012820512820513,0.5828219799613668,5.6,5.6,175,0.012254901960784314,0.0869055068836045,167,153,147
WLWLSF1,4,362.17409743040685,90.54352435760171,187.08746354389717,191.12752355460375,171.04657387580312,1,0,1,1,1,170.22751605995725,0.0,170.22751605995725,0,1.0,1.0,,,0.0,120,-0.981,0.51,-5.460385438972163,-1.710230998794991,11.211428571428572,11.211428571428572,176,0.0,0.0,183,206,208
WAGGNSF1,4,343.29031156316915,85.82257789079229,144.85610934154175,183.93793201284797,159.3523795503212,1,0,1,1,1,145.11867398286938,145.11867398286938,0.0,1,1.0,1.0,,,0.0,76,-0.485,0.285,-3.051391862955032,-1.5312396619739639,5.542857142857143,5.542857142857143,177,1.0,145.11867398286938,157,206,208
BOLIVPS1,126,326.11158214786076,2.900597266012281,9.06148867313916,191.2368842896142,134.87469785824655,13,8,4,7,2,57.02642564450971,0.0,57.02642564450971,0,4.0,5.0,-0.45873556529560544,0.17503434752678051,1.0,301,-0.999,0.296,-1.2645569620253163,-0.3274794504922809,2.242424242424242,2.242424242424242,178,0.0,0.0,183,185,192
JLA01,2466,283.5174024615078,0.15283807571283947,11.819148936170214,174.14498106532463,109.37242139618319,408,127,835,143,91,12.08776595744681,11.281914893617023,0.8058510638297873,3,20.0,7.0,-0.0352747148207676,-0.04726931195441954,0.0,785,-0.527,1.0,-0.5012820512820513,0.5828219799613668,5.6,5.6,179,0.007352941176470588,0.0276517521902378,173,153,147
ADPBA1,126,188.94537018914224,1.3218475324182888,4.681865284974093,97.34899683031719,91.59637335882503,13,8,4,7,2,18.24710847406758,7.988279088485337,10.258829385582246,2,4.0,5.0,0.0729208253515807,0.14542981055869017,0.0,321,-0.98,-0.544,-7.424242424242424,-1.4761694298040922,-0.6480836236933799,7.424242424242424,180,0.15384615384615385,0.6144830068065643,175,185,192
PTSTAN1,126,154.33546578238344,1.2248846490665353,30.439378238341973,92.38742201036271,61.94804377202074,13,8,4,7,2,0.0,0.0,0.0,0,4.0,5.0,-0.1223272284043856,0.1827166196419937,0.0,321,-0.992,-0.559,-7.515151515151515,-1.5065829586608221,-0.6631823461091754,7.515151515151515,181,0.0,0.0,183,185,192
JUNEESF1,4,154.20175214132763,38.55043803533191,79.06423161134903,79.90566970021413,74.29608244111348,1,0,1,1,1,79.90566970021413,79.90566970021413,0.0,1,1.0,1.0,,,0.0,76,-0.485,0.285,-3.051391862955032,-1.5312396619739639,5.542857142857143,5.542857142857143,182,1.0,79.90566970021413,162,206,208
HVWWBA1,126,86.93215649162173,0.6057473051834497,3.0424870466321243,42.15043665177752,44.7817198398442,13,8,4,7,2,9.594313811148368,4.636461704422869,4.957852106725499,2,4.0,5.0,0.02038375636533309,0.06375591769711568,0.0,321,-0.991,-0.527,-7.507575757575757,-1.4628728852512864,-0.6364692218350756,7.507575757575757,183,0.15384615384615385,0.3566509003402207,176,185,192
JLA04,2466,80.89461358313818,0.02308636232395496,7.096018735362998,26.96487119437939,53.92974238875878,408,127,835,143,91,0.0,0.0,0.0,0,20.0,7.0,-0.058912010928762,-0.0992205463573376,0.0,785,-0.527,1.0,-0.5012820512820513,0.5828219799613668,5.6,5.6,184,0.0,0.0,183,153,147
STARHLWF,126,76.97966749118909,0.5047424918567931,5.969660352331606,11.085850249959318,65.89381724122977,13,8,4,7,2,5.1840428415097435,4.553513096373895,0.6305297451358491,8,4.0,5.0,0.18930305755917526,0.026662158927000877,0.0,321,-1.0,-0.569,-7.575757575757575,-1.5269074912189418,-0.6736353077816493,7.575757575757575,185,0.6153846153846154,0.35027023818260733,177,185,192
ADPPV1,126,72.67084226812246,0.5359888003821307,2.154521682847897,43.58274085093673,29.088101417185722,13,8,4,7,2,16.79314629657282,14.45531831729821,2.3378279792746115,8,4.0,5.0,0.4201056233328997,0.04329830657891021,0.0,321,-0.98,-0.544,-7.424242424242424,-1.4761694298040922,-0.6480836236933799,7.424242424242424,186,0.6153846153846154,1.111947562869093,172,185,192
VPGS5,2466,65.14127695550351,0.011123851939122867,0.0,0.0,65.14127695550351,408,127,835,143,91,53.07804510538642,0.0,53.07804510538642,0,20.0,7.0,-0.1900571502914021,-0.0370863874388888,0.0,785,-0.527,1.0,-0.5012820512820513,0.5497732573589973,2.206451612903226,2.206451612903226,187,0.0,0.0,183,153,147
CBWWBA1,126,46.36880025334314,0.3225007154537211,1.6020725388601038,24.907682469683525,21.461117783659613,13,8,4,7,2,4.189656431947519,2.1067961165048543,2.082860315442664,2,4.0,5.0,-0.013926401894032056,0.039218504769606304,0.0,321,-0.992,-0.559,-7.515151515151515,-1.5065829586608221,-0.6631823461091754,7.515151515151515,188,0.15384615384615385,0.16206123973114264,180,185,192
HVWWPV1,126,30.531393212398278,0.2240167274940604,1.046418652849741,14.233698222709897,16.297694989688377,13,8,4,7,2,4.798678489905312,4.537880962643153,0.2607975272621583,7,4.0,5.0,0.3056319883904173,0.07726598901325443,0.0,321,-0.991,-0.527,-7.507575757575757,-1.4628728852512864,-0.6364692218350756,7.507575757575757,189,0.5384615384615384,0.34906776635716563,178,185,192
BLOWERNG,4,23.11991434689507,5.779978586723767,19.6519271948608,23.11991434689507,0.0,1,0,1,1,1,0.0,0.0,0.0,0,1.0,1.0,,,0.0,76,-0.311,0.183,-1.9593147751605995,-0.9935016914477743,3.5542857142857147,3.5542857142857147,190,0.0,0.0,183,206,208
BDL02,2466,21.206202365308805,0.010603101182654402,0.0,0.0,21.206202365308805,408,127,835,143,91,0.0,0.0,0.0,0,20.0,7.0,-0.0871073988475201,-0.1169878891555234,0.0,785,-0.527,1.0,-0.5012820512820513,0.5828980165198361,5.612903225806452,5.612903225806452,191,0.0,0.0,183,153,147
BOMENSF1,4,19.58450428265526,4.896126070663815,8.166635331905779,0.0,19.58450428265526,1,0,1,1,1,8.599371520342606,0.0,8.599371520342606,0,1.0,1.0,,,0.0,76,-0.485,0.285,-3.051391862955032,-1.5312396619739639,5.542857142857143,5.542857142857143,192,0.0,0.0,183,206,208
BOWWBA1,126,13.645285976424976,0.09990423527329961,0.43523316062176165,5.86362381295728,7.781662163467697,13,8,4,7,2,0.7736600261529584,0.43149946062567424,0.3421605655272841,2,4.0,5.0,0.03291034291524744,0.01741148378873154,0.0,301,-1.0,0.296,-1.2658227848101264,-0.32794110848401975,2.242424242424242,2.242424242424242,193,0.15384615384615385,0.03319226620197494,181,185,192
POR01,55593,8.55,0.00014541754371090167,0.0,8.55,0.0,2789,2313,9042,1297,1075,0.0,0.0,0.0,0,22.0,18.0,-0.00265116062085774,0.01229859594574462,0.0,1455,-0.988,1.0,-10.683760683760683,-3.0238952506628687,6.7902995720399435,10.683760683760683,194,0.0,0.0,183,80,77
BOWWPV1,126,7.268327074389345,0.049707269825276665,0.2982310880829015,1.9659533819108996,5.302373692478445,13,8,4,7,2,0.3223672955239243,0.1358916478555305,0.1864756476683938,1,4.0,5.0,0.27974861195243994,0.10756106671539986,0.0,301,-1.0,0.296,-1.2658227848101264,-0.32794110848401975,2.242424242424242,2.242424242424242,195,0.07692307692307693,0.010453203681194654,182,185,192
POR03,55593,6.726,7.075595069137505e-05,0.0,6.726,0.0,2789,2313,9042,1297,1075,0.0,0.0,0.0,0,22.0,18.0,-0.00037664548101243165,0.020937391449775744,0.0,1455,-0.988,1.0,-10.683760683760683,-3.0238952506628687,6.7902995720399435,10.683760683760683,196,0.0,0.0,183,80,77
LONSDALE,126,3.8763957336343116,0.030765045505034217,1.9381978668171558,1.9381978668171558,1.9381978668171558,13,8,4,7,2,0.0,0.0,0.0,0,4.0,5.0,-0.2548235957188127,-0.1019294382875251,0.0,321,-0.992,-0.559,-7.515151515151515,-1.5065829586608221,-0.6631823461091754,7.515151515151515,197,0.0,0.0,183,185,192
WSTWYSF1,4,2.9337912205567527,0.7334478051391882,1.0079784796574003,2.305357066381159,0.6284341541755931,1,0,1,1,1,0.6284341541755931,0.0,0.6284341541755931,0,1.0,1.0,,,0.0,76,-0.485,0.285,-3.051391862955032,-1.5312396619739639,5.542857142857143,5.542857142857143,198,0.0,0.0,183,206,208
WYASF1,4,1.727667558886506,0.4319168897216265,0.5935857334047006,1.3575947537473236,0.3700728051391824,1,0,1,1,1,0.3700728051391824,0.0,0.3700728051391824,0,1.0,1.0,,,0.0,76,-0.485,0.285,-3.051391862955032,-1.5312396619739639,5.542857142857143,5.542857142857143,199,0.0,0.0,183,206,208
GUTHEGA,4,0.0,0.0,0.0,0.0,0.0,1,0,1,1,1,0.0,0.0,0.0,0,1.0,1.0,,,0.0,76,0.0733,1.0,-10.706638115631693,-2.1310917019293703,1.0026917900403767,10.706638115631693,200,0.0,0.0,183,206,208
BDL01,2466,0.0,0.0,0.0,0.0,0.0,408,127,835,143,91,0.0,0.0,0.0,0,20.0,7.0,,,0.0,785,-0.527,1.0,-0.5012820512820513,0.5828980165198361,5.612903225806452,5.612903225806452,200,0.0,0.0,183,153,147
DRYCGT1,122,0.0,0.0,0.0,0.0,0.0,13,8,4,7,2,0.0,0.0,0.0,0,4.0,5.0,,,0.0,250,-0.207,-0.0744,-1.5681818181818181,-0.2806145885766128,-0.0802588996763754,1.5681818181818181,200,0.0,0.0,183,185,192
DRYCGT2,122,0.0,0.0,0.0,0.0,0.0,13,8,4,7,2,0.0,0.0,0.0,0,4.0,5.0,,,0.0,250,-0.207,-0.0744,-1.5681818181818181,-0.2806145885766128,-0.0802588996763754,1.5681818181818181,200,0.0,0.0,183,185,192
HBESSL1,756,0.0,,,0.0,0.0,51,1,69,14,8,0.0,0.0,0.0,0,,,,,,8,-0.752,0.432,-1.0112994350282487,-0.7929639006650971,-0.26861702127659576,1.0112994350282487,200,0.0,0.0,183,202,186
HBESSG1,756,0.0,,,0.0,0.0,51,1,69,14,8,0.0,0.0,0.0,0,,,,,,8,-0.432,0.752,0.26861702127659576,0.7929639006650971,1.0112994350282487,1.0112994350282487,200,0.0,0.0,183,202,186
HPRG1,120,0.0,0.0,0.0,0.0,0.0,27,0,38,6,6,0.0,0.0,0.0,0,1.0,1.0,,,0.0,40,-0.42,0.845,-7.019230769230769,-3.561446376032939,-0.6564551422319475,7.019230769230769,200,0.0,0.0,183,206,190
HUMENSW,4,0.0,0.0,0.0,0.0,0.0,1,0,1,1,1,0.0,0.0,0.0,0,1.0,1.0,,,0.0,76,-1.0,0.521,-5.578158458244112,-2.610141028128452,11.428571428571429,11.428571428571429,200,0.0,0.0,183,206,208
DRYCGT3,122,0.0,0.0,0.0,0.0,0.0,13,8,4,7,2,0.0,0.0,0.0,0,4.0,5.0,,,0.0,250,-0.207,-0.0744,-1.5681818181818181,-0.2806145885766128,-0.0802588996763754,1.5681818181818181,200,0.0,0.0,183,185,192
LGAPBS1,14941,0.0,0.0,0.0,0.0,0.0,518,658,3140,238,228,0.0,0.0,0.0,0,9.0,16.0,,,0.0,500,-0.97,1.0,-9.803921568627452,-2.9700076102305393,5.928571428571428,9.803921568627452,200,0.0,0.0,183,123,128
HPRL1,120,0.0,0.0,0.0,0.0,0.0,27,0,38,6,6,0.0,0.0,0.0,0,1.0,1.0,,,0.0,40,-0.845,0.42,0.6564551422319475,3.561446376032939,7.019230769230769,7.019230769230769,200,0.0,0.0,183,206,190
UPPTUMUT,4,0.0,0.0,0.0,0.0,0.0,1,0,1,1,1,0.0,0.0,0.0,0,1.0,1.0,,,0.0,82,-0.598,0.0785,-1.2254098360655739,-0.9812352192651527,0.7633832976445397,1.2254098360655739,200,0.0,0.0,183,206,208
SEBSF1,4,0.0,0.0,0.0,0.0,0.0,1,0,1,1,1,0.0,0.0,0.0,0,1.0,1.0,,,0.0,76,-0.485,0.285,-3.051391862955032,-1.5312396619739639,5.542857142857143,5.542857142857143,200,0.0,0.0,183,206,208
PIBESSL1,756,0.0,,,0.0,0.0,51,1,69,14,8,0.0,0.0,0.0,0,,,,,,8,-0.752,0.432,-1.0112994350282487,-0.7929639006650971,-0.26861702127659576,1.0112994350282487,200,0.0,0.0,183,202,186
PIBESSG1,756,0.0,,,0.0,0.0,51,1,69,14,8,0.0,0.0,0.0,0,,,,,,8,-0.432,0.752,0.26861702127659576,0.7929639006650971,1.0112994350282487,1.0112994350282487,200,0.0,0.0,183,202,186
PLBESS1,1344,0.0,0.0,0.0,0.0,0.0,326,96,768,106,63,0.0,0.0,0.0,0,2.0,4.0,,,0.0,103,-0.836,0.837,-2.936802973977695,0.6701798716442916,5.231249999999999,5.231249999999999,200,0.0,0.0,183,176,169
VPGS6,2466,0.0,0.0,0.0,0.0,0.0,408,127,835,143,91,0.0,0.0,0.0,0,20.0,7.0,,,0.0,785,-0.527,1.0,-0.5012820512820513,0.5497732573589973,2.206451612903226,2.206451612903226,200,0.0,0.0,183,153,147
URANQ11,4,0.0,0.0,0.0,0.0,0.0,1,0,1,1,1,0.0,0.0,0.0,0,1.0,1.0,,,0.0,143,-0.509,0.302,-3.233404710920771,-1.3429899472052964,5.817142857142858,5.817142857142858,200,0.0,0.0,183,206,208
VPGS2,2466,0.0,0.0,0.0,0.0,0.0,408,127,835,143,91,0.0,0.0,0.0,0,20.0,7.0,,,0.0,785,-0.527,1.0,-0.5012820512820513,0.5497732573589973,2.206451612903226,2.206451612903226,200,0.0,0.0,183,153,147
VPGS3,2466,0.0,0.0,0.0,0.0,0.0,408,127,835,143,91,0.0,0.0,0.0,0,20.0,7.0,,,0.0,785,-0.527,1.0,-0.5012820512820513,0.5497732573589973,2.206451612903226,2.206451612903226,200,0.0,0.0,183,153,147
VPGS4,2466,0.0,0.0,0.0,0.0,0.0,408,127,835,143,91,0.0,0.0,0.0,0,20.0,7.0,,,0.0,785,-0.527,1.0,-0.5012820512820513,0.5497732573589973,2.206451612903226,2.206451612903226,200,0.0,0.0,183,153,147
URANQ14,4,0.0,0.0,0.0,0.0,0.0,1,0,1,1,1,0.0,0.0,0.0,0,1.0,1.0,,,0.0,143,-0.509,0.302,-3.233404710920771,-1.3429899472052964,5.817142857142858,5.817142857142858,200,0.0,0.0,183,206,208
URANQ13,4,0.0,0.0,0.0,0.0,0.0,1,0,1,1,1,0.0,0.0,0.0,0,1.0,1.0,,,0.0,143,-0.509,0.302,-3.233404710920771,-1.3429899472052964,5.817142857142858,5.817142857142858,200,0.0,0.0,183,206,208
URANQ12,4,0.0,0.0,0.0,0.0,0.0,1,0,1,1,1,0.0,0.0,0.0,0,1.0,1.0,,,0.0,143,-0.509,0.302,-3.233404710920771,-1.3429899472052964,5.817142857142858,5.817142857142858,200,0.0,0.0,183,206,208
VPGS1,2466,0.0,0.0,0.0,0.0,0.0,408,127,835,143,91,0.0,0.0,0.0,0,20.0,7.0,,,0.0,785,-0.527,1.0,-0.5012820512820513,0.5497732573589973,2.206451612903226,2.206451612903226,200,0.0,0.0,183,153,147
